1  393
2212  0  0  2510  2510  0.93827  0  0  0  0
2212  0  0  -2510  2510  0.93827  0  0  0  0
113  0.492549  -0.325332  18.2469  18.2958  1.19929  0  0  0  0
2212  -0.387964  0.0456706  4.88209  4.98675  0.93827  0  0  0  0
-2212  0.573921  0.175582  9.55356  9.61827  0.93827  0  0  0  0
223  0.62382  -0.0571893  2.55341  2.74184  0.778047  0  0  0  0
111  2.72487  0.576007  1.94253  3.39828  0.13498  0  0  0  0
111  1.61067  1.77406  43.6322  43.6982  0.13498  0  0  0  0
-211  0.106657  0.118367  6.02889  6.03261  0.13957  0  0  0  0
213  0.861067  0.870128  23.1152  23.1636  0.860812  0  0  0  0
-213  0.409158  0.0728521  10.0709  10.1032  0.693385  0  0  0  0
111  -0.192969  -0.137726  0.0873247  0.286445  0.13498  0  0  0  0
2224  0.0899313  0.226603  1.5149  2.00806  1.29536  0  0  0  0
111  0.234335  0.220583  -0.351191  0.495101  0.13498  0  0  0  0
-2212  -0.163295  -0.3829  -0.422431  1.10999  0.93827  0  0  0  0
-211  0.663945  0.570403  -12.054  12.0865  0.13957  0  0  0  0
113  0.236865  0.0375903  -4.86591  4.93671  0.797851  0  0  0  0
211  0.513527  0.604075  17.7682  17.7864  0.13957  0  0  0  0
-213  -0.994986  -0.114376  27.9775  28.0224  1.23103  0  0  0  0
111  0.391231  0.454094  14.1076  14.121  0.13498  0  0  0  0
211  -0.0150852  0.0360883  2.75472  2.75853  0.13957  0  0  0  0
-211  0.0603506  0.406064  1.00176  1.09157  0.13957  0  0  0  0
111  0.0307746  -0.431039  0.850354  0.963361  0.13498  0  0  0  0
211  -0.0385105  0.21017  0.779816  0.820516  0.13957  0  0  0  0
111  0.203031  -0.401716  0.132148  0.48814  0.13498  0  0  0  0
223  -0.344657  -0.0121404  -0.15995  0.86924  0.781702  0  0  0  0
221  0.511792  -0.140718  -2.14362  2.2753  0.54785  0  0  0  0
-211  -0.579805  0.0977018  0.471645  0.766582  0.13957  0  0  0  0
211  0.126351  0.207822  -0.726246  0.778504  0.13957  0  0  0  0
-211  0.150103  0.185535  -0.694021  0.747061  0.13957  0  0  0  0
211  -0.39718  -0.0457275  -0.364715  0.558873  0.13957  0  0  0  0
-213  -0.113389  -0.0251034  -11.6803  11.7004  0.675507  0  0  0  0
321  0.137147  -0.775534  -12.4428  12.4775  0.49368  0  0  0  0
-311  -0.553362  -0.407173  -24.8163  24.8308  0.49761  0  0  0  0
223  -0.13253  -0.553883  22.1113  22.1326  0.784415  0  0  0  0
221  0.181713  0.105156  8.79897  8.81851  0.54785  0  0  0  0
213  -0.348205  -0.146824  6.96569  7.02211  0.803958  0  0  0  0
223  -0.241078  -1.10135  15.3413  15.4026  0.782696  0  0  0  0
-211  -0.0871471  -0.0871808  0.477859  0.512859  0.13957  0  0  0  0
111  -0.00187644  -0.207794  2.00685  2.02209  0.13498  0  0  0  0
223  0.299668  -1.48227  9.95533  10.0976  0.751691  0  0  0  0
111  0.121748  -0.347067  11.2681  11.2749  0.13498  0  0  0  0
2214  -0.0432715  -2.35762  9.92872  10.2732  1.18239  0  0  0  0
223  0.706877  0.323347  2.71188  2.93058  0.793587  0  0  0  0
-2212  -0.168601  -0.89979  0.767172  1.51887  0.93827  0  0  0  0
211  0.919945  0.333704  -0.554295  1.1333  0.13957  0  0  0  0
111  -0.0518664  -0.0614003  0.0010911  0.157102  0.13498  0  0  0  0
-213  0.639808  -0.403134  -1.08108  1.49894  0.711488  0  0  0  0
2224  0.0136963  0.0181307  -1.24991  1.88026  1.40449  0  0  0  0
-2214  0.143548  -0.631108  -6.52881  6.66409  1.16873  0  0  0  0
311  0.815094  -0.183759  -7.48108  7.54402  0.49761  0  0  0  0
-313  1.30983  -0.600556  -8.28844  8.45218  0.815392  0  0  0  0
223  0.243244  1.06657  -5.7375  5.89382  0.788359  0  0  0  0
111  0.235576  0.17919  -3.88093  3.89454  0.13498  0  0  0  0
111  -0.152543  0.604703  -3.30444  3.36548  0.13498  0  0  0  0
-211  0.438409  0.110268  -7.00783  7.02378  0.13957  0  0  0  0
221  0.322966  0.745935  -5.5259  5.61217  0.54785  0  0  0  0
111  0.324697  1.22439  -4.092  4.2857  0.13498  0  0  0  0
113  -0.0552207  1.49249  -1.68151  2.38169  0.783841  0  0  0  0
113  0.696202  0.303682  -1.62845  1.96696  0.800092  0  0  0  0
111  -0.127456  0.424468  -0.342379  0.576074  0.13498  0  0  0  0
111  -0.114132  0.491733  -0.137481  0.540323  0.13498  0  0  0  0
2212  0.544663  1.58095  -1.47726  2.42048  0.93827  0  0  0  0
223  0.626313  1.28073  -0.126797  1.63849  0.797519  0  0  0  0
-2212  0.0237408  0.417071  -0.203546  1.04704  0.93827  0  0  0  0
211  0.513541  0.3592  3.6717  3.72741  0.13957  0  0  0  0
-411  0.474122  -0.223524  11.1034  11.2719  1.86962  0  0  0  0
421  -1.00897  -5.05141  -2.76338  6.13586  1.86486  0  0  0  0
213  -0.509009  -4.23147  -0.979966  4.46564  0.903966  0  0  0  0
-213  -1.17051  -4.21266  -1.33163  4.71337  1.15151  0  0  0  0
211  -0.629995  -3.82327  -3.94566  5.53191  0.13957  0  0  0  0
-213  -4.29344  -11.3019  -10.0053  15.7101  0.731695  0  0  0  0
213  -1.17647  -2.44761  -2.21038  3.57549  0.72353  0  0  0  0
2112  -3.80696  -11.8406  -11.0983  16.6957  0.93957  0  0  0  0
-2212  -1.53601  -3.14085  -2.57296  4.44125  0.93827  0  0  0  0
211  -0.96597  -1.45096  -1.67464  2.42121  0.13957  0  0  0  0
113  -0.386528  -2.06019  -2.42528  3.30353  0.798473  0  0  0  0
-213  0.640068  0.873588  -2.90775  3.25469  0.98243  0  0  0  0
211  0.369894  -0.303792  -0.509528  0.712888  0.13957  0  0  0  0
111  0.117765  -0.394148  -0.575886  0.720476  0.13498  0  0  0  0
-213  0.503184  0.339463  -11.0062  11.0477  0.740234  0  0  0  0
211  -0.401896  0.248278  -15.9155  15.9231  0.13957  0  0  0  0
-211  1.10372  -0.0666522  -249.512  249.515  0.13957  0  0  0  0
111  -0.534169  0.765367  -102.669  102.674  0.13498  0  0  0  0
211  0.379658  -0.100792  -15.8921  15.8976  0.13957  0  0  0  0
-211  0.164873  0.456978  -85.901  85.9025  0.13957  0  0  0  0
2212  -0.120218  -0.0242543  -165.076  165.078  0.93827  0  0  0  0
221  -0.305757  0.102197  -58.2688  58.2723  0.54785  0  0  0  0
-2212  0.352936  0.0776649  -81.014  81.0203  0.93827  0  0  0  0
211  0.033195  0.44938  -2.61441  2.65663  0.13957  0  0  0  0
-211  0.0926088  -0.0186654  -1.28779  1.29877  0.13957  0  0  0  0
211  -4.81706  4.68859  -7.64161  10.1784  0.13957  0  0  0  0
-211  0.00839506  1.28248  -2.11486  2.47728  0.13957  0  0  0  0
111  -0.870931  0.51425  -0.757922  1.27108  0.13498  0  0  0  0
113  -0.93147  0.930922  -2.18404  2.71836  0.940845  0  0  0  0
211  0.0688066  0.0692426  0.0938008  0.194441  0.13957  0  0  0  0
-211  0.480617  1.35137  -2.16889  2.60399  0.13957  0  0  0  0
111  -0.0644682  0.135808  0.0626896  0.211541  0.13498  0  0  0  0
321  1.00671  2.5025  -5.52155  6.165  0.49368  0  0  0  0
-311  2.36196  4.25979  -12.934  13.8297  0.49761  0  0  0  0
-211  1.91703  2.78604  -9.34822  9.94212  0.13957  0  0  0  0
323  3.29987  6.72452  -18.5883  20.0628  0.937706  0  0  0  0
-321  4.62936  9.335  -26.9467  28.8954  0.49368  0  0  0  0
213  3.50001  6.80065  -18.68  20.2021  0.826404  0  0  0  0
-211  1.0383  1.95521  -4.51752  5.03273  0.13957  0  0  0  0
211  0.617623  0.459513  -1.66026  1.83536  0.13957  0  0  0  0
-211  -0.327256  0.462059  -1.00266  1.15991  0.13957  0  0  0  0
211  0.126427  0.815021  -1.42034  1.64836  0.13957  0  0  0  0
-211  0.711569  -0.777523  0.318696  1.10992  0.13957  0  0  0  0
211  -0.414829  0.0185367  0.100913  0.449544  0.13957  0  0  0  0
-213  1.86235  -0.587126  3.67234  4.24279  0.837926  0  0  0  0
213  1.73694  -1.14536  7.2319  7.55154  0.629672  0  0  0  0
-211  1.61605  -1.68759  10.0709  10.3394  0.13957  0  0  0  0
221  0.0446146  -0.0550005  2.44274  2.50442  0.54785  0  0  0  0
211  0.582193  0.0182688  2.55155  2.62091  0.13957  0  0  0  0
111  -0.125701  0.125536  1.30752  1.32642  0.13498  0  0  0  0
113  0.391672  -0.683683  9.19051  9.25887  0.800239  0  0  0  0
-213  -0.387866  0.32424  5.87183  5.93756  0.721571  0  0  0  0
321  -0.253748  0.578274  7.2967  7.3406  0.49368  0  0  0  0
-313  -1.44292  2.12796  26.7166  26.8522  0.807923  0  0  0  0
223  -0.942055  2.51126  26.084  26.2333  0.784599  0  0  0  0
-211  -0.537014  0.103918  6.14587  6.17174  0.13957  0  0  0  0
211  -0.492667  1.22261  14.6813  14.741  0.13957  0  0  0  0
-211  -0.300852  0.45614  2.93572  2.9894  0.13957  0  0  0  0
221  0.28885  -0.101154  2.71831  2.7898  0.54785  0  0  0  0
323  -0.0600234  0.221936  4.49866  4.59419  0.903206  0  0  0  0
-311  0.313907  0.123728  0.350036  0.695692  0.49761  0  0  0  0
-211  -0.0318508  -0.403265  -0.665667  0.791346  0.13957  0  0  0  0
113  0.328296  0.75823  -0.478715  1.29793  0.879074  0  0  0  0
111  0.150549  -0.111645  4.08899  4.09551  0.13498  0  0  0  0
211  0.0524355  0.247043  18.1113  18.1136  0.13957  0  0  0  0
223  -0.922712  -0.358208  81.8976  81.9073  0.77603  0  0  0  0
111  0.0837763  0.106342  7.25484  7.25736  0.13498  0  0  0  0
113  -0.482719  0.0567009  19.5516  19.5844  1.02304  0  0  0  0
-211  0.382774  -0.117006  4.79385  4.81255  0.13957  0  0  0  0
321  -0.384242  0.450973  0.853047  1.14997  0.49368  0  0  0  0
-321  0.214607  -0.0740172  -1.45386  1.55209  0.49368  0  0  0  0
321  0.053286  -0.424561  -9.74769  9.76956  0.49368  0  0  0  0
-311  -0.326908  -0.0455745  -11.6519  11.6672  0.49761  0  0  0  0
-213  0.675702  0.0964724  -22.6413  22.6658  0.803272  0  0  0  0
211  -0.431422  0.19654  -44.299  44.3017  0.13957  0  0  0  0
223  -0.179809  0.039948  -79.0209  79.0249  0.774572  0  0  0  0
-211  0.181742  0.00272867  -41.5269  41.5276  0.13957  0  0  0  0
223  -0.0970734  0.052292  -74.2483  74.2525  0.784234  0  0  0  0
111  -0.136393  0.609884  -116.883  116.885  0.13498  0  0  0  0
2212  0.410639  0.140057  -249.207  249.209  0.93827  0  0  0  0
321  0.185373  -0.42401  61.3877  61.3915  0.49368  0  0  0  0
213  -0.177008  -0.209869  180.372  180.375  0.831181  0  0  0  0
-213  0.358406  -0.81974  329.174  329.176  0.807639  0  0  0  0
111  0.0329111  0.115793  -7.65849  7.66063  0.13498  0  0  0  0
221  -0.0443975  0.206942  -63.2617  63.2644  0.54785  0  0  0  0
-211  -0.0800511  0.665812  -41.8997  41.9053  0.13957  0  0  0  0
223  -0.556589  0.7611  -15.9827  16.03  0.792033  0  0  0  0
211  0.168917  0.597927  -27.127  27.1345  0.13957  0  0  0  0
-211  -0.0448374  0.639863  -16.3916  16.4048  0.13957  0  0  0  0
113  0.292381  0.662833  -31.5217  31.5565  1.29271  0  0  0  0
213  -0.320153  0.318427  -28.3951  28.409  0.762124  0  0  0  0
-211  0.113106  0.122848  -3.64642  3.65291  0.13957  0  0  0  0
211  0.044471  0.19841  -3.66433  3.67262  0.13957  0  0  0  0
-211  0.0397579  -0.151884  -9.76409  9.76635  0.13957  0  0  0  0
113  -0.558498  0.602492  -93.8776  93.8887  1.18815  0  0  0  0
111  -0.134826  0.366142  -5.73598  5.75081  0.13498  0  0  0  0
213  0.153798  -0.262825  -108.529  108.532  0.691147  0  0  0  0
-211  -0.341339  -0.223093  -26.7878  26.7913  0.13957  0  0  0  0
221  -0.0645499  -0.495455  -49.1121  49.1177  0.54785  0  0  0  0
331  -0.064133  -0.332881  -62.7533  62.7615  0.958292  0  0  0  0
211  0.259493  -0.216589  -10.579  10.5853  0.13957  0  0  0  0
223  -0.830013  -0.427398  -36.7622  36.7824  0.785982  0  0  0  0
-211  -0.0708795  -0.672766  -8.30482  8.3335  0.13957  0  0  0  0
321  -0.595201  -0.511026  -19.3598  19.3819  0.49368  0  0  0  0
-313  -1.74431  -1.36836  -26.1235  26.2319  0.870648  0  0  0  0
-211  -0.461121  -0.78622  -9.88215  9.92508  0.13957  0  0  0  0
111  -1.07993  -0.803542  -9.05644  9.15692  0.13498  0  0  0  0
211  -0.0268231  0.189664  -3.02566  3.03492  0.13957  0  0  0  0
-213  -1.36944  -0.625806  -9.35351  9.5026  0.737715  0  0  0  0
213  0.114993  -0.822935  -7.28406  7.39854  0.995215  0  0  0  0
-211  -0.276793  0.201352  -3.06377  3.08599  0.13957  0  0  0  0
321  -0.756508  -0.628471  -1.63578  1.9715  0.49368  0  0  0  0
-313  -0.815937  -1.31404  -1.5215  2.34281  0.883935  0  0  0  0
-213  0.122285  -0.646305  -1.39047  1.93847  1.17965  0  0  0  0
213  -0.786339  -0.352699  -1.41346  1.83735  0.797032  0  0  0  0
111  -1.44382  -0.110627  0.0725883  1.45614  0.13498  0  0  0  0
113  -0.185947  -0.0627129  0.819123  1.14127  0.770086  0  0  0  0
-211  -0.676741  0.166922  0.0808162  0.715439  0.13957  0  0  0  0
211  -0.184554  -0.198802  0.19165  0.360266  0.13957  0  0  0  0
-213  -0.592476  0.488121  0.646055  1.26434  0.769328  0  0  0  0
3122  -1.79868  -0.311427  3.94506  4.48781  1.11568  0  0  0  0
-3212  -1.57036  -0.819111  9.43766  9.6762  1.19264  0  0  0  0
213  -0.0662895  0.296059  2.65635  2.77862  0.756607  0  0  0  0
-211  -0.319537  -0.285003  3.26344  3.29436  0.13957  0  0  0  0
221  0.206993  0.36812  5.44216  5.48595  0.54785  0  0  0  0
221  -0.185153  -0.22435  4.90704  4.94609  0.54785  0  0  0  0
213  -0.0602712  0.28028  21.7783  21.8004  0.938792  0  0  0  0
-211  -0.830226  1.06935  25.7171  25.7531  0.13957  0  0  0  0
223  0.60163  -0.606109  102.658  102.665  0.78263  0  0  0  0
213  -0.0639567  0.131212  176.497  176.501  1.16089  0  0  0  0
311  0.084127  0.423706  46.8715  46.8761  0.49761  0  0  0  0
-311  -0.494155  1.06221  279.741  279.744  0.49761  0  0  0  0
311  0.718934  0.0435723  61.8357  61.8419  0.49761  0  0  0  0
-323  -0.132212  -0.75418  265.258  265.261  0.900038  0  0  0  0
223  -0.00931257  -0.292021  69.8986  69.9037  0.78474  0  0  0  0
213  -0.0867387  -0.182109  22.7  22.7123  0.718743  0  0  0  0
-211  -0.0497945  -0.745538  37.7593  37.7669  0.13957  0  0  0  0
211  -0.418253  0.0786288  58.7657  58.7674  0.13957  0  0  0  0
3122  0.741163  -0.711666  140.033  140.041  1.11568  0  0  0  0
211  0.322647  -0.694773  7.50271  7.54301  0.13957  0  0  0  0
-211  0.169902  0.369441  10.7442  10.7528  0.13957  0  0  0  0
211  0.305963  0.0292516  2.41879  2.44223  0.13957  0  0  0  0
111  0.555104  0.840877  20.6964  20.7213  0.13498  0  0  0  0
-211  0.0283595  -0.0887854  6.96885  6.97087  0.13957  0  0  0  0
111  0.380798  0.161638  3.10201  3.13238  0.13498  0  0  0  0
2212  0.0998587  -0.0153392  0.788517  1.22976  0.93827  0  0  0  0
211  -0.00992734  0.241942  0.726387  0.778301  0.13957  0  0  0  0
211  0.436486  -0.0873049  -1.83122  1.88971  0.13957  0  0  0  0
-211  -0.199621  0.124895  -3.03468  3.047  0.13957  0  0  0  0
-211  -0.17315  0.396355  4.12264  4.14761  0.13957  0  0  0  0
111  -0.821836  -0.510732  23.8548  23.8748  0.13498  0  0  0  0
-211  -0.327297  -0.103647  -8.842  8.84976  0.13957  0  0  0  0
111  0.213908  0.0785435  -2.83832  2.85065  0.13498  0  0  0  0
211  0.0599272  0.201073  3.81025  3.81858  0.13957  0  0  0  0
111  -0.408132  -0.347897  3.15544  3.20353  0.13498  0  0  0  0
2212  -0.0854196  -2.28971  9.47147  9.78975  0.93827  0  0  0  0
111  0.0421481  -0.0679126  0.45725  0.48341  0.13498  0  0  0  0
-211  -0.06874  0.0681674  -0.118765  0.20726  0.13957  0  0  0  0
111  0.708548  -0.471302  -0.962315  1.29168  0.13498  0  0  0  0
2212  -0.323715  -0.105122  -1.03987  1.44136  0.93827  0  0  0  0
211  0.337411  0.123253  -0.210047  0.438904  0.13957  0  0  0  0
-2212  0.145874  -0.378562  -4.46538  4.58089  0.93827  0  0  0  0
111  -0.00232602  -0.252546  -2.06343  2.0832  0.13498  0  0  0  0
-321  0.77349  -0.424064  -4.06097  4.18489  0.49368  0  0  0  0
211  0.536337  -0.176492  -4.22747  4.26729  0.13957  0  0  0  0
211  0.293777  0.620922  -0.963743  1.19169  0.13957  0  0  0  0
-211  -0.348998  0.871573  -0.717766  1.19  0.13957  0  0  0  0
211  -0.0584095  0.0420243  -0.0106906  0.157391  0.13957  0  0  0  0
-211  0.754611  0.261657  -1.61776  1.80956  0.13957  0  0  0  0
211  -0.697411  -2.5963  -0.776021  2.80158  0.13957  0  0  0  0
111  0.188402  -1.63518  -0.203945  1.66406  0.13498  0  0  0  0
-211  -1.01581  -2.27334  -1.17531  2.75695  0.13957  0  0  0  0
111  -0.154701  -1.93932  -0.156316  1.95641  0.13498  0  0  0  0
-211  -2.47479  -7.2569  -6.09019  9.79271  0.13957  0  0  0  0
111  -1.81865  -4.04497  -3.91512  5.9174  0.13498  0  0  0  0
211  -0.965466  -2.31697  -2.08649  3.26701  0.13957  0  0  0  0
111  -0.211007  -0.130637  -0.123896  0.30848  0.13498  0  0  0  0
211  -0.0574135  -0.247914  -0.0499708  0.294507  0.13957  0  0  0  0
-211  -0.329115  -1.81227  -2.37531  3.00902  0.13957  0  0  0  0
-211  0.221759  0.802648  -2.54179  2.67836  0.13957  0  0  0  0
111  0.418308  0.0709405  -0.365955  0.57633  0.13498  0  0  0  0
-211  0.0783921  -0.17157  -4.54796  4.55401  0.13957  0  0  0  0
111  0.424791  0.511033  -6.45821  6.49372  0.13498  0  0  0  0
211  -0.276548  0.801492  -1.61812  1.83212  0.13957  0  0  0  0
-211  -0.654921  0.12943  -0.56592  0.886239  0.13957  0  0  0  0
321  2.00625  4.32743  -11.0247  12.0225  0.49368  0  0  0  0
111  1.29361  2.39709  -7.56364  8.0403  0.13498  0  0  0  0
211  1.75339  3.24719  -10.0197  10.6786  0.13957  0  0  0  0
111  1.74662  3.55346  -8.66026  9.52345  0.13498  0  0  0  0
-211  0.600475  -0.500982  0.953008  1.24067  0.13957  0  0  0  0
111  1.26188  -0.0861444  2.71933  3.00212  0.13498  0  0  0  0
211  0.130004  -0.179846  1.397  1.42138  0.13957  0  0  0  0
111  1.60694  -0.965514  5.83491  6.13016  0.13498  0  0  0  0
211  -0.210369  -0.272862  3.65061  3.66949  0.13957  0  0  0  0
-211  0.602041  -0.410821  5.5399  5.58938  0.13957  0  0  0  0
-211  -0.297245  0.506872  3.35908  3.41294  0.13957  0  0  0  0
111  -0.090621  -0.182632  2.51276  2.52463  0.13498  0  0  0  0
-311  -0.877157  0.977863  13.4908  13.5638  0.49761  0  0  0  0
111  -0.565767  1.1501  13.2258  13.2884  0.13498  0  0  0  0
311  0.159333  0.264677  3.84612  3.89047  0.49761  0  0  0  0
211  -0.219357  -0.0427409  0.652534  0.703722  0.13957  0  0  0  0
211  0.441214  0.802027  -0.574591  1.08975  0.13957  0  0  0  0
-211  -0.112918  -0.0437969  0.0958768  0.208184  0.13957  0  0  0  0
211  0.186837  -0.193501  2.68186  2.69892  0.13957  0  0  0  0
-211  -0.669556  0.250201  16.8697  16.8855  0.13957  0  0  0  0
-211  0.829126  0.110518  -18.6565  18.6757  0.13957  0  0  0  0
111  -0.153424  -0.0140456  -3.98481  3.99007  0.13498  0  0  0  0
211  -0.34611  -0.137223  164.526  164.526  0.13957  0  0  0  0
111  0.169102  -0.0726461  15.8467  15.8483  0.13498  0  0  0  0
-211  -0.110767  -0.227109  34.5437  34.5449  0.13957  0  0  0  0
111  0.469173  -0.592632  294.63  294.631  0.13498  0  0  0  0
211  0.104136  1.0282  -23.3906  23.4139  0.13957  0  0  0  0
-211  0.188245  -0.365368  -8.13106  8.14264  0.13957  0  0  0  0
211  -0.451107  0.135284  -24.5267  24.5316  0.13957  0  0  0  0
111  0.130954  0.183142  -3.86845  3.87735  0.13498  0  0  0  0
211  -0.415699  0.80789  -40.8583  40.8686  0.13957  0  0  0  0
-211  -0.142799  -0.205398  -53.0193  53.02  0.13957  0  0  0  0
211  0.284394  0.088853  -63.9023  63.9031  0.13957  0  0  0  0
111  -0.130596  -0.351678  -44.6267  44.6285  0.13498  0  0  0  0
-321  -1.11762  -0.809286  -19.2774  19.333  0.49368  0  0  0  0
211  -0.626688  -0.559078  -6.84614  6.89887  0.13957  0  0  0  0
-211  -0.1853  -0.381424  -2.00887  2.05787  0.13957  0  0  0  0
111  -1.18415  -0.244382  -7.34465  7.44473  0.13498  0  0  0  0
211  0.434374  -0.549993  -2.68864  2.78199  0.13957  0  0  0  0
111  -0.319381  -0.272942  -4.59542  4.61656  0.13498  0  0  0  0
-311  -0.306555  -0.847945  -1.16225  1.55288  0.49761  0  0  0  0
111  -0.509382  -0.466092  -0.359254  0.789934  0.13498  0  0  0  0
-211  0.0252319  -0.927232  -1.29372  1.598  0.13957  0  0  0  0
111  0.0970535  0.280928  -0.0967521  0.340471  0.13498  0  0  0  0
211  -0.0718688  0.112964  -0.0152271  0.194004  0.13957  0  0  0  0
111  -0.71447  -0.465663  -1.39824  1.64335  0.13498  0  0  0  0
211  -0.189858  -0.166292  0.903222  0.948151  0.13957  0  0  0  0
-211  0.00391086  0.103579  -0.0840992  0.193123  0.13957  0  0  0  0
-211  -0.523622  0.654495  0.583478  1.03076  0.13957  0  0  0  0
111  -0.0688546  -0.166373  0.0625761  0.233573  0.13498  0  0  0  0
211  -0.326272  -0.0527555  1.23539  1.28643  0.13957  0  0  0  0
111  0.259982  0.348815  1.42097  1.49219  0.13498  0  0  0  0
211  -0.243322  0.364262  20.0411  20.0464  0.13957  0  0  0  0
111  0.183051  -0.0839823  1.73713  1.75397  0.13498  0  0  0  0
211  0.00799467  0.455274  156.126  156.127  0.13957  0  0  0  0
111  -0.0719513  -0.324063  20.3702  20.3733  0.13498  0  0  0  0
-311  -0.0877021  -0.144616  150.718  150.719  0.49761  0  0  0  0
-211  -0.0445096  -0.609564  114.54  114.542  0.13957  0  0  0  0
211  -0.111721  -0.232298  3.66282  3.67453  0.13957  0  0  0  0
111  0.0249828  0.0501892  19.0372  19.0378  0.13498  0  0  0  0
211  0.00917028  -0.0176148  1.04308  1.05257  0.13957  0  0  0  0
-211  0.459012  0.112722  0.875146  1.00437  0.13957  0  0  0  0
111  0.155638  -0.152297  0.635185  0.684906  0.13498  0  0  0  0
211  -0.0332622  0.18135  -0.233995  0.328979  0.13957  0  0  0  0
-211  -0.252784  -0.00956888  -0.0128466  0.289199  0.13957  0  0  0  0
111  -0.0586112  -0.183922  0.0868908  0.251062  0.13498  0  0  0  0
111  0.111995  -0.0180869  -0.217962  0.280351  0.13498  0  0  0  0
111  0.277715  -0.0633149  -1.41264  1.44738  0.13498  0  0  0  0
111  0.122082  -0.0593158  -0.513015  0.547565  0.13498  0  0  0  0
211  0.0463834  -0.00170843  2.76797  2.77188  0.13957  0  0  0  0
-211  0.0753827  -0.49635  13.3426  13.3528  0.13957  0  0  0  0
111  -0.254296  -0.0558252  6.00075  6.00791  0.13498  0  0  0  0
211  -0.320158  -0.472459  4.853  4.88844  0.13957  0  0  0  0
-211  -0.0172885  -0.459886  8.05415  8.06849  0.13957  0  0  0  0
111  0.0963686  -0.169003  2.43417  2.44566  0.13498  0  0  0  0
211  0.2385  -0.249806  1.7498  1.78901  0.13957  0  0  0  0
-211  0.179097  -0.73794  5.26983  5.32609  0.13957  0  0  0  0
111  -0.117929  -0.494525  2.9357  2.98245  0.13498  0  0  0  0
111  -0.0574964  0.255214  1.19378  1.22954  0.13498  0  0  0  0
211  0.141517  0.052372  -0.869907  0.893861  0.13957  0  0  0  0
-211  0.172042  0.583494  -3.5739  3.62799  0.13957  0  0  0  0
111  -0.0703153  0.430702  -1.29369  1.37197  0.13498  0  0  0  0
111  0.196878  0.267003  -1.77491  1.81068  0.13498  0  0  0  0
111  -0.0268006  0.087211  -0.700815  0.719504  0.13498  0  0  0  0
111  0.152889  0.391722  -3.05017  3.08198  0.13498  0  0  0  0
211  0.172258  0.728394  0.115798  0.770143  0.13957  0  0  0  0
-211  0.0556219  0.0201934  -0.0127693  0.152133  0.13957  0  0  0  0
111  0.398433  0.532145  -0.229826  0.716217  0.13498  0  0  0  0
-311  -0.247346  -0.123219  2.22166  2.29341  0.49761  0  0  0  0
211  -0.104171  -1.53984  -0.646841  1.67923  0.13957  0  0  0  0
211  -0.666736  -1.37165  -0.913403  1.78318  0.13957  0  0  0  0
-211  -0.235302  -0.396643  -0.54512  0.727549  0.13957  0  0  0  0
-211  0.0133368  -0.105668  0.000605733  0.175567  0.13957  0  0  0  0
111  -0.0161028  -1.63762  -0.658618  1.77032  0.13498  0  0  0  0
211  0.0289337  -0.0384105  0.396731  0.423306  0.13957  0  0  0  0
-211  -0.00952517  -0.116311  0.506625  0.538301  0.13957  0  0  0  0
211  -0.266397  0.404612  3.52964  3.56547  0.13957  0  0  0  0
-211  -0.00810194  0.239265  2.65515  2.66957  0.13957  0  0  0  0
111  -0.667556  1.86738  19.8992  19.9982  0.13498  0  0  0  0
111  0.204614  0.00561264  0.671503  0.714866  0.13498  0  0  0  0
111  0.0238502  0.00558052  0.559027  0.575613  0.13498  0  0  0  0
111  0.0603855  -0.112347  1.48778  1.49932  0.13498  0  0  0  0
211  -0.726981  -0.313576  46.1029  46.1099  0.13957  0  0  0  0
-211  -0.11406  -0.0263399  7.5328  7.53501  0.13957  0  0  0  0
111  -0.0816713  -0.0182916  28.2619  28.2623  0.13498  0  0  0  0
211  0.0445574  -0.00574928  -26.0055  26.0059  0.13957  0  0  0  0
-211  0.0314315  0.0980232  -5.59624  5.59892  0.13957  0  0  0  0
111  -0.255798  -0.0523259  -47.4192  47.4201  0.13498  0  0  0  0
211  -0.257355  -0.00850382  -24.7453  24.7471  0.13957  0  0  0  0
-211  0.0323453  0.187593  -34.4353  34.4362  0.13957  0  0  0  0
111  0.127936  -0.126797  -15.0676  15.0693  0.13498  0  0  0  0
211  0.0740704  0.0212804  -31.3907  31.3911  0.13957  0  0  0  0
-211  -0.0406132  0.0597764  -20.1213  20.1219  0.13957  0  0  0  0
111  -0.0778547  0.125885  -11.7497  11.7514  0.13498  0  0  0  0
111  -0.522615  0.886611  -15.2951  15.3303  0.13498  0  0  0  0
211  0.084883  -0.136914  -11.8136  11.8155  0.13957  0  0  0  0
-211  0.00956871  -0.251061  -29.1395  29.1409  0.13957  0  0  0  0
111  -0.3048  0.0331588  -17.1511  17.1544  0.13498  0  0  0  0
111  -0.111833  -0.0731495  -10.6196  10.6213  0.13498  0  0  0  0
111  0.3525  -0.29289  -34.9825  34.9858  0.13498  0  0  0  0
211  -0.351465  -0.458501  -14.8277  14.8396  0.13957  0  0  0  0
-211  -0.388098  -0.0202705  -12.5336  12.5404  0.13957  0  0  0  0
111  -0.09045  0.0513737  -9.40083  9.40238  0.13498  0  0  0  0
2212  -1.53084  -0.298663  3.55946  3.99785  0.93827  0  0  0  0
-211  -0.267837  -0.012764  0.385595  0.489962  0.13957  0  0  0  0
-3122  -1.44561  -0.695562  8.83318  9.04674  1.11568  0  0  0  0
111  -0.00689606  0.0936751  0.982404  0.996072  0.13498  0  0  0  0
111  0.243909  0.157501  3.3696  3.38478  0.13498  0  0  0  0
111  -0.0300197  0.116944  1.09015  1.10509  0.13498  0  0  0  0
211  0.0463227  0.0234778  0.804483  0.81815  0.13957  0  0  0  0
-211  -0.113026  -0.0433478  1.71353  1.72346  0.13957  0  0  0  0
111  -0.118449  -0.20448  2.38902  2.40447  0.13498  0  0  0  0
211  0.0953651  -0.37012  26.7342  26.7373  0.13957  0  0  0  0
-211  0.493194  -0.237994  67.2992  67.3016  0.13957  0  0  0  0
111  0.013071  0.00200425  8.62472  8.62579  0.13498  0  0  0  0
211  0.130987  -0.241766  22.946  22.948  0.13957  0  0  0  0
-211  -0.0929457  -0.164909  39.4613  39.462  0.13957  0  0  0  0
111  -0.0473542  0.114654  7.4914  7.49364  0.13498  0  0  0  0
2212  0.533363  -0.597094  108.435  108.442  0.93827  0  0  0  0
-211  0.2078  -0.114572  31.5979  31.5991  0.13957  0  0  0  0
-2212  -1.31074  -0.700851  8.07466  8.26376  0.93827  0  0  0  0
211  -0.134871  0.0052897  0.758522  0.782977  0.13957  0  0  0  0
2  260
2212  0  0  2510  2510  0.93827  0  0  0  0
2212  0  0  -2510  2510  0.93827  0  0  0  0
111  -0.0694378  0.565605  -52.4697  52.4729  0.13498  0  0  0  0
111  -0.274679  0.868094  -118.873  118.877  0.13498  0  0  0  0
111  -0.683721  1.07687  -216.508  216.512  0.13498  0  0  0  0
313  0.174871  0.113679  -343.789  343.79  0.868446  0  0  0  0
-323  -0.516093  -0.42425  -0.559508  1.26747  0.920379  0  0  0  0
111  0.340534  0.0923594  0.067425  0.383744  0.13498  0  0  0  0
2212  -0.709775  -0.429845  0.330695  1.29548  0.93827  0  0  0  0
211  0.283494  0.0438314  2.59373  2.61327  0.13957  0  0  0  0
-3224  -0.153131  0.412691  35.7785  35.8078  1.38101  0  0  0  0
333  -0.230811  -0.75459  41.6831  41.703  1.01898  0  0  0  0
-311  0.599323  0.529872  215.016  215.018  0.49761  0  0  0  0
2112  0.198356  -0.180094  940.894  940.894  0.93957  0  0  0  0
211  -1.101  -0.0398187  -20.1189  20.1495  0.13957  0  0  0  0
-211  -1.39998  -0.252976  -12.0899  12.1741  0.13957  0  0  0  0
213  -0.992996  -0.126589  -17.6902  17.7326  0.706877  0  0  0  0
111  -0.131445  0.0815034  -1.35543  1.37088  0.13498  0  0  0  0
-213  0.136776  -0.133821  -1.87474  2.03066  0.756504  0  0  0  0
321  -0.62242  0.00911546  -3.45563  3.54578  0.49368  0  0  0  0
-311  -0.234972  0.344484  -4.43769  4.48493  0.49761  0  0  0  0
111  -0.128202  0.138867  0.0416984  0.235962  0.13498  0  0  0  0
111  0.234508  -0.283613  -0.852965  0.938722  0.13498  0  0  0  0
223  -0.185144  -0.231502  0.853356  1.19438  0.781311  0  0  0  0
2112  0.425899  0.0107223  8.82628  8.88636  0.93957  0  0  0  0
-2112  0.00743553  0.0834871  6.23844  6.30936  0.93957  0  0  0  0
-211  -0.358886  -0.0118096  1.11084  1.17575  0.13957  0  0  0  0
113  0.968159  0.337096  33.134  33.1731  1.23974  0  0  0  0
-423  1.79496  -1.07864  94.8313  94.8756  2.00698  0  0  0  0
2212  -0.355934  0.191859  -9.05968  9.11711  0.93827  0  0  0  0
-2212  -0.634048  0.240908  -29.1631  29.1861  0.93827  0  0  0  0
111  -0.0189471  0.132914  -6.1795  6.18244  0.13498  0  0  0  0
211  -15.8125  -5.55751  -112.877  114.114  0.13957  0  0  0  0
111  -5.27607  -1.20988  -37.9208  38.3054  0.13498  0  0  0  0
311  -8.66594  -3.21531  -62.3521  63.0354  0.49761  0  0  0  0
-311  -21.2995  -7.12599  -149.677  151.354  0.49761  0  0  0  0
223  -8.05935  -1.97662  -57.7592  58.3575  0.782375  0  0  0  0
-213  -0.673151  -0.695774  -10.9322  11.002  0.771171  0  0  0  0
413  -4.56701  1.86191  12.1895  13.3023  2.01028  0  0  0  0
223  -1.23343  2.01522  11.5332  11.7996  0.796509  0  0  0  0
-211  -0.104285  -0.127086  0.434841  0.485379  0.13957  0  0  0  0
221  -0.19207  0.513185  1.4503  1.64431  0.54785  0  0  0  0
213  -1.1341  1.02977  2.63415  3.13683  0.74453  0  0  0  0
221  0.0429791  -0.00852253  0.0978067  0.558234  0.54785  0  0  0  0
-211  -0.62862  0.395135  0.556777  0.938497  0.13957  0  0  0  0
211  0.0829868  0.245325  1.0081  1.05015  0.13957  0  0  0  0
111  -0.0478603  0.0756532  0.0985824  0.18961  0.13498  0  0  0  0
113  -0.462157  0.629206  0.683149  1.26652  0.726552  0  0  0  0
1114  1.22139  1.45169  -1.8111  2.92297  1.29015  0  0  0  0
111  0.147329  0.726523  0.0808407  0.757823  0.13498  0  0  0  0
-2114  -0.0397925  1.16408  -5.77255  6.01266  1.21372  0  0  0  0
213  0.626008  0.504733  -5.0672  5.28367  1.26254  0  0  0  0
111  -0.0758314  -0.123003  -0.970853  0.990785  0.13498  0  0  0  0
-211  0.0422285  0.0480306  -0.802925  0.817471  0.13957  0  0  0  0
111  0.0571032  0.71491  -4.0236  4.08924  0.13498  0  0  0  0
221  -0.768252  0.481014  -11.3265  11.3759  0.54785  0  0  0  0
2224  0.0361342  0.473731  -16.438  16.4915  1.23901  0  0  0  0
223  0.148895  -0.106084  0.640978  1.03045  0.785845  0  0  0  0
213  0.231449  0.328218  0.864523  1.20829  0.742482  0  0  0  0
-211  0.211205  -0.485898  0.388524  0.671666  0.13957  0  0  0  0
111  0.202548  -0.14531  -1.04083  1.07874  0.13498  0  0  0  0
211  -0.209344  0.540762  -3.18177  3.23719  0.13957  0  0  0  0
221  -0.311047  -0.164092  -1.1028  1.28062  0.54785  0  0  0  0
-211  -0.0420131  -0.207925  -1.11283  1.14144  0.13957  0  0  0  0
111  0.372621  -0.369086  -0.428656  0.690678  0.13498  0  0  0  0
211  -0.375463  0.608642  -3.08401  3.16892  0.13957  0  0  0  0
-211  0.532812  -0.352611  -6.76722  6.79875  0.13957  0  0  0  0
223  0.223584  -0.555602  -24.4735  24.4933  0.782497  0  0  0  0
111  -0.128463  -0.822399  -4.46927  4.54812  0.13498  0  0  0  0
321  0.264942  -0.567872  -31.4166  31.4268  0.49368  0  0  0  0
-311  -0.0618686  -0.022131  -5.59087  5.61336  0.49761  0  0  0  0
313  0.80058  -0.60379  -12.6048  12.683  0.984747  0  0  0  0
-311  -0.545787  -1.40226  -1.38069  2.10194  0.49761  0  0  0  0
111  -0.422632  -0.554978  -0.515887  0.878053  0.13498  0  0  0  0
223  0.862084  -0.458865  -1.16509  1.71211  0.787493  0  0  0  0
221  0.551145  -0.368553  -0.78047  1.16141  0.54785  0  0  0  0
-211  1.22005  -2.64846  -1.02595  3.09434  0.13957  0  0  0  0
2214  0.720366  -0.147564  0.1196  1.46428  1.2606  0  0  0  0
211  0.34465  -0.167044  -0.0835546  0.416111  0.13957  0  0  0  0
-2214  1.80183  -1.04003  0.0223772  2.62827  1.60593  0  0  0  0
-211  1.25644  -0.17191  0.481418  1.36361  0.13957  0  0  0  0
223  1.83347  -1.28883  1.81264  2.98797  0.787184  0  0  0  0
221  0.529376  -0.1807  0.421475  0.889198  0.54785  0  0  0  0
2224  2.1927  -1.30413  2.51788  3.7843  1.21348  0  0  0  0
-211  0.381574  -0.0346749  0.955097  1.0385  0.13957  0  0  0  0
-2114  0.323059  -0.756647  4.47659  4.937  1.91239  0  0  0  0
221  -0.36491  0.420836  8.26804  8.30487  0.54785  0  0  0  0
-213  -0.498108  -0.568288  47.287  47.2991  0.757047  0  0  0  0
113  -0.449588  0.372379  344.751  344.755  1.38371  0  0  0  0
221  -0.306429  0.106083  26.4  26.4077  0.54785  0  0  0  0
213  -0.825287  0.317646  144.698  144.705  1.0933  0  0  0  0
311  -0.15303  -0.107704  23.484  23.4901  0.49761  0  0  0  0
-321  0.442962  -0.20494  16.7404  16.7548  0.49368  0  0  0  0
111  -0.972504  0.123524  32.4664  32.4814  0.13498  0  0  0  0
113  30.6523  26.0165  340.347  342.715  1.0283  0  0  0  0
213  2.39034  1.8069  25.9247  26.1079  0.742506  0  0  0  0
221  2.43531  0.871339  13.3214  13.5813  0.54785  0  0  0  0
113  0.713805  -0.195495  4.51446  4.64345  0.796007  0  0  0  0
-211  0.330806  0.227232  1.71864  1.77039  0.13957  0  0  0  0
321  0.603061  0.717561  5.72535  5.82254  0.49368  0  0  0  0
-311  1.30415  -0.426004  2.98297  3.32085  0.49761  0  0  0  0
-211  0.864288  -0.089585  2.28396  2.44765  0.13957  0  0  0  0
321  1.29105  0.380413  6.51883  6.67461  0.49368  0  0  0  0
-311  3.43542  -2.21349  3.72996  5.55535  0.49761  0  0  0  0
-211  0.68991  -0.522717  1.7165  1.92745  0.13957  0  0  0  0
223  3.69907  -4.07216  4.79334  7.33895  0.786387  0  0  0  0
113  0.877886  -0.906817  1.23536  1.90415  0.711821  0  0  0  0
111  0.880033  -0.537221  0.753556  1.28419  0.13498  0  0  0  0
211  0.643574  -0.829675  1.46102  1.80461  0.13957  0  0  0  0
-211  0.298062  -0.205416  0.348533  0.521528  0.13957  0  0  0  0
211  0.2695  -0.578493  0.245746  0.697966  0.13957  0  0  0  0
-211  0.588977  -0.562428  1.4319  1.65319  0.13957  0  0  0  0
223  -0.0431635  -1.38121  0.216358  1.59935  0.775571  0  0  0  0
211  0.770256  0.677557  -0.0523891  1.03663  0.13957  0  0  0  0
-211  -0.0393284  -0.388329  -0.20121  0.460773  0.13957  0  0  0  0
111  0.0666735  -0.359088  -0.444374  0.590828  0.13498  0  0  0  0
213  0.767052  -0.134359  -3.11107  3.27154  0.646354  0  0  0  0
313  0.0424102  -0.267991  -3.28984  3.42164  0.900528  0  0  0  0
3122  1.97809  -0.728542  -10.2535  10.5272  1.11568  0  0  0  0
-2212  0.769067  -0.729385  -10.0072  10.1069  0.93827  0  0  0  0
211  1.96245  -0.641672  -13.8485  14.0022  0.13957  0  0  0  0
221  -0.0833897  -0.158319  -10.0983  10.1147  0.54785  0  0  0  0
-211  0.518776  0.160078  -4.36577  4.40161  0.13957  0  0  0  0
211  1.11957  -0.127633  -13.2377  13.2863  0.13957  0  0  0  0
-211  0.0650867  -0.55067  -13.3987  13.4109  0.13957  0  0  0  0
321  0.423163  0.002002  -4.80776  4.85153  0.49368  0  0  0  0
-321  0.144575  0.428033  -24.6152  24.6243  0.49368  0  0  0  0
213  0.384153  0.728809  -33.7217  33.7396  0.731041  0  0  0  0
223  0.463403  0.514693  -51.3445  51.3549  0.7711  0  0  0  0
-213  -0.22898  0.626971  -75.5025  75.5096  0.79304  0  0  0  0
2112  0.196904  1.47804  -256.411  256.417  0.93957  0  0  0  0
111  0.428831  0.059069  -52.6518  52.6538  0.13498  0  0  0  0
-1114  -1.12355  1.27285  -416.071  416.077  1.38376  0  0  0  0
-211  0.08965  0.0120512  -74.3649  74.3651  0.13957  0  0  0  0
321  0.0744911  0.190716  -132.722  132.723  0.49368  0  0  0  0
-211  0.10038  -0.0770377  -211.067  211.067  0.13957  0  0  0  0
-311  -0.580387  -0.368514  -0.660419  1.07537  0.49761  0  0  0  0
-211  0.0642945  -0.0557363  0.100911  0.192102  0.13957  0  0  0  0
-3122  -0.241974  0.233662  25.7048  25.7312  1.11568  0  0  0  0
-211  0.0888433  0.17903  10.0737  10.0766  0.13957  0  0  0  0
211  -0.112024  -0.12596  -7.58824  7.5914  0.13957  0  0  0  0
111  -0.880972  -0.000628771  -10.1019  10.1412  0.13498  0  0  0  0
-211  0.295745  0.106984  -1.49933  1.5383  0.13957  0  0  0  0
111  -0.158969  -0.240805  -0.375411  0.492353  0.13498  0  0  0  0
211  0.722563  -0.136531  27.9038  27.9138  0.13957  0  0  0  0
-211  0.245595  0.473627  5.23024  5.25923  0.13957  0  0  0  0
-211  -0.0288917  -0.0733676  -4.85945  4.8621  0.13957  0  0  0  0
111  -0.644259  -0.622406  -6.07273  6.13993  0.13498  0  0  0  0
211  -0.925796  1.07013  1.99386  2.44892  0.13957  0  0  0  0
111  -0.208304  -0.0403561  0.640291  0.687904  0.13498  0  0  0  0
211  -0.107603  0.24393  -0.0974102  0.316305  0.13957  0  0  0  0
-211  -0.354553  0.385276  0.78056  0.95021  0.13957  0  0  0  0
2112  0.6394  1.11291  -1.10159  1.93486  0.93957  0  0  0  0
-211  0.581987  0.338787  -0.70951  0.988114  0.13957  0  0  0  0
-2112  -0.147328  0.778484  -4.74666  4.90319  0.93957  0  0  0  0
111  0.107536  0.385599  -1.02589  1.10947  0.13498  0  0  0  0
211  0.624054  0.852779  -3.01694  3.1997  0.13957  0  0  0  0
111  0.00195383  -0.348046  -2.05026  2.08397  0.13498  0  0  0  0
2212  0.00879689  0.228171  -14.5784  14.6104  0.93827  0  0  0  0
211  0.0273373  0.245561  -1.85957  1.8811  0.13957  0  0  0  0
211  0.358068  0.123965  0.839454  0.931528  0.13957  0  0  0  0
111  -0.12662  0.204253  0.0250688  0.276767  0.13498  0  0  0  0
321  0.175777  -0.499941  -5.27824  5.32769  0.49368  0  0  0  0
-211  0.624803  -0.103849  -7.32661  7.35526  0.13957  0  0  0  0
2212  0.773031  0.00634969  0.211166  1.23392  0.93827  0  0  0  0
111  -0.0526651  -0.153914  -0.0915657  0.230362  0.13498  0  0  0  0
-2112  0.941657  -0.289746  -0.374161  1.4119  0.93957  0  0  0  0
-211  0.860175  -0.750285  0.396538  1.21637  0.13957  0  0  0  0
2212  1.97097  -1.19145  2.45026  3.49119  0.93827  0  0  0  0
211  0.221733  -0.112681  0.0676132  0.293111  0.13957  0  0  0  0
-2112  0.318641  0.154619  1.38238  1.70857  0.93957  0  0  0  0
111  0.00441721  -0.911266  3.09421  3.22843  0.13498  0  0  0  0
-211  -0.0638458  -0.148741  30.4222  30.423  0.13957  0  0  0  0
111  -0.434262  -0.419547  16.8647  16.8761  0.13498  0  0  0  0
211  -0.0313099  -0.0667403  4.60925  4.61195  0.13957  0  0  0  0
-211  -0.418278  0.439119  340.142  340.143  0.13957  0  0  0  0
211  0.0181609  0.0763655  3.1642  3.16825  0.13957  0  0  0  0
111  -0.843448  0.24128  141.533  141.536  0.13498  0  0  0  0
211  26.5412  22.6976  298.028  300.067  0.13957  0  0  0  0
-211  4.11104  3.31895  42.3199  42.6487  0.13957  0  0  0  0
211  1.54844  0.758556  13.7521  13.8604  0.13957  0  0  0  0
111  0.841895  1.04834  12.1727  12.2475  0.13498  0  0  0  0
211  0.197686  0.257161  2.09776  2.12727  0.13957  0  0  0  0
-211  0.516119  -0.452656  2.4167  2.51619  0.13957  0  0  0  0
211  0.0314698  -0.00796668  0.350805  0.378943  0.13957  0  0  0  0
-211  0.846416  -0.89885  0.884551  1.52521  0.13957  0  0  0  0
211  0.433504  -0.321866  -2.27298  2.34039  0.13957  0  0  0  0
111  0.333548  0.187508  -0.838094  0.931147  0.13498  0  0  0  0
321  -0.190736  0.00871627  -2.26101  2.32214  0.49368  0  0  0  0
-211  0.233146  -0.276707  -1.02883  1.0995  0.13957  0  0  0  0
211  0.502325  0.755975  -28.8144  28.829  0.13957  0  0  0  0
111  -0.118172  -0.0271657  -4.90726  4.91062  0.13498  0  0  0  0
-211  0.0740831  0.455989  -62.2217  62.2235  0.13957  0  0  0  0
111  -0.303063  0.170982  -13.2808  13.286  0.13498  0  0  0  0
-2112  -0.570331  0.984827  -334.766  334.769  0.93957  0  0  0  0
211  -0.55322  0.288022  -81.3053  81.3078  0.13957  0  0  0  0
113  -0.20749  -0.794009  32.1674  32.1862  0.734637  0  0  0  0
111  -0.0233215  0.0394187  9.5157  9.51676  0.13498  0  0  0  0
211  -0.192362  -0.151581  0.443429  0.525442  0.13957  0  0  0  0
-211  -0.183851  -0.00205567  0.0558933  0.237506  0.13957  0  0  0  0
111  0.191069  -0.0778652  0.354034  0.431428  0.13498  0  0  0  0
-421  1.62554  -0.974465  87.7238  87.7641  1.86486  0  0  0  0
111  0.16942  -0.104177  7.10746  7.11152  0.13498  0  0  0  0
211  -0.895711  -0.0863181  -6.63019  6.69243  0.13957  0  0  0  0
-211  -2.03294  -0.680498  -14.3076  14.468  0.13957  0  0  0  0
111  -5.1307  -1.2098  -36.8213  37.197  0.13498  0  0  0  0
411  -4.20226  1.72899  11.1684  12.2015  1.86962  0  0  0  0
111  -0.36475  0.132923  1.02115  1.10076  0.13498  0  0  0  0
211  -0.634626  0.597299  3.72793  3.83098  0.13957  0  0  0  0
-211  -0.110484  0.238448  0.998269  1.04167  0.13957  0  0  0  0
111  -0.488319  1.17947  6.80696  6.92695  0.13498  0  0  0  0
211  -0.113339  0.175461  0.647997  0.694991  0.13957  0  0  0  0
-211  -0.0554449  0.252658  0.697805  0.75718  0.13957  0  0  0  0
111  -0.0232854  0.0850655  0.104498  0.19214  0.13498  0  0  0  0
111  -0.557542  0.36225  -7.60905  7.63924  0.13498  0  0  0  0
111  -0.04514  0.0252307  -1.30681  1.31478  0.13498  0  0  0  0
111  -0.165569  0.0935334  -2.41062  2.42188  0.13498  0  0  0  0
211  -0.15614  -0.122624  0.364208  0.437657  0.13957  0  0  0  0
-211  0.0621889  0.136082  0.187256  0.277363  0.13957  0  0  0  0
111  0.242846  -0.119541  0.0895146  0.315431  0.13498  0  0  0  0
111  0.038676  -0.0577963  -0.152077  0.214903  0.13498  0  0  0  0
111  -0.229125  -0.0867665  -0.715734  0.768454  0.13498  0  0  0  0
111  -0.120597  -0.0195288  -0.234992  0.297264  0.13498  0  0  0  0
211  0.17721  -0.177778  -5.41625  5.42386  0.13957  0  0  0  0
-211  0.149633  0.0596736  -5.81654  5.82044  0.13957  0  0  0  0
111  -0.103259  -0.437498  -13.2407  13.249  0.13498  0  0  0  0
211  0.248455  0.0567576  -0.504452  0.582154  0.13957  0  0  0  0
-211  0.229766  -0.305596  -0.499936  0.644668  0.13957  0  0  0  0
111  0.383863  -0.210026  -0.160704  0.48529  0.13498  0  0  0  0
111  0.174356  0.00927047  -0.113311  0.248083  0.13498  0  0  0  0
111  0.148323  -0.208916  -0.207178  0.356072  0.13498  0  0  0  0
111  0.228466  -0.168907  -0.459981  0.557251  0.13498  0  0  0  0
211  0.181835  -0.358826  0.172779  0.459514  0.13957  0  0  0  0
-211  0.75496  -0.396087  0.622717  1.06494  0.13957  0  0  0  0
111  0.896671  -0.533913  1.01714  1.46351  0.13498  0  0  0  0
211  0.164871  0.0878906  0.0984549  0.253141  0.13957  0  0  0  0
-211  0.212477  -0.158798  0.102834  0.316888  0.13957  0  0  0  0
111  0.152028  -0.109792  0.220187  0.319169  0.13498  0  0  0  0
211  0.688687  -0.960487  0.752312  1.40793  0.13957  0  0  0  0
-211  1.22261  -1.3695  1.74669  2.53785  0.13957  0  0  0  0
111  1.78777  -1.74218  2.29434  3.39316  0.13498  0  0  0  0
211  -0.277297  -0.339798  0.0134023  0.460451  0.13957  0  0  0  0
-211  0.121779  -0.283139  0.105879  0.354525  0.13957  0  0  0  0
111  0.112354  -0.75827  0.097077  0.784373  0.13498  0  0  0  0
2112  1.83862  -0.597629  -9.13486  9.38436  0.93957  0  0  0  0
111  0.13947  -0.130913  -1.11866  1.14289  0.13498  0  0  0  0
211  0.0486815  -0.0329984  -2.42485  2.42958  0.13957  0  0  0  0
-211  0.0590469  -0.114278  -3.43508  3.44032  0.13957  0  0  0  0
111  -0.191118  -0.0110432  -4.23836  4.24482  0.13498  0  0  0  0
211  0.0860229  0.219929  -9.02218  9.02635  0.13957  0  0  0  0
-211  0.0222559  0.0124981  -2.91702  2.92047  0.13957  0  0  0  0
111  0.355124  0.282266  -39.4053  39.4081  0.13498  0  0  0  0
-2112  -0.262952  0.141614  20.3515  20.3754  0.93957  0  0  0  0
111  0.0209774  0.0920475  5.35329  5.35582  0.13498  0  0  0  0
211  -0.132093  -0.819426  30.3772  30.3888  0.13957  0  0  0  0
-211  -0.0753964  0.0254175  1.7902  1.79739  0.13957  0  0  0  0
321  0.324987  0.0781335  18.8041  18.8136  0.49368  0  0  0  0
-313  -2.12174  0.835509  6.57977  7.0549  1.13062  0  0  0  0
-321  -0.660772  0.0144227  2.7754  2.89541  0.49368  0  0  0  0
211  -1.46097  0.821086  3.80437  4.15948  0.13957  0  0  0  0
3  265
2212  0  0  2510  2510  0.93827  0  0  0  0
2212  0  0  -2510  2510  0.93827  0  0  0  0
213  -0.150233  -0.0243892  -122.069  122.072  0.820261  0  0  0  0
-213  -0.403608  -0.119716  -173.121  173.124  1.00637  0  0  0  0
331  -0.00696002  -0.849479  -262.233  262.236  0.95774  0  0  0  0
321  -0.746265  -0.276475  -51.3421  51.3507  0.49368  0  0  0  0
-323  0.153673  -0.335933  -42.5979  42.6085  0.87134  0  0  0  0
111  -0.485342  0.0514025  -16.9933  17.0008  0.13498  0  0  0  0
213  -0.0704962  0.198105  -39.764  39.7717  0.751271  0  0  0  0
3112  -0.602265  -0.699436  -26.6953  26.738  1.19745  0  0  0  0
-3112  -0.781278  -0.785928  -20.5647  20.6293  1.19745  0  0  0  0
-211  -0.694629  -1.00198  -8.53029  8.61811  0.13957  0  0  0  0
113  -1.94495  0.602997  -14.2012  14.3691  0.806463  0  0  0  0
211  -0.000577673  -0.117591  -0.252334  0.311417  0.13957  0  0  0  0
-211  -0.576543  0.862859  -4.03485  4.16851  0.13957  0  0  0  0
111  -0.886042  0.225793  -1.3758  1.65743  0.13498  0  0  0  0
221  -0.111139  -0.468574  -1.64433  1.79885  0.54785  0  0  0  0
211  0.253134  0.685286  -0.581747  0.944247  0.13957  0  0  0  0
311  0.0550168  -0.384217  -0.0054234  0.631106  0.49761  0  0  0  0
-311  -0.056648  0.292063  0.0772247  0.584884  0.49761  0  0  0  0
113  -0.810115  0.903815  2.16153  2.70142  1.07343  0  0  0  0
111  0.304667  0.0901562  0.797045  0.868591  0.13498  0  0  0  0
2114  -0.289516  0.706573  5.68611  5.88064  1.29113  0  0  0  0
-213  -1.05485  0.364394  5.89164  6.03118  0.646629  0  0  0  0
-1114  0.490133  0.34302  15.3033  15.3641  1.22839  0  0  0  0
-211  0.13984  0.052481  3.31068  3.31698  0.13957  0  0  0  0
113  -0.941336  0.0670328  59.4505  59.469  1.14737  0  0  0  0
2212  -1.11218  0.166758  46.8998  46.9227  0.93827  0  0  0  0
-2112  -0.274745  0.260479  92.497  92.5025  0.93957  0  0  0  0
-211  -0.114146  0.0770132  74.7718  74.7721  0.13957  0  0  0  0
2224  -0.629543  -0.193749  408.203  408.205  1.18587  0  0  0  0
-213  -0.568948  0.399678  476.482  476.483  0.780687  0  0  0  0
2212  1.31474  -1.08776  390.534  390.538  0.93827  0  0  0  0
-2212  1.41396  -0.0225054  330.899  330.903  0.93827  0  0  0  0
221  0.0834697  -0.538414  49.6656  49.6716  0.54785  0  0  0  0
211  -0.158562  0.128876  70.1943  70.1947  0.13957  0  0  0  0
-211  0.302926  -0.0540994  41.3317  41.3331  0.13957  0  0  0  0
323  -0.165623  -0.130712  13.9366  13.9685  0.920773  0  0  0  0
-321  0.648807  -0.0810269  1.5497  1.75294  0.49368  0  0  0  0
211  -0.0746286  0.352345  0.365933  0.532074  0.13957  0  0  0  0
-213  -0.828627  -0.476536  0.992773  1.57605  0.764617  0  0  0  0
111  0.541734  -0.23104  -2.64022  2.70848  0.13498  0  0  0  0
111  -0.107036  0.106237  -0.0710316  0.214495  0.13498  0  0  0  0
211  0.127375  -0.113372  -1.27192  1.29087  0.13957  0  0  0  0
-211  -1.33885  -1.06943  -11.1148  11.2469  0.13957  0  0  0  0
211  0.109648  -0.286958  -4.33851  4.35161  0.13957  0  0  0  0
-213  -2.14926  -1.69019  -14.0928  14.3787  0.814787  0  0  0  0
113  -0.8211  -2.72594  -14.7571  15.0582  0.934323  0  0  0  0
223  -1.43504  -3.46806  -14.3534  14.8563  0.775853  0  0  0  0
223  -0.795166  -0.985706  -5.89798  6.08353  0.786899  0  0  0  0
113  -4.58706  -9.14621  -36.766  38.1697  0.699261  0  0  0  0
211  -1.99934  -5.78202  -23.6911  24.4687  0.13957  0  0  0  0
111  -0.582862  -0.221532  -2.20975  2.3  0.13498  0  0  0  0
-213  -4.71622  -13.6935  -52.1651  54.1572  1.43335  0  0  0  0
111  -0.521304  -0.842608  -1.64804  1.92769  0.13498  0  0  0  0
331  -1.47637  -4.38548  -15.9034  16.5906  0.957601  0  0  0  0
213  -0.124106  -1.11813  -7.08478  7.25056  1.05396  0  0  0  0
-211  -0.0395462  -0.393599  -0.326603  0.531633  0.13957  0  0  0  0
213  0.966966  -0.0318528  -3.33281  3.75938  1.44543  0  0  0  0
111  -0.0473771  3.05335  -5.44118  6.24098  0.13498  0  0  0  0
223  2.3313  17.0736  -35.6629  39.6155  0.776674  0  0  0  0
311  1.15006  4.3168  -8.767  9.85217  0.49761  0  0  0  0
-311  0.721237  5.35811  -10.1428  11.5045  0.49761  0  0  0  0
113  0.556491  4.47223  -9.00989  10.0938  0.629881  0  0  0  0
-211  0.258278  3.68784  -6.87342  7.80578  0.13957  0  0  0  0
213  0.690474  2.46589  -5.82582  6.40775  0.74947  0  0  0  0
111  -0.125142  0.0716184  -0.14052  0.242395  0.13498  0  0  0  0
-211  -0.494247  0.171645  -0.743027  0.919408  0.13957  0  0  0  0
223  0.0647375  0.460254  -0.875496  1.26182  0.780819  0  0  0  0
111  -0.823014  0.467941  -0.372801  1.02641  0.13498  0  0  0  0
211  0.107983  -0.0181429  -0.0868916  0.197533  0.13957  0  0  0  0
-211  -0.688632  -0.366038  0.264061  0.835108  0.13957  0  0  0  0
211  0.539965  0.3926  1.98967  2.10333  0.13957  0  0  0  0
111  -0.45717  0.156979  2.71981  2.76573  0.13498  0  0  0  0
-211  -0.16812  0.281369  5.84956  5.8604  0.13957  0  0  0  0
3222  -0.253601  -0.283163  63.7603  63.7725  1.18937  0  0  0  0
313  -0.204692  -0.111477  26.3361  26.3515  0.868802  0  0  0  0
-2112  0.398293  -0.400742  56.444  56.4547  0.93957  0  0  0  0
-211  -0.365308  0.251096  24.8054  24.8098  0.13957  0  0  0  0
223  0.604227  -0.863401  137.659  137.666  0.790085  0  0  0  0
213  0.138882  0.921242  27.234  27.2872  1.42523  0  0  0  0
111  0.373994  -0.134892  3.63693  3.66109  0.13498  0  0  0  0
111  0.191203  -0.0516774  2.40916  2.42106  0.13498  0  0  0  0
-211  0.0723867  -0.0720493  5.93048  5.933  0.13957  0  0  0  0
111  0.597078  0.00925666  2.48026  2.5547  0.13498  0  0  0  0
321  0.00380481  0.31478  4.65349  4.69018  0.49368  0  0  0  0
333  0.692558  0.37076  5.03114  5.19331  1.02032  0  0  0  0
-323  0.183187  -0.837704  3.10848  3.36975  0.978403  0  0  0  0
211  0.438346  -0.294719  0.782204  0.954112  0.13957  0  0  0  0
-213  -0.100054  -0.0102322  0.887696  1.15187  0.727106  0  0  0  0
213  0.0544317  -0.28353  1.24489  1.46495  0.716223  0  0  0  0
-211  -0.180948  0.0484195  0.558401  0.605291  0.13957  0  0  0  0
321  -0.440214  -0.510394  0.14455  0.847883  0.49368  0  0  0  0
333  -1.16209  0.112587  -0.452746  1.61611  1.02162  0  0  0  0
-311  0.243209  -0.137428  -0.745521  0.938858  0.49761  0  0  0  0
-213  0.269651  0.0771283  -1.34309  1.5702  0.763519  0  0  0  0
213  1.42799  -0.188574  -6.65407  6.88629  1.03421  0  0  0  0
-211  -0.138967  0.334065  -1.24217  1.3013  0.13957  0  0  0  0
223  2.27423  1.26424  -10.7279  11.0666  0.782948  0  0  0  0
211  0.327433  -0.477053  -1.822  1.91676  0.13957  0  0  0  0
-211  0.435302  -0.395455  -4.02279  4.06795  0.13957  0  0  0  0
211  0.512295  0.493169  -2.32634  2.4366  0.13957  0  0  0  0
111  0.0455241  0.619776  -7.27393  7.30167  0.13498  0  0  0  0
-211  0.202125  0.0263486  -3.58156  3.59007  0.13957  0  0  0  0
213  -0.0736748  0.0822345  -18.1214  18.1428  0.873348  0  0  0  0
-211  0.286119  0.181228  -6.7509  6.76083  0.13957  0  0  0  0
111  -0.126093  0.176702  -2.28606  2.30031  0.13498  0  0  0  0
211  0.468214  0.490017  -23.8316  23.8416  0.13957  0  0  0  0
113  -0.0428231  0.0685119  -57.7561  57.7668  1.11279  0  0  0  0
-211  0.0402001  0.00524667  -9.93177  9.93284  0.13957  0  0  0  0
111  0.58277  0.470555  -41.4753  41.4823  0.13498  0  0  0  0
211  -0.0134859  -0.0646286  -34.0112  34.0115  0.13957  0  0  0  0
-211  0.554129  -0.42045  -4.21284  4.27216  0.13957  0  0  0  0
223  -0.190216  0.497297  -3.32692  3.45931  0.784142  0  0  0  0
211  0.366883  -0.527143  -0.199519  0.686856  0.13957  0  0  0  0
-211  2.37282  -0.64087  1.48638  2.87572  0.13957  0  0  0  0
213  3.06035  -1.62881  2.3943  4.39206  1.24045  0  0  0  0
113  2.11876  -0.564131  1.85858  3.02435  0.940743  0  0  0  0
-211  -0.0449273  -0.0194731  -0.00549175  0.148012  0.13957  0  0  0  0
2224  3.41054  -0.690093  3.06841  4.93473  1.68179  0  0  0  0
-2224  0.031293  -0.0796663  4.02755  4.21831  1.25125  0  0  0  0
211  -0.101158  0.0543662  0.361983  0.404599  0.13957  0  0  0  0
-211  0.800531  1.40152  3.83738  4.16535  0.13957  0  0  0  0
211  -0.585997  0.197017  1.19252  1.35048  0.13957  0  0  0  0
-213  0.898257  0.144998  -1.05907  1.64989  0.878987  0  0  0  0
211  0.730706  0.320185  -0.457689  0.930273  0.13957  0  0  0  0
-213  0.522683  0.283294  -1.19594  1.54598  0.77867  0  0  0  0
111  1.28784  0.900453  -1.43143  2.12992  0.13498  0  0  0  0
113  0.707434  0.641871  -1.44733  1.9215  0.827613  0  0  0  0
2112  1.73979  0.985682  -2.33202  3.21241  0.93957  0  0  0  0
-2114  1.10155  0.0575918  -5.24005  5.50937  1.29549  0  0  0  0
211  0.218455  0.393788  -2.5772  2.61996  0.13957  0  0  0  0
111  -0.493673  -0.127195  -3.12688  3.17104  0.13498  0  0  0  0
-211  0.262628  0.237307  -25.5367  25.5395  0.13957  0  0  0  0
113  -0.394462  0.463215  -122.619  122.623  0.773006  0  0  0  0
223  -0.293771  1.00751  -71.1174  71.1294  0.773404  0  0  0  0
211  0.525915  -1.14084  -208.875  208.879  0.13957  0  0  0  0
113  -0.782522  0.292004  -182.297  182.302  0.987549  0  0  0  0
2112  -0.474128  0.838675  -292.964  292.967  0.93957  0  0  0  0
223  -0.0204978  0.161019  -243.6  243.601  0.783255  0  0  0  0
211  0.316361  -0.0181728  -46.4506  46.4519  0.13957  0  0  0  0
111  -0.466594  -0.00621645  -75.6183  75.6198  0.13498  0  0  0  0
-211  -0.365557  -0.519064  -89.1196  89.1219  0.13957  0  0  0  0
111  -0.0380511  0.399349  -84.0014  84.0024  0.13498  0  0  0  0
-321  0.113661  -0.354681  -18.9546  18.9647  0.49368  0  0  0  0
111  0.0400119  0.0187478  -23.6433  23.6437  0.13498  0  0  0  0
211  0.305462  0.046332  -21.3726  21.3753  0.13957  0  0  0  0
111  -0.375958  0.151773  -18.3914  18.3964  0.13498  0  0  0  0
211  -1.40934  0.683774  -8.84071  8.9795  0.13957  0  0  0  0
-211  -0.535606  -0.0807764  -5.36051  5.38961  0.13957  0  0  0  0
211  -0.811391  0.144295  1.28834  1.53574  0.13957  0  0  0  0
-211  0.00127638  0.75952  0.873189  1.16568  0.13957  0  0  0  0
2112  -0.410659  0.698805  5.40793  5.54846  0.93957  0  0  0  0
111  0.121144  0.00776827  0.278178  0.332172  0.13498  0  0  0  0
-211  -0.462874  0.237276  1.4568  1.55316  0.13957  0  0  0  0
111  -0.59198  0.127118  4.43484  4.47802  0.13498  0  0  0  0
-2112  0.303236  0.183241  13.6488  13.6857  0.93957  0  0  0  0
211  0.186898  0.15978  1.65442  1.6784  0.13957  0  0  0  0
211  -1.01284  0.0329604  58.1077  58.1167  0.13957  0  0  0  0
-211  0.0715083  0.0340724  1.34279  1.35234  0.13957  0  0  0  0
2212  -0.44213  0.014498  329.055  329.057  0.93827  0  0  0  0
211  -0.187413  -0.208247  79.1474  79.148  0.13957  0  0  0  0
-211  -0.478573  0.362511  172.508  172.509  0.13957  0  0  0  0
111  -0.090375  0.0371661  303.974  303.974  0.13498  0  0  0  0
311  -0.18571  0.0749274  12.4232  12.4348  0.49761  0  0  0  0
211  0.020087  -0.20564  1.51336  1.53377  0.13957  0  0  0  0
-211  -0.0847554  -0.122679  0.636508  0.668473  0.13957  0  0  0  0
111  -0.743871  -0.353857  0.356265  0.907581  0.13498  0  0  0  0
-211  -1.03791  -0.358262  -5.02095  5.1415  0.13957  0  0  0  0
111  -1.11135  -1.33192  -9.07181  9.23715  0.13498  0  0  0  0
211  0.121975  -1.00683  -4.58255  4.69552  0.13957  0  0  0  0
-211  -0.943075  -1.71911  -10.1745  10.3627  0.13957  0  0  0  0
211  -0.549142  -1.3878  -4.82264  5.05023  0.13957  0  0  0  0
-211  -4.03792  -7.75841  -31.9434  33.1195  0.13957  0  0  0  0
-211  -1.45255  -2.52158  -10.6472  11.0386  0.13957  0  0  0  0
111  -3.26367  -11.1719  -41.5178  43.1186  0.13498  0  0  0  0
211  0.438114  -0.657083  -3.72272  3.80813  0.13957  0  0  0  0
111  -0.56222  -0.461049  -3.36206  3.44243  0.13498  0  0  0  0
211  -0.201992  -0.407731  -1.25334  1.34067  0.13957  0  0  0  0
111  1.16896  0.375879  -2.07947  2.41871  0.13498  0  0  0  0
211  0.511441  2.18638  -4.12627  4.69972  0.13957  0  0  0  0
-211  0.04505  2.28586  -4.88363  5.39411  0.13957  0  0  0  0
211  0.796731  1.91627  -4.29333  4.77064  0.13957  0  0  0  0
111  -0.106257  0.54962  -1.53249  1.63711  0.13498  0  0  0  0
321  -0.104564  0.194463  14.2259  14.2361  0.49368  0  0  0  0
-211  -0.100128  -0.30594  12.1103  12.1153  0.13957  0  0  0  0
211  -0.284772  0.235397  1.93088  1.97086  0.13957  0  0  0  0
111  0.423654  0.685846  25.3031  25.3163  0.13498  0  0  0  0
-311  0.125173  -0.0964438  1.58509  1.66886  0.49761  0  0  0  0
-211  0.0580141  -0.74126  1.52338  1.70089  0.13957  0  0  0  0
-211  0.0157052  -0.0741993  -0.0715283  0.174208  0.13957  0  0  0  0
111  -0.11576  0.0639672  0.959224  0.977662  0.13498  0  0  0  0
211  0.102631  -0.157535  0.0310582  0.236209  0.13957  0  0  0  0
111  -0.0481994  -0.125995  1.21383  1.22874  0.13498  0  0  0  0
-211  -0.15708  -0.152066  -0.744719  0.788597  0.13957  0  0  0  0
111  0.42673  0.229195  -0.598374  0.781601  0.13498  0  0  0  0
211  0.938726  -0.590793  -3.89627  4.05348  0.13957  0  0  0  0
111  0.489264  0.402219  -2.7578  2.83281  0.13498  0  0  0  0
211  0.0266998  -0.211447  -15.1524  15.1545  0.13957  0  0  0  0
111  -0.100375  0.293682  -2.96905  2.98827  0.13498  0  0  0  0
211  -0.181945  0.50357  -19.6697  19.6774  0.13957  0  0  0  0
-211  0.139122  -0.435058  -38.0864  38.0894  0.13957  0  0  0  0
211  1.17051  -1.26934  1.36936  2.20815  0.13957  0  0  0  0
111  1.88984  -0.35947  1.02494  2.1839  0.13498  0  0  0  0
211  1.93703  -0.300314  1.80978  2.67152  0.13957  0  0  0  0
-211  0.18173  -0.263817  0.048803  0.352826  0.13957  0  0  0  0
2212  1.55752  -0.260507  2.11866  2.80407  0.93827  0  0  0  0
211  1.85301  -0.429585  0.949753  2.13066  0.13957  0  0  0  0
-2212  -0.0941162  0.111063  3.50384  3.63021  0.93827  0  0  0  0
-211  0.125409  -0.190729  0.523711  0.588097  0.13957  0  0  0  0
-211  0.323036  -0.338457  -0.532604  0.722532  0.13957  0  0  0  0
111  0.575221  0.483455  -0.52647  0.927361  0.13498  0  0  0  0
-211  0.620357  0.0049194  -0.929347  1.12607  0.13957  0  0  0  0
111  -0.0976741  0.278375  -0.266593  0.41991  0.13498  0  0  0  0
211  0.809582  0.628399  -1.40193  1.74218  0.13957  0  0  0  0
-211  -0.102148  0.0134725  -0.045403  0.179323  0.13957  0  0  0  0
-2112  0.736853  0.309045  -3.99076  4.17701  0.93957  0  0  0  0
111  0.364694  -0.251453  -1.24929  1.33236  0.13498  0  0  0  0
211  0.0703398  0.334463  -82.1769  82.1777  0.13957  0  0  0  0
-211  -0.464802  0.128752  -40.4419  40.445  0.13957  0  0  0  0
211  -0.528186  0.549911  -77.666  77.6699  0.13957  0  0  0  0
-211  -0.254335  -0.257907  -104.631  104.632  0.13957  0  0  0  0
113  -0.247235  -0.330255  -128.581  128.583  0.564374  0  0  0  0
2112  -0.280438  -0.450139  -19.7749  19.8043  0.93957  0  0  0  0
-211  -0.321827  -0.249297  -6.92036  6.93373  0.13957  0  0  0  0
-2112  -0.661407  -0.443418  -16.5881  16.6338  0.93957  0  0  0  0
211  -0.119871  -0.342511  -3.97655  3.99552  0.13957  0  0  0  0
211  -0.548563  -1.7942  -6.6938  6.95317  0.13957  0  0  0  0
-211  -0.387784  -0.422602  -2.13937  2.21931  0.13957  0  0  0  0
111  -0.498695  -1.25125  -5.52021  5.68377  0.13498  0  0  0  0
211  -0.00650358  -0.20325  -1.61977  1.63844  0.13957  0  0  0  0
-211  -0.415704  -0.289829  -2.57829  2.63132  0.13957  0  0  0  0
111  -0.372959  -0.492627  -1.69992  1.81376  0.13498  0  0  0  0
113  -1.4379  -4.11152  -14.4498  15.1109  0.754945  0  0  0  0
211  1.35699  8.416  -17.6726  19.6217  0.13957  0  0  0  0
-211  0.655222  6.50897  -13.7546  15.2317  0.13957  0  0  0  0
111  0.319091  2.14868  -4.23571  4.76215  0.13498  0  0  0  0
211  0.226748  0.059443  -0.0639444  0.280208  0.13957  0  0  0  0
-211  -0.00653089  0.264756  -0.371731  0.477286  0.13957  0  0  0  0
111  -0.155479  0.136055  -0.439821  0.504328  0.13498  0  0  0  0
2112  -0.157488  -0.062291  44.7182  44.7284  0.93957  0  0  0  0
211  -0.0961137  -0.220872  19.0421  19.0441  0.13957  0  0  0  0
211  0.0144272  -0.283592  27.2758  27.2776  0.13957  0  0  0  0
-211  0.304295  -0.489919  49.087  49.0906  0.13957  0  0  0  0
111  0.285505  -0.0898904  61.2965  61.2974  0.13498  0  0  0  0
321  0.298424  0.173974  2.89552  2.95755  0.49368  0  0  0  0
-321  0.394134  0.196787  2.13561  2.23576  0.49368  0  0  0  0
113  -0.924021  0.0476414  -0.377886  1.32505  0.869979  0  0  0  0
111  -0.238071  0.064946  -0.0748602  0.291066  0.13498  0  0  0  0
211  0.79706  0.192523  -3.06963  3.18032  0.13957  0  0  0  0
-211  1.27697  0.774956  -6.06769  6.25041  0.13957  0  0  0  0
111  0.200204  0.29676  -1.59054  1.63591  0.13498  0  0  0  0
211  -0.0363495  -0.0878935  -0.942657  0.957669  0.13957  0  0  0  0
-211  -0.219248  0.409443  -1.95375  2.01304  0.13957  0  0  0  0
111  0.0653817  0.175747  -0.430522  0.488601  0.13498  0  0  0  0
111  0.194696  0.605952  -29.7366  29.7437  0.13498  0  0  0  0
211  -0.0369663  -0.0645452  -152.557  152.557  0.13957  0  0  0  0
-211  -0.143832  0.116411  -38.2087  38.2094  0.13957  0  0  0  0
111  0.1603  0.109154  -52.8338  52.8343  0.13498  0  0  0  0
211  -0.176806  -0.438229  -103.941  103.942  0.13957  0  0  0  0
-211  -0.0704289  0.107975  -24.6406  24.6413  0.13957  0  0  0  0
211  -1.19007  -2.66474  -8.8277  9.29865  0.13957  0  0  0  0
-211  -0.247833  -1.44678  -5.62208  5.81222  0.13957  0  0  0  0
211  -0.585454  -0.367139  -0.300416  0.76634  0.13957  0  0  0  0
-211  -0.338567  0.414781  -0.0774701  0.558706  0.13957  0  0  0  0
4  222
2212  0  0  2510  2510  0.93827  0  0  0  0
2212  0  0  -2510  2510  0.93827  0  0  0  0
-311  2.99574  0.716015  55.3955  55.4833  0.49761  0  0  0  0
223  12.9054  2.26971  225.883  226.264  0.770464  0  0  0  0
311  1.23238  0.561452  30.7343  30.7682  0.49761  0  0  0  0
-311  0.969554  -0.604483  37.3166  37.3374  0.49761  0  0  0  0
-413  1.0592  -0.310848  63.2497  63.2913  2.01028  0  0  0  0
211  1.92193  0.357718  20.8665  20.9584  0.13957  0  0  0  0
-213  0.287811  0.154572  11.8795  11.9007  0.630664  0  0  0  0
211  -0.112039  -0.071727  10.0014  10.0032  0.13957  0  0  0  0
311  0.244178  0.256154  7.30998  7.33544  0.49761  0  0  0  0
-321  0.214211  0.219304  119.728  119.73  0.49368  0  0  0  0
2224  -0.0459496  0.30194  265.462  265.466  1.26211  0  0  0  0
-211  0.369054  -0.207705  124.19  124.191  0.13957  0  0  0  0
-523  5.34342  13.5171  324.401  324.77  5.3252  0  0  0  0
213  1.2049  0.520983  24.7988  24.8424  0.663768  0  0  0  0
2112  3.06433  -1.61027  51.8595  51.9834  0.93957  0  0  0  0
211  1.13251  0.255122  16.211  16.2531  0.13957  0  0  0  0
-2214  6.03834  -2.77939  110.611  110.817  1.18746  0  0  0  0
-211  0.433716  -0.323846  6.88862  6.91127  0.13957  0  0  0  0
321  14.4795  -5.7796  246.76  247.253  0.49368  0  0  0  0
213  -0.148816  0.318561  -0.819876  1.44519  1.13699  0  0  0  0
-211  0.101426  -0.186225  -1.36679  1.39017  0.13957  0  0  0  0
223  -0.0268002  0.394554  -0.411105  0.965848  0.779399  0  0  0  0
211  0.100367  -0.0705885  0.403238  0.444001  0.13957  0  0  0  0
111  -0.34644  -0.376856  -0.0962306  0.538071  0.13498  0  0  0  0
313  0.153527  0.226241  14.8174  14.8485  0.922104  0  0  0  0
-321  0.280757  0.111107  1.91739  2.00281  0.49368  0  0  0  0
211  -0.0510095  0.140538  5.11051  5.1146  0.13957  0  0  0  0
223  0.369721  0.133165  23.2305  23.2461  0.756216  0  0  0  0
-213  -0.0565278  0.100793  20.0392  20.0593  0.890192  0  0  0  0
111  -0.0478683  0.188793  8.49253  8.49584  0.13498  0  0  0  0
523  4.85312  4.84353  393.735  393.831  5.3252  0  0  0  0
321  -0.192112  0.214425  -31.4204  31.4256  0.49368  0  0  0  0
-323  -0.567714  -0.128235  -98.205  98.2103  0.841122  0  0  0  0
111  -0.209086  0.0222216  -15.8891  15.8911  0.13498  0  0  0  0
211  -0.256603  0.248661  -58.3476  58.3488  0.13957  0  0  0  0
3112  0.300054  0.90408  -57.4043  57.4247  1.19745  0  0  0  0
-3212  1.43922  1.59828  -70.6679  70.7107  1.19264  0  0  0  0
111  0.587617  0.415459  -17.9913  18.0062  0.13498  0  0  0  0
3222  0.3034  0.813009  -41.9929  42.0187  1.18937  0  0  0  0
-3222  1.86834  2.14555  -86.6208  86.6757  1.18937  0  0  0  0
213  0.410023  0.401904  -14.9719  15.0167  1.00818  0  0  0  0
113  0.567925  -1.72883  -12.6121  12.805  1.26118  0  0  0  0
113  0.0511627  -0.0441372  -6.91331  6.98487  0.994955  0  0  0  0
-213  0.463673  -2.22329  -9.19095  9.50768  0.874301  0  0  0  0
321  -0.372021  0.443888  -1.50888  1.68993  0.49368  0  0  0  0
-321  -0.516514  0.857157  -1.18251  1.6259  0.49368  0  0  0  0
113  -0.286808  0.177875  -0.69589  1.10412  0.787983  0  0  0  0
211  0.0299194  -0.185078  -0.0950011  0.252298  0.13957  0  0  0  0
-211  -0.688593  -0.101809  -0.532531  0.887465  0.13957  0  0  0  0
211  0.0580874  0.53318  0.240713  0.604216  0.13957  0  0  0  0
223  -1.02997  0.805443  -0.484302  1.59825  0.781198  0  0  0  0
2214  -1.49092  0.567696  1.09913  2.4623  1.51978  0  0  0  0
-2224  -1.1628  0.145092  3.06731  3.46906  1.11931  0  0  0  0
211  -0.441166  -0.458551  0.875016  1.09088  0.13957  0  0  0  0
111  -1.61225  1.4581  4.91696  5.37774  0.13498  0  0  0  0
111  -3.71065  1.79075  10.654  11.4237  0.13498  0  0  0  0
-211  -1.7092  0.66707  7.19991  7.43132  0.13957  0  0  0  0
211  -3.30984  0.701061  8.15915  8.8339  0.13957  0  0  0  0
113  -5.02103  -0.186204  13.8218  14.7499  1.12784  0  0  0  0
-211  -5.07352  0.726958  13.4309  14.3763  0.13957  0  0  0  0
111  -1.98705  0.564059  7.10327  7.39873  0.13498  0  0  0  0
113  -4.09276  0.0800577  8.98755  9.91578  0.888521  0  0  0  0
223  -9.89649  0.0664782  24.5602  26.4908  0.782231  0  0  0  0
113  -7.9709  -0.531176  17.8058  19.533  0.821197  0  0  0  0
113  -6.90153  0.301248  15.8674  17.3236  0.781822  0  0  0  0
111  -0.136278  -0.161136  0.465514  0.528639  0.13498  0  0  0  0
211  -0.52206  0.257938  1.23807  1.37527  0.13957  0  0  0  0
-211  -9.58711  0.00998286  20.3002  22.4507  0.13957  0  0  0  0
213  -1.00879  -0.495711  3.81528  4.0828  0.921716  0  0  0  0
311  -1.43781  -0.0149258  4.88373  5.11527  0.49761  0  0  0  0
-311  -0.318759  -0.00433604  1.19298  1.33133  0.49761  0  0  0  0
-213  -1.72286  -0.550563  11.689  11.8901  1.21201  0  0  0  0
111  -1.10314  0.282818  15.8712  15.9126  0.13498  0  0  0  0
411  1.47819  -2.46953  46.9086  47.034  1.86962  0  0  0  0
-211  0.993252  -1.22182  12.7233  12.8212  0.13957  0  0  0  0
211  0.701374  -0.226444  4.96023  5.01663  0.13957  0  0  0  0
-211  -0.543953  -1.0942  0.400302  1.2934  0.13957  0  0  0  0
321  0.0389781  0.0149804  0.408971  0.642434  0.49368  0  0  0  0
3122  2.27618  -5.09022  0.62487  5.72071  1.11568  0  0  0  0
-3122  0.978176  -3.4018  0.459307  3.73962  1.11568  0  0  0  0
-313  0.138953  -1.83056  0.0214222  2.0437  0.897784  0  0  0  0
-211  2.38726  -7.37515  0.772445  7.79153  0.13957  0  0  0  0
2212  0.552531  -2.03762  -0.234843  2.32222  0.93827  0  0  0  0
-2212  0.107519  -0.646092  0.310868  1.18574  0.93827  0  0  0  0
2212  0.414935  -0.628168  -0.700964  1.39229  0.93827  0  0  0  0
111  0.176001  -0.743895  -0.358997  0.855251  0.13498  0  0  0  0
-2112  0.00762365  -0.140299  -1.42188  1.71005  0.93957  0  0  0  0
2112  0.071877  0.106724  -0.940305  1.33549  0.93957  0  0  0  0
-2212  -0.050886  -0.174467  -2.47904  2.65688  0.93827  0  0  0  0
221  -0.576468  0.395578  -1.80101  2.00813  0.54785  0  0  0  0
2114  -0.163296  1.91742  -20.5205  20.6603  1.43341  0  0  0  0
211  0.132999  0.110298  -1.05448  1.07761  0.13957  0  0  0  0
-2212  -0.318938  0.0150338  -11.8117  11.8532  0.93827  0  0  0  0
213  -0.508974  0.929588  -19.4953  19.5778  1.45035  0  0  0  0
-211  0.109692  0.420586  -3.69172  3.71984  0.13957  0  0  0  0
2214  0.329355  0.391825  -43.2874  43.3113  1.34497  0  0  0  0
-2114  0.5612  -0.317546  -70.4557  70.4768  1.60172  0  0  0  0
-213  0.373307  0.0580507  -76.8909  76.8957  0.768329  0  0  0  0
211  -0.210933  -0.421061  -152.656  152.657  0.13957  0  0  0  0
221  0.742443  0.548313  -363.415  363.416  0.54785  0  0  0  0
-211  -0.423847  -0.192186  -140.451  140.451  0.13957  0  0  0  0
2212  -0.437255  -0.549614  -1045.04  1045.04  0.93827  0  0  0  0
-211  0.273619  -0.175148  6.01832  6.0287  0.13957  0  0  0  0
111  0.014192  0.32972  5.86121  5.87205  0.13498  0  0  0  0
2212  -0.151107  0.114703  159.904  159.907  0.93827  0  0  0  0
211  0.105158  0.187237  105.558  105.559  0.13957  0  0  0  0
211  0.28834  0.359871  11.6784  11.6883  0.13957  0  0  0  0
111  0.91656  0.161112  13.1204  13.1541  0.13498  0  0  0  0
-2212  4.83159  -2.10861  85.2143  85.3824  0.93827  0  0  0  0
111  1.20675  -0.670776  25.3963  25.4342  0.13498  0  0  0  0
211  -0.212579  0.579968  -0.929582  1.12479  0.13957  0  0  0  0
111  0.0637629  -0.261407  0.109706  0.320397  0.13498  0  0  0  0
321  -0.0233321  0.254643  5.42048  5.44892  0.49368  0  0  0  0
-211  0.176859  -0.0284015  9.39688  9.39963  0.13957  0  0  0  0
-211  -0.420941  -0.0360494  13.3553  13.3627  0.13957  0  0  0  0
111  0.364414  0.136842  6.68393  6.69662  0.13498  0  0  0  0
-311  -0.399668  -0.292385  -82.1679  82.1709  0.49761  0  0  0  0
-211  -0.168046  0.16415  -16.0371  16.0394  0.13957  0  0  0  0
211  0.341374  0.626471  -13.5395  13.559  0.13957  0  0  0  0
111  0.0686488  -0.224567  -1.43239  1.45777  0.13498  0  0  0  0
211  0.294679  -1.72564  -11.9095  12.0382  0.13957  0  0  0  0
-211  0.273247  -0.00318894  -0.702688  0.766762  0.13957  0  0  0  0
211  0.47016  0.132393  -4.14286  4.17389  0.13957  0  0  0  0
-211  -0.418997  -0.17653  -2.77045  2.81098  0.13957  0  0  0  0
-211  -0.0851922  -1.4504  -6.07788  6.25068  0.13957  0  0  0  0
111  0.548866  -0.772883  -3.11308  3.257  0.13498  0  0  0  0
211  0.0167447  -0.243963  -0.402527  0.49123  0.13957  0  0  0  0
-211  -0.303553  0.421839  -0.293363  0.61289  0.13957  0  0  0  0
2212  -1.45116  0.81523  1.02408  2.16785  0.93827  0  0  0  0
111  -0.039763  -0.247534  0.0750458  0.294458  0.13498  0  0  0  0
-2212  -0.864  0.182972  2.43497  2.75489  0.93827  0  0  0  0
-211  -0.298798  -0.0378795  0.632338  0.714175  0.13957  0  0  0  0
211  -4.01486  -0.17966  12.1006  12.7513  0.13957  0  0  0  0
-211  -1.00617  -0.00654326  1.72115  1.99856  0.13957  0  0  0  0
211  -3.16233  0.132135  7.64585  8.27625  0.13957  0  0  0  0
-211  -0.930427  -0.0520772  1.3417  1.63952  0.13957  0  0  0  0
211  -4.82589  -0.407304  11.6646  12.6308  0.13957  0  0  0  0
-211  -3.14501  -0.123873  6.14126  6.90225  0.13957  0  0  0  0
211  -6.69462  0.291866  15.2916  16.696  0.13957  0  0  0  0
-211  -0.206914  0.0093821  0.575801  0.627636  0.13957  0  0  0  0
211  -0.158081  -0.50779  1.03295  1.17018  0.13957  0  0  0  0
111  -0.850711  0.0120794  2.78232  2.91263  0.13498  0  0  0  0
-211  -0.642953  0.126478  1.84362  1.96158  0.13957  0  0  0  0
111  -1.07991  -0.677042  9.8454  9.92848  0.13498  0  0  0  0
-321  -0.040703  -1.68256  -0.0753045  1.75558  0.49368  0  0  0  0
211  0.179656  -0.147995  0.0967267  0.288122  0.13957  0  0  0  0
2112  0.179444  1.57344  -17.6618  17.7575  0.93957  0  0  0  0
111  -0.34274  0.343982  -2.8587  2.90279  0.13498  0  0  0  0
211  -0.473814  0.453023  -2.95195  3.02708  0.13957  0  0  0  0
111  -0.0351606  0.476564  -16.5433  16.5508  0.13498  0  0  0  0
2212  0.438961  0.0333665  -29.7188  29.7369  0.93827  0  0  0  0
111  -0.109607  0.358458  -13.5686  13.5745  0.13498  0  0  0  0
-2112  0.618699  -0.276849  -69.4528  69.4624  0.93957  0  0  0  0
111  -0.0574991  -0.0406977  -1.00288  1.01437  0.13498  0  0  0  0
-211  0.455462  -0.164659  -63.3995  63.4016  0.13957  0  0  0  0
111  -0.0821545  0.22271  -13.4914  13.4942  0.13498  0  0  0  0
211  6.38137  1.14681  109.196  109.389  0.13957  0  0  0  0
-211  3.3242  0.764903  61.2359  61.331  0.13957  0  0  0  0
111  3.19979  0.357989  55.451  55.5445  0.13498  0  0  0  0
-421  0.951411  -0.286229  57.5108  57.5496  1.86486  0  0  0  0
-211  0.10779  -0.0246189  5.73889  5.74165  0.13957  0  0  0  0
-521  5.32149  13.5013  323.09  323.459  5.27925  0  0  0  0
211  0.280807  0.30314  -0.264945  0.510315  0.13957  0  0  0  0
-211  -0.162393  0.0270201  -0.0329756  0.218332  0.13957  0  0  0  0
111  -0.145214  0.0643947  -0.113185  0.2372  0.13498  0  0  0  0
211  -0.0551248  0.20212  6.99688  7.00141  0.13957  0  0  0  0
-211  0.372599  0.0647367  10.6717  10.6793  0.13957  0  0  0  0
111  0.0522462  -0.133692  5.56195  5.56544  0.13498  0  0  0  0
521  4.75282  4.78085  387.698  387.792  5.27925  0  0  0  0
2112  0.436184  0.726044  -46.6354  46.6525  0.93957  0  0  0  0
-211  -0.13613  0.178036  -10.7689  10.7722  0.13957  0  0  0  0
-3122  1.34103  1.5544  -65.4976  65.5392  1.11568  0  0  0  0
2112  0.0552866  0.595441  -31.4277  31.4475  0.93957  0  0  0  0
211  0.248113  0.217568  -10.5652  10.5713  0.13957  0  0  0  0
-2212  1.41376  1.4424  -59.7487  59.7901  0.93827  0  0  0  0
111  0.45458  0.703156  -26.8722  26.8856  0.13498  0  0  0  0
211  -0.449675  0.0782951  -0.281676  0.554219  0.13957  0  0  0  0
-211  -0.446884  0.495916  -0.276474  0.735905  0.13957  0  0  0  0
111  -0.13341  0.231232  0.0738487  0.308123  0.13498  0  0  0  0
111  -6.42458  -0.10747  16.8074  17.9943  0.13498  0  0  0  0
323  0.57642  -1.42939  33.1472  33.195  0.890303  0  0  0  0
311  0.901769  -1.04014  13.7613  13.839  0.49761  0  0  0  0
2212  1.85285  -4.37683  0.564134  4.87732  0.93827  0  0  0  0
-211  0.42333  -0.713392  0.0607363  0.84339  0.13957  0  0  0  0
-2112  0.777504  -2.97824  0.330695  3.23521  0.93957  0  0  0  0
111  0.200672  -0.423558  0.128612  0.504412  0.13498  0  0  0  0
111  -0.15525  0.0578316  -0.726612  0.757385  0.13498  0  0  0  0
111  -0.183151  0.274831  -0.543316  0.649991  0.13498  0  0  0  0
111  -0.238067  0.0629153  -0.531083  0.600752  0.13498  0  0  0  0
111  0.374914  0.339554  -149.66  149.661  0.13498  0  0  0  0
111  0.266834  0.0737513  -103.585  103.585  0.13498  0  0  0  0
111  0.100695  0.135008  -110.17  110.17  0.13498  0  0  0  0
321  -0.200625  -0.202779  12.1664  12.1798  0.49368  0  0  0  0
-211  0.512575  -0.0365637  25.4654  25.471  0.13957  0  0  0  0
-211  0.268082  -0.226704  13.3639  13.3692  0.13957  0  0  0  0
211  0.371379  0.179818  6.51513  6.52967  0.13957  0  0  0  0
10423  1.81172  3.04535  91.6321  91.7319  2.3963  0  0  0  0
-423  1.98483  1.25667  161.014  161.043  2.00698  0  0  0  0
321  0.280687  0.813312  42.1155  42.1272  0.49368  0  0  0  0
-313  0.726127  1.39738  73.3511  73.374  0.942306  0  0  0  0
311  1.15392  0.655525  44.9278  44.9502  0.49761  0  0  0  0
-311  0.607254  0.65796  66.2896  66.2975  0.49761  0  0  0  0
-2112  0.991884  1.2172  -49.9708  50.0043  0.93957  0  0  0  0
111  0.34915  0.337196  -15.5268  15.535  0.13498  0  0  0  0
311  0.0711346  -0.859641  20.3575  20.3818  0.49761  0  0  0  0
211  0.505285  -0.569749  12.7898  12.8132  0.13957  0  0  0  0
413  1.57494  2.21836  76.4529  76.5277  2.01028  0  0  0  0
-211  0.236779  0.826992  15.1792  15.2042  0.13957  0  0  0  0
-421  1.73145  1.01891  144.261  144.287  1.86486  0  0  0  0
-321  0.109218  0.450859  22.419  22.4292  0.49368  0  0  0  0
211  0.616908  0.946522  50.9321  50.9448  0.13957  0  0  0  0
421  1.43823  2.02101  69.4779  69.5472  1.86486  0  0  0  0
211  0.136707  0.197349  6.97498  6.98051  0.13957  0  0  0  0
321  0.628479  0.631827  35.4802  35.4948  0.49368  0  0  0  0
-211  -0.0216458  -0.0448253  32.1753  32.1756  0.13957  0  0  0  0
-211  0.122855  0.160582  11.2165  11.2192  0.13957  0  0  0  0
211  1.00176  0.271326  65.3893  65.3977  0.13957  0  0  0  0
211  -0.156368  0.339757  11.4828  11.4897  0.13957  0  0  0  0
-211  0.317878  -0.0349608  19.2051  19.2083  0.13957  0  0  0  0
111  1.27672  1.71622  38.79  38.8492  0.13498  0  0  0  0
5  241
2212  0  0  2510  2510  0.93827  0  0  0  0
2212  0  0  -2510  2510  0.93827  0  0  0  0
-211  0.176804  -1.10933  999.603  999.604  0.13957  0  0  0  0
213  -2.82466  1.52787  102.721  102.775  0.806212  0  0  0  0
-213  -1.21409  0.0690603  54.5204  54.5467  1.1782  0  0  0  0
323  -0.118125  0.51984  3.99812  4.13338  0.90313  0  0  0  0
-323  -0.286823  0.372864  7.50449  7.5756  0.922544  0  0  0  0
113  -0.2295  -0.458862  -0.296663  1.01539  0.824494  0  0  0  0
111  0.898876  0.366598  0.0191371  0.980285  0.13498  0  0  0  0
211  -0.219464  0.457013  0.0898446  0.533458  0.13957  0  0  0  0
-211  -0.438076  0.345176  0.180486  0.602588  0.13957  0  0  0  0
211  0.558923  -0.010014  0.473968  0.74607  0.13957  0  0  0  0
-213  -1.17091  1.70323  -0.818855  2.39522  0.891359  0  0  0  0
211  -0.102324  0.0995251  -0.15794  0.254559  0.13957  0  0  0  0
-213  -5.22617  7.41352  1.3246  9.1993  0.774222  0  0  0  0
321  -2.85483  4.30015  1.37368  5.36396  0.49368  0  0  0  0
-321  -2.91779  3.43583  0.74821  4.59586  0.49368  0  0  0  0
221  -1.2894  1.96247  0.643195  2.49553  0.54785  0  0  0  0
213  -4.80115  7.30417  1.99924  8.99832  0.755514  0  0  0  0
-211  -1.25775  1.46329  0.668804  2.04693  0.13957  0  0  0  0
111  -1.3275  1.54241  -0.191322  2.04845  0.13498  0  0  0  0
113  -3.00766  4.01484  1.03776  5.19674  0.874194  0  0  0  0
223  -2.5406  3.74728  1.49345  4.83238  0.790403  0  0  0  0
211  -0.600384  0.417613  0.0588391  0.746862  0.13957  0  0  0  0
311  -0.924957  0.789385  0.705345  1.49124  0.49761  0  0  0  0
213  0.368242  -0.903628  1.23638  1.69819  0.634876  0  0  0  0
-211  0.590361  -0.118947  0.599681  0.861262  0.13957  0  0  0  0
111  1.01277  -0.766281  1.95579  2.33586  0.13498  0  0  0  0
211  0.623972  -0.296035  1.50698  1.66356  0.13957  0  0  0  0
-211  -0.325568  0.242604  -0.400452  0.587106  0.13957  0  0  0  0
221  0.0795955  -0.570802  -0.688471  1.0518  0.54785  0  0  0  0
211  -0.10359  0.610619  -0.859837  1.06882  0.13957  0  0  0  0
2112  0.0415662  -0.367027  -1.84564  2.10372  0.93957  0  0  0  0
223  0.114821  -0.14254  -25.5633  25.5764  0.79732  0  0  0  0
-2114  -0.0806772  0.55365  -49.7349  49.7535  1.24338  0  0  0  0
113  -0.467689  -0.291637  -65.0925  65.0999  0.811993  0  0  0  0
-213  -0.522763  0.297454  -140.387  140.391  0.830038  0  0  0  0
2212  -0.584413  0.831764  -96.3173  96.3273  0.93827  0  0  0  0
-2112  -0.0137615  0.182904  -57.5006  57.5085  0.93957  0  0  0  0
-211  -0.071231  0.0115297  -7.41317  7.41484  0.13957  0  0  0  0
113  0.199153  -0.244456  -9.38217  9.41332  0.697212  0  0  0  0
221  0.485677  0.0986503  -2.2322  2.35127  0.54785  0  0  0  0
223  -0.391149  0.153517  -4.33975  4.42967  0.782306  0  0  0  0
213  0.167594  0.434759  -4.97603  5.05274  0.743069  0  0  0  0
-211  0.48982  0.0931706  -0.807725  0.959429  0.13957  0  0  0  0
111  0.425436  -0.208103  -0.940328  1.06148  0.13498  0  0  0  0
211  0.256769  0.392607  -0.441111  0.658884  0.13957  0  0  0  0
111  0.223396  -0.36526  0.0855224  0.457006  0.13498  0  0  0  0
-213  0.172448  0.332935  0.623598  1.03799  0.740252  0  0  0  0
211  0.656302  -0.265984  0.434066  0.842243  0.13957  0  0  0  0
-213  0.382656  -0.310196  8.49476  8.54449  0.777642  0  0  0  0
321  1.02604  -1.3394  22.7242  22.7921  0.49368  0  0  0  0
-311  0.891007  0.332264  2.14572  2.39917  0.49761  0  0  0  0
-313  13.5771  -15.6164  108.405  110.366  0.917515  0  0  0  0
-211  0.591053  -0.364713  5.67741  5.72143  0.13957  0  0  0  0
111  0.0411396  -0.322825  1.34949  1.39472  0.13498  0  0  0  0
111  -0.0428867  0.040313  0.269611  0.307204  0.13498  0  0  0  0
111  1.98485  -2.42875  19.1717  19.4271  0.13498  0  0  0  0
323  0.597756  -1.22765  27.8329  27.8802  0.876499  0  0  0  0
-313  0.279453  -0.294275  12.5139  12.5412  0.720963  0  0  0  0
311  1.08762  -1.29158  29.266  29.3189  0.49761  0  0  0  0
3122  0.361351  -2.34218  67.7741  67.8247  1.11568  0  0  0  0
221  1.84048  -6.14993  169.875  169.997  0.54785  0  0  0  0
-2112  1.61496  -3.06377  90.406  90.4772  0.93957  0  0  0  0
313  1.23784  -4.45602  118.041  118.136  1.06264  0  0  0  0
-323  0.711567  -1.57126  41.5872  41.6327  0.901068  0  0  0  0
211  0.210121  -0.553657  11.2983  11.3147  0.13957  0  0  0  0
111  0.880021  -0.220364  27.1803  27.1958  0.13498  0  0  0  0
111  0.476503  -1.35197  26.5685  26.6075  0.13498  0  0  0  0
-211  1.56615  -0.000212347  30.6124  30.6527  0.13957  0  0  0  0
111  0.73283  -0.497087  51.9749  51.9826  0.13498  0  0  0  0
113  0.759103  -0.026144  22.1693  22.1971  0.810038  0  0  0  0
111  0.894128  -0.702556  48.0475  48.0611  0.13498  0  0  0  0
223  1.24391  0.778839  33.9212  33.9623  0.795735  0  0  0  0
321  0.00353203  -0.291089  5.57077  5.60017  0.49368  0  0  0  0
-311  -0.0530417  0.662395  14.5999  14.6235  0.49761  0  0  0  0
313  -0.12177  0.225196  8.10056  8.15307  0.887665  0  0  0  0
-323  0.400449  0.702512  6.46188  6.57296  0.891078  0  0  0  0
111  0.757389  -0.192496  5.91149  5.96444  0.13498  0  0  0  0
211  0.087649  0.272079  1.67231  1.7023  0.13957  0  0  0  0
321  -0.372532  0.00165711  -47.9146  47.9186  0.49368  0  0  0  0
-313  -0.487765  0.216739  -35.9157  35.9311  0.906143  0  0  0  0
-211  -0.0617685  -0.341566  -16.1051  16.1094  0.13957  0  0  0  0
111  0.329012  0.410582  -2.9819  3.03096  0.13498  0  0  0  0
111  0.0768987  -0.333143  -0.706534  0.796435  0.13498  0  0  0  0
211  0.00711092  0.236912  0.454428  0.53119  0.13957  0  0  0  0
2112  0.241122  0.154989  0.625143  1.16437  0.93957  0  0  0  0
-211  1.35972  0.023032  4.55449  4.75524  0.13957  0  0  0  0
323  -0.0877708  0.049554  -261.368  261.369  0.880598  0  0  0  0
-311  -0.771917  0.0328318  -261.266  261.267  0.49761  0  0  0  0
331  0.219216  -0.324823  -192.418  192.421  0.957785  0  0  0  0
-211  -0.491636  0.414491  -230.771  230.772  0.13957  0  0  0  0
113  0.0567261  0.258409  -31.1173  31.127  0.732762  0  0  0  0
2212  0.25801  -0.018344  -26.2116  26.2296  0.93827  0  0  0  0
-311  -0.861384  -0.0839723  -2.80999  2.98207  0.49761  0  0  0  0
-3122  0.489056  0.216478  -2.88881  3.14261  1.11568  0  0  0  0
-211  0.437223  -0.285939  -0.731843  0.909944  0.13957  0  0  0  0
211  -0.254113  0.0021191  -0.0101981  0.290107  0.13957  0  0  0  0
-213  -0.15543  0.00578172  0.298156  0.988226  0.929248  0  0  0  0
111  0.341456  -0.410766  0.606905  0.81968  0.13498  0  0  0  0
111  -0.228427  0.485428  0.746659  0.929268  0.13498  0  0  0  0
111  -0.0734822  -0.109454  0.281421  0.338817  0.13498  0  0  0  0
111  0.248405  -0.252205  1.22242  1.27978  0.13498  0  0  0  0
111  0.162193  0.311507  5.49799  5.51085  0.13498  0  0  0  0
223  0.52184  0.934721  22.2018  22.2414  0.782888  0  0  0  0
113  -0.510403  -0.306301  25.4695  25.4893  0.806641  0  0  0  0
211  0.350177  0.162801  8.34677  8.35686  0.13957  0  0  0  0
-213  -1.60372  0.273484  44.3796  44.4153  0.718935  0  0  0  0
323  -0.28096  -0.487807  44.6355  44.6483  0.909253  0  0  0  0
-311  -0.756411  0.294877  21.4306  21.4517  0.49761  0  0  0  0
111  -0.341467  0.523447  9.1304  9.15276  0.13498  0  0  0  0
-211  -0.452389  -0.0572733  7.36085  7.37628  0.13957  0  0  0  0
211  -0.967914  -0.281628  42.0183  42.0306  0.13957  0  0  0  0
111  0.194608  -0.0584149  3.88265  3.8903  0.13498  0  0  0  0
-211  -0.104381  -0.101092  2.98372  2.99052  0.13957  0  0  0  0
221  -0.494188  -0.263896  8.0927  8.13055  0.54785  0  0  0  0
221  0.17703  0.238377  3.26135  3.32035  0.54785  0  0  0  0
211  -0.893402  0.53878  9.49069  9.54889  0.13957  0  0  0  0
-213  0.530636  -0.385691  8.6007  8.65318  0.689394  0  0  0  0
111  -0.850094  0.326088  1.39516  1.67143  0.13498  0  0  0  0
111  -0.566719  0.0762069  -0.0218161  0.58794  0.13498  0  0  0  0
211  0.227073  0.0877784  -0.274003  0.392205  0.13957  0  0  0  0
-211  -0.127333  -0.695222  -0.615932  0.947839  0.13957  0  0  0  0
2212  -0.164661  0.571021  -1.07408  1.54505  0.93827  0  0  0  0
-321  0.453356  -0.212687  -0.453699  0.836857  0.49368  0  0  0  0
-3112  -0.183938  0.123431  -4.73203  4.88621  1.19745  0  0  0  0
113  -0.303784  -0.64133  -4.06383  4.18966  0.731445  0  0  0  0
-213  -0.0848921  0.036376  -26.3805  26.4093  1.22848  0  0  0  0
211  0.562801  0.404901  -60.89  60.8941  0.13957  0  0  0  0
-211  0.0728067  -0.494935  -26.6595  26.6645  0.13957  0  0  0  0
221  -0.255266  -0.115359  -346.619  346.62  0.54785  0  0  0  0
2212  -0.176852  0.480542  -426.81  426.811  0.93827  0  0  0  0
211  -0.337765  0.386715  23.4194  23.4254  0.13957  0  0  0  0
111  -2.48689  1.14115  79.3019  79.3492  0.13498  0  0  0  0
-211  -0.562431  -0.2314  9.5524  9.57276  0.13957  0  0  0  0
111  -0.651659  0.300461  44.968  44.974  0.13498  0  0  0  0
311  0.0203662  0.410041  3.71996  3.77548  0.49761  0  0  0  0
211  -0.138492  0.109798  0.278165  0.357898  0.13957  0  0  0  0
-311  0.0301711  0.214736  2.58363  2.64003  0.49761  0  0  0  0
-211  -0.316994  0.158129  4.92086  4.93557  0.13957  0  0  0  0
211  0.00319631  0.0823968  0.181887  0.243643  0.13957  0  0  0  0
-211  -0.232696  -0.541259  -0.47855  0.77175  0.13957  0  0  0  0
-211  -0.937454  1.31345  -0.981776  1.89403  0.13957  0  0  0  0
111  -0.233458  0.389772  0.162922  0.501187  0.13498  0  0  0  0
-211  -0.261954  0.364745  0.169208  0.499769  0.13957  0  0  0  0
111  -4.96421  7.04877  1.15539  8.69953  0.13498  0  0  0  0
211  -0.979952  1.27105  0.604603  1.72073  0.13957  0  0  0  0
111  -3.8212  6.03312  1.39464  7.27759  0.13498  0  0  0  0
211  -1.75371  2.80227  0.959648  3.44509  0.13957  0  0  0  0
-211  -1.25395  1.21257  0.078114  1.75166  0.13957  0  0  0  0
211  0.0412144  -0.128742  -0.00297373  0.194324  0.13957  0  0  0  0
111  0.327027  -0.774886  1.23936  1.50387  0.13498  0  0  0  0
-2112  -0.0958766  0.233698  -41.4176  41.429  0.93957  0  0  0  0
111  0.0151994  0.319952  -8.3173  8.32456  0.13498  0  0  0  0
211  -0.165925  0.0440898  -4.40087  4.40643  0.13957  0  0  0  0
-211  -0.301764  -0.335727  -60.6916  60.6935  0.13957  0  0  0  0
-211  -0.0982538  -0.147958  -11.5863  11.5885  0.13957  0  0  0  0
111  -0.424509  0.445412  -128.801  128.803  0.13498  0  0  0  0
211  0.0679404  0.207199  -4.20373  4.2117  0.13957  0  0  0  0
-211  0.131213  -0.451655  -5.17843  5.20162  0.13957  0  0  0  0
211  0.378469  0.469848  -3.27697  3.33496  0.13957  0  0  0  0
111  -0.210875  -0.0350893  -1.69907  1.71777  0.13498  0  0  0  0
-211  -0.124385  0.44226  0.422649  0.639669  0.13957  0  0  0  0
111  0.296833  -0.109325  0.200949  0.398324  0.13498  0  0  0  0
-211  0.575945  -0.112784  5.00916  5.04535  0.13957  0  0  0  0
111  -0.193288  -0.197411  3.4856  3.49913  0.13498  0  0  0  0
-311  11.5094  -13.2816  90.7813  92.4682  0.49761  0  0  0  0
111  2.06775  -2.33481  17.6237  17.8981  0.13498  0  0  0  0
311  0.677931  -0.822074  21.6092  21.6412  0.49761  0  0  0  0
211  -0.0801758  -0.405573  6.22375  6.23903  0.13957  0  0  0  0
-311  0.196087  -0.055054  8.62051  8.63727  0.49761  0  0  0  0
111  0.083366  -0.239221  3.89335  3.90392  0.13498  0  0  0  0
321  0.604471  -3.33757  90.8162  90.8809  0.49368  0  0  0  0
-211  0.633365  -1.11845  27.2245  27.2551  0.13957  0  0  0  0
-311  0.155457  -0.473059  16.2385  16.2538  0.49761  0  0  0  0
-211  0.55611  -1.0982  25.3487  25.379  0.13957  0  0  0  0
211  0.274479  0.0365282  2.24508  2.26639  0.13957  0  0  0  0
-211  0.484625  -0.0626722  19.9242  19.9307  0.13957  0  0  0  0
321  0.111852  0.270943  6.7638  6.78812  0.49368  0  0  0  0
-211  -0.233621  -0.0457468  1.33676  1.36495  0.13957  0  0  0  0
-321  0.0931823  0.169527  3.84291  3.87931  0.49368  0  0  0  0
111  0.307267  0.532986  2.61897  2.69364  0.13498  0  0  0  0
-311  -0.614609  0.269799  -31.6751  31.6861  0.49761  0  0  0  0
111  0.126845  -0.05306  -4.24055  4.24493  0.13498  0  0  0  0
321  -0.144272  0.266503  -213.655  213.655  0.49368  0  0  0  0
111  0.0565013  -0.216949  -47.7131  47.7139  0.13498  0  0  0  0
211  0.236714  0.242646  -7.77812  7.78676  0.13957  0  0  0  0
-211  -0.179988  0.0157639  -23.3391  23.3403  0.13957  0  0  0  0
-211  0.245948  0.199547  -0.115985  0.365023  0.13957  0  0  0  0
111  -0.401379  -0.193765  0.414141  0.623203  0.13498  0  0  0  0
211  -0.458875  0.118816  17.5251  17.532  0.13957  0  0  0  0
-211  -0.0515288  -0.425117  7.94445  7.9572  0.13957  0  0  0  0
-211  -1.21869  0.145224  24.5879  24.6189  0.13957  0  0  0  0
111  -0.385029  0.128261  19.7917  19.7963  0.13498  0  0  0  0
311  -0.0592138  -0.353706  39.2348  39.2396  0.49761  0  0  0  0
211  -0.221746  -0.134101  5.40071  5.40872  0.13957  0  0  0  0
-211  -0.067568  -0.223881  3.95913  3.96848  0.13957  0  0  0  0
111  0.598204  -0.16181  4.64157  4.6847  0.13498  0  0  0  0
211  -0.117532  -0.485938  -1.14156  1.25403  0.13957  0  0  0  0
-211  -0.186252  -0.155393  -2.92226  2.93563  0.13957  0  0  0  0
-211  0.41009  -0.0241168  -4.12478  4.14754  0.13957  0  0  0  0
111  -0.494982  0.0604928  -22.2558  22.2618  0.13498  0  0  0  0
211  -0.398458  0.510699  0.324181  0.737669  0.13957  0  0  0  0
-211  -0.387707  0.568978  0.160217  0.720556  0.13957  0  0  0  0
111  -0.503237  0.882795  0.158797  1.03731  0.13498  0  0  0  0
211  -0.274936  0.330435  0.0934836  0.461515  0.13957  0  0  0  0
-211  -1.20298  2.20841  0.728144  2.62181  0.13957  0  0  0  0
111  -1.06268  1.20844  0.671818  1.74905  0.13498  0  0  0  0
111  -0.00283183  -0.101592  -0.0178287  0.169901  0.13498  0  0  0  0
111  0.0908378  -0.365162  -0.50509  0.644151  0.13498  0  0  0  0
111  -0.00841045  -0.104048  -0.165553  0.237748  0.13498  0  0  0  0
211  0.168258  0.133896  -10.0092  10.0125  0.13957  0  0  0  0
-211  -0.086294  -0.0628381  -11.734  11.7353  0.13957  0  0  0  0
111  0.0328574  -0.213597  -3.82004  3.82852  0.13498  0  0  0  0
111  0.0761775  0.0615869  -0.389194  0.423424  0.13498  0  0  0  0
111  0.318921  0.101057  -0.91516  0.983698  0.13498  0  0  0  0
111  0.0905786  -0.0639938  -0.927843  0.944146  0.13498  0  0  0  0
211  -0.388885  0.197081  -1.76298  1.82144  0.13957  0  0  0  0
-211  0.118435  0.0558505  -1.01805  1.03589  0.13957  0  0  0  0
111  -0.120698  -0.0994153  -1.55871  1.57234  0.13498  0  0  0  0
2212  0.317167  -2.00401  60.4789  60.5202  0.93827  0  0  0  0
-211  0.0441841  -0.338164  7.2952  7.3045  0.13957  0  0  0  0
211  0.0371289  0.000928846  1.3455  1.35323  0.13957  0  0  0  0
-211  0.374783  0.33532  11.603  11.6148  0.13957  0  0  0  0
111  0.832002  0.44259  20.9727  20.9943  0.13498  0  0  0  0
211  -0.0170599  0.0579753  -18.3621  18.3627  0.13957  0  0  0  0
-211  -0.00146566  -0.19255  -51.912  51.9126  0.13957  0  0  0  0
221  0.237742  -0.190248  -122.144  122.145  0.54785  0  0  0  0
-2112  0.375888  0.16737  -2.65177  2.84323  0.93957  0  0  0  0
111  0.113168  0.0491083  -0.237037  0.299374  0.13498  0  0  0  0
211  0.0479378  0.311654  9.65259  9.65875  0.13957  0  0  0  0
-211  0.224286  0.0407607  3.35766  3.36828  0.13957  0  0  0  0
111  0.249616  0.582306  9.19157  9.21437  0.13498  0  0  0  0
111  -0.22139  -0.118355  5.07855  5.08654  0.13498  0  0  0  0
111  -0.199247  -0.0687722  1.60097  1.62042  0.13498  0  0  0  0
111  -0.0735507  -0.0767689  1.41318  1.42359  0.13498  0  0  0  0
-2112  -0.152157  -0.0906377  -3.88344  3.99941  0.93957  0  0  0  0
211  -0.031781  0.214069  -0.848592  0.886806  0.13957  0  0  0  0
211  -0.139157  0.0221721  -117.719  117.719  0.13957  0  0  0  0
-211  0.0335381  -0.0809407  -53.4084  53.4087  0.13957  0  0  0  0
111  -0.149647  -0.0565908  -175.492  175.492  0.13498  0  0  0  0
6  334
2212  0  0  2510  2510  0.93827  0  0  0  0
2212  0  0  -2510  2510  0.93827  0  0  0  0
111  0.762986  0.293502  142.777  142.78  0.13498  0  0  0  0
321  -1.10876  -0.94523  159.848  159.855  0.49368  0  0  0  0
333  0.383054  -0.144498  -113.844  113.85  1.01508  0  0  0  0
-323  0.459914  -0.168336  -164.332  164.336  0.970275  0  0  0  0
2224  0.0811695  -0.183522  -305.3  305.302  1.28853  0  0  0  0
111  0.0710055  0.309335  -12.255  12.2599  0.13498  0  0  0  0
111  -0.457227  -0.173617  -21.8636  21.8695  0.13498  0  0  0  0
211  -0.0497155  -0.0904131  -0.153633  0.231795  0.13957  0  0  0  0
-211  0.133561  -0.333645  -2.03908  2.07521  0.13957  0  0  0  0
223  -0.248412  0.533744  -4.44543  4.55235  0.78453  0  0  0  0
211  0.301881  -0.011769  -2.20666  2.23161  0.13957  0  0  0  0
-211  -1.39348  0.925948  -2.74798  3.22025  0.13957  0  0  0  0
211  -0.539478  0.239828  -0.933981  1.11371  0.13957  0  0  0  0
-211  0.125301  0.057024  -0.687118  0.714537  0.13957  0  0  0  0
-213  1.5433  -0.0396852  65.1054  65.1284  0.778653  0  0  0  0
211  -0.607753  -0.324195  38.3291  38.3355  0.13957  0  0  0  0
111  0.389762  0.223161  20.4219  20.4273  0.13498  0  0  0  0
331  -0.0295041  -0.278868  28.0157  28.0335  0.957791  0  0  0  0
113  0.0798375  0.308112  36.5045  36.5142  0.779932  0  0  0  0
311  -1.88155  -0.043637  51.4924  51.5292  0.49761  0  0  0  0
-311  0.500101  -0.118834  58.1143  58.1187  0.49761  0  0  0  0
-211  0.107131  0.281434  35.275  35.2766  0.13957  0  0  0  0
211  0.416449  0.214036  52.7554  52.7577  0.13957  0  0  0  0
-211  -0.323813  0.0173269  65.9842  65.9852  0.13957  0  0  0  0
321  -0.461026  0.192225  150.613  150.615  0.49368  0  0  0  0
-321  0.548401  -0.222498  312.291  312.292  0.49368  0  0  0  0
2212  0.13871  0.527967  672.543  672.544  0.93827  0  0  0  0
111  0.120912  0.174944  2.53384  2.54633  0.13498  0  0  0  0
313  0.55889  0.322756  2.63263  2.81322  0.752951  0  0  0  0
-321  -0.129418  0.393964  7.44525  7.47311  0.49368  0  0  0  0
211  0.023905  0.154908  0.782347  0.810009  0.13957  0  0  0  0
-211  -0.235388  0.263798  3.61586  3.63579  0.13957  0  0  0  0
213  0.0866517  1.00259  4.34541  4.51734  0.714915  0  0  0  0
-211  -0.491661  2.24071  9.73151  9.99921  0.13957  0  0  0  0
111  -0.0859852  -0.216786  -0.110918  0.291397  0.13498  0  0  0  0
2212  0.542668  0.220908  2.02332  2.30597  0.93827  0  0  0  0
-2112  0.702645  0.845105  1.95706  2.43327  0.93957  0  0  0  0
-211  1.65888  0.363509  0.179426  1.71339  0.13957  0  0  0  0
211  0.779117  0.375536  0.595325  1.05922  0.13957  0  0  0  0
111  0.366553  -0.315348  -0.0603779  0.505638  0.13498  0  0  0  0
223  3.45555  1.17558  1.02463  3.86992  0.776889  0  0  0  0
223  2.49311  1.11048  0.980858  3.0002  0.768339  0  0  0  0
323  0.0145962  -0.294671  0.784411  1.2572  0.937121  0  0  0  0
-311  0.129843  0.154896  0.219091  0.580059  0.49761  0  0  0  0
113  0.287346  0.118701  0.374654  1.00389  0.877941  0  0  0  0
111  -0.297951  0.301927  0.116787  0.460211  0.13498  0  0  0  0
2112  1.38302  -0.437513  -1.16096  2.08202  0.93957  0  0  0  0
-3122  0.373191  -0.347404  -2.13401  2.46145  1.11568  0  0  0  0
-311  0.232302  -0.354846  -0.425954  0.780341  0.49761  0  0  0  0
-211  0.951185  -1.50398  -2.28122  2.89658  0.13957  0  0  0  0
111  2.12198  2.57761  -2.55035  4.2035  0.13498  0  0  0  0
211  0.279249  1.46708  -1.44751  2.08449  0.13957  0  0  0  0
111  1.50334  1.48273  -1.52681  2.6092  0.13498  0  0  0  0
-213  2.21495  3.34607  -0.804483  4.22916  1.06604  0  0  0  0
211  0.756704  0.395095  -0.921221  1.26366  0.13957  0  0  0  0
-213  2.42782  1.6164  -0.0327972  3.01054  0.745092  0  0  0  0
211  3.58071  0.619249  -0.343589  3.65274  0.13957  0  0  0  0
-211  0.658435  0.187185  -0.503914  0.861385  0.13957  0  0  0  0
213  2.82435  -0.160814  0.647332  3.11227  1.12445  0  0  0  0
223  0.844489  -0.961647  -1.00221  1.80863  0.792951  0  0  0  0
221  -1.63104  -4.15041  -4.15127  6.11714  0.54785  0  0  0  0
111  -0.243038  -1.44617  -0.862792  1.70678  0.13498  0  0  0  0
-213  -2.64518  -8.31294  -7.33622  11.4248  0.776839  0  0  0  0
211  -0.542902  -4.32923  -3.86609  5.83122  0.13957  0  0  0  0
-213  -1.65432  -3.90915  -2.85898  5.17395  0.760121  0  0  0  0
111  -0.79163  -2.26662  -1.78996  2.99773  0.13498  0  0  0  0
111  -1.23747  -3.83177  -3.37461  5.25548  0.13498  0  0  0  0
211  -3.18074  -9.99338  -9.19031  13.9451  0.13957  0  0  0  0
-213  -0.977438  -3.72685  -2.69574  4.76951  0.797759  0  0  0  0
111  -0.157662  -0.826218  -0.971548  1.29214  0.13498  0  0  0  0
321  1.09231  -0.88772  -2.57976  2.97994  0.49368  0  0  0  0
-313  0.761265  -0.825282  -3.88654  4.13845  0.872346  0  0  0  0
-211  0.930338  -0.563591  -3.57445  3.73889  0.13957  0  0  0  0
213  0.141963  -0.389631  -2.66133  2.757  0.588564  0  0  0  0
-213  0.130711  0.68047  -7.38959  7.46735  0.821706  0  0  0  0
211  -0.144929  0.222693  -3.28628  3.29995  0.13957  0  0  0  0
113  0.55166  0.251562  -3.70165  3.83824  0.813822  0  0  0  0
111  -0.308921  -0.0664222  -6.96962  6.97808  0.13498  0  0  0  0
-213  -0.906182  1.98818  -23.0409  23.1559  0.731382  0  0  0  0
111  -1.34475  1.7228  -28.1927  28.2776  0.13498  0  0  0  0
321  -0.816237  1.99618  -28.8878  28.9723  0.49368  0  0  0  0
-323  -0.970343  4.08441  -41.7151  41.9356  0.905964  0  0  0  0
2114  -1.88291  3.98075  -51.8829  52.0848  1.26217  0  0  0  0
211  -0.455262  0.826376  -6.38563  6.45646  0.13957  0  0  0  0
-2112  -0.905766  3.98608  -45.7417  45.9336  0.93957  0  0  0  0
-211  -0.708094  0.997891  -9.46073  9.54055  0.13957  0  0  0  0
211  -0.000312681  0.703258  -11.1106  11.1337  0.13957  0  0  0  0
111  -0.855215  3.43203  -26.754  26.9872  0.13498  0  0  0  0
221  0.221022  1.08765  -10.6212  10.6931  0.54785  0  0  0  0
-211  -0.0727796  0.594625  -43.6113  43.6156  0.13957  0  0  0  0
321  -0.264695  -0.26055  -35.8069  35.8122  0.49368  0  0  0  0
-321  0.223398  0.534302  -24.2512  24.2631  0.49368  0  0  0  0
111  -0.395231  0.0740967  -33.2701  33.2728  0.13498  0  0  0  0
2214  -0.429041  0.206923  -87.0628  87.0742  1.32446  0  0  0  0
-211  0.377879  0.0705671  -22.8662  22.8698  0.13957  0  0  0  0
-2214  -0.595258  0.0281084  -9.59101  9.69341  1.27265  0  0  0  0
111  0.478094  -0.0742542  -5.14107  5.16555  0.13498  0  0  0  0
213  0.163044  0.170472  -1.97836  2.36355  1.27155  0  0  0  0
111  0.10757  0.259141  -0.0360015  0.313435  0.13498  0  0  0  0
223  -0.027471  0.0727105  0.296705  0.848105  0.790701  0  0  0  0
-213  0.0782875  0.155292  2.93297  3.13161  1.08373  0  0  0  0
211  -0.166841  -0.295458  7.20633  7.21566  0.13957  0  0  0  0
-211  -0.184544  -0.556335  6.77866  6.80538  0.13957  0  0  0  0
113  -0.135911  0.21063  12.6022  12.6328  0.842269  0  0  0  0
211  0.34936  0.0987418  9.69844  9.70624  0.13957  0  0  0  0
111  -0.291988  0.192609  28.4529  28.4554  0.13498  0  0  0  0
-211  0.0511254  -0.356891  8.5302  8.53895  0.13957  0  0  0  0
211  -0.354586  0.141534  137.019  137.02  0.13957  0  0  0  0
-211  -0.495441  -0.129189  2.33973  2.39916  0.13957  0  0  0  0
211  -0.716813  0.380794  4.49003  4.56494  0.13957  0  0  0  0
223  -0.744621  -0.0885069  1.20042  1.60941  0.76609  0  0  0  0
221  0.138475  -0.00533973  0.598395  0.823055  0.54785  0  0  0  0
313  0.414294  0.174806  -1.07388  1.47081  0.89882  0  0  0  0
-321  -0.310457  -0.364062  -0.0800463  0.692136  0.49368  0  0  0  0
211  -0.0761014  -0.245872  -0.35344  0.45896  0.13957  0  0  0  0
223  -0.219164  -0.0422968  -4.70281  4.77389  0.789847  0  0  0  0
-211  0.441104  -0.201988  -2.79939  2.84455  0.13957  0  0  0  0
2212  0.197578  -0.170844  -5.45092  5.53725  0.93827  0  0  0  0
-2112  0.291795  -0.538146  -35.8596  35.8771  0.93957  0  0  0  0
223  0.491827  -0.164229  -13.0181  13.0517  0.779047  0  0  0  0
-211  -0.0860685  -0.864214  -23.9642  23.9803  0.13957  0  0  0  0
113  0.424049  -1.84317  -101.827  101.85  1.06111  0  0  0  0
211  0.621095  0.291167  -34.1967  34.2038  0.13957  0  0  0  0
-213  0.288138  -1.44841  -93.7654  93.7809  0.853059  0  0  0  0
221  0.327838  -0.282339  -18.4494  18.4626  0.54785  0  0  0  0
213  -0.506596  1.68752  -111.386  111.402  0.73808  0  0  0  0
113  1.55546  1.19559  -107.462  107.484  0.979038  0  0  0  0
311  0.244757  0.468556  -42.0326  42.0388  0.49761  0  0  0  0
-321  0.21353  1.2287  -65.1574  65.1712  0.49368  0  0  0  0
211  -0.279277  0.505905  -43.9739  43.9779  0.13957  0  0  0  0
223  0.366927  2.12334  -57.3405  57.3862  0.774986  0  0  0  0
-211  0.583552  0.450013  -2.69912  2.80139  0.13957  0  0  0  0
211  -0.264776  0.450366  -16.336  16.3449  0.13957  0  0  0  0
-211  0.148218  -0.140457  -0.31714  0.402186  0.13957  0  0  0  0
213  -0.49481  -0.595271  -7.13961  7.21789  0.724385  0  0  0  0
113  0.563205  -0.324221  -2.73266  2.91618  0.783839  0  0  0  0
-211  -0.588513  0.384884  -1.99819  2.1229  0.13957  0  0  0  0
211  0.0725187  0.13162  -1.85407  1.86538  0.13957  0  0  0  0
-213  0.56344  -1.60364  -2.9362  3.59102  1.17686  0  0  0  0
323  -0.106633  -1.06984  -0.674445  1.63479  1.03041  0  0  0  0
-313  -0.379006  0.55107  -0.6022  1.26552  0.889703  0  0  0  0
111  0.388783  -0.555144  0.485315  0.844445  0.13498  0  0  0  0
111  -0.0670192  -0.370571  -0.211004  0.452279  0.13498  0  0  0  0
311  -0.243821  0.224317  0.319523  0.677848  0.49761  0  0  0  0
-311  -1.87886  -0.349417  0.502596  2.03775  0.49761  0  0  0  0
-211  -1.13275  0.546082  -0.445981  1.34153  0.13957  0  0  0  0
211  -1.16507  -0.220332  0.463614  1.28076  0.13957  0  0  0  0
-211  -0.566503  0.473188  0.437065  0.869102  0.13957  0  0  0  0
3222  -3.00903  0.931471  0.350359  3.38515  1.18937  0  0  0  0
-3222  -2.63752  -0.57777  -1.03564  3.1269  1.18937  0  0  0  0
223  -1.01025  -1.04452  -0.147456  1.65598  0.780315  0  0  0  0
111  -0.712461  -0.529928  -1.04319  1.37655  0.13498  0  0  0  0
211  -0.264729  0.165353  0.459029  0.572373  0.13957  0  0  0  0
1114  -0.869973  -0.951249  0.449556  2.21882  1.74909  0  0  0  0
211  -0.25407  0.263172  0.242458  0.460518  0.13957  0  0  0  0
-2112  -0.0221179  -0.405853  2.39902  2.60831  0.93957  0  0  0  0
-211  -0.393846  -0.849841  5.34601  5.42924  0.13957  0  0  0  0
211  0.37554  0.252877  0.885743  1.00449  0.13957  0  0  0  0
2112  0.112274  -1.60842  14.4008  14.5212  0.93957  0  0  0  0
-2212  0.613133  -0.457383  23.8385  23.8693  0.93827  0  0  0  0
213  0.409384  -1.15607  18.5573  18.6136  0.767974  0  0  0  0
111  1.03566  -1.11632  22.5711  22.6228  0.13498  0  0  0  0
-211  -0.478477  1.40409  -93.4982  93.5101  0.13957  0  0  0  0
211  0.07671  1.29602  -71.4057  71.4176  0.13957  0  0  0  0
113  -0.267979  3.7896  -184.397  184.438  0.772548  0  0  0  0
-213  -0.513001  0.741127  -33.8405  33.8602  0.723835  0  0  0  0
223  -0.265467  0.196904  -13.0625  13.0911  0.799726  0  0  0  0
113  0.643863  -0.083305  -3.96446  4.03442  0.371577  0  0  0  0
111  -0.196026  0.106455  -0.485985  0.551507  0.13498  0  0  0  0
211  -0.384962  -0.129433  0.0594192  0.433543  0.13957  0  0  0  0
1114  0.392837  0.330393  -2.46835  2.96742  1.56504  0  0  0  0
211  -0.252585  0.187261  0.0266336  0.345043  0.13957  0  0  0  0
-2114  0.0869252  -0.361935  2.59983  2.92871  1.29602  0  0  0  0
-211  -0.0650138  0.423016  4.74948  4.77076  0.13957  0  0  0  0
211  -0.0335411  -0.313899  4.26473  4.27867  0.13957  0  0  0  0
113  0.141326  -0.192807  2.41986  2.53167  0.704602  0  0  0  0
223  0.0459736  0.37255  7.34958  7.40113  0.787101  0  0  0  0
-213  -0.18057  -0.131918  21.8114  21.8201  0.572898  0  0  0  0
321  -0.127352  0.324946  13.3434  13.3571  0.49368  0  0  0  0
-311  0.477016  0.294587  24.3454  24.357  0.49761  0  0  0  0
111  0.0608423  0.115579  145.974  145.974  0.13498  0  0  0  0
-311  0.403477  0.207785  -112.093  112.095  0.49761  0  0  0  0
-211  0.0564374  -0.376121  -52.239  52.2405  0.13957  0  0  0  0
2212  0.146345  0.106008  -248.636  248.638  0.93827  0  0  0  0
211  -0.0651757  -0.289529  -56.6631  56.664  0.13957  0  0  0  0
-211  0.462991  -0.120564  10.2653  10.2774  0.13957  0  0  0  0
111  1.08031  0.0808785  54.8401  54.851  0.13498  0  0  0  0
211  -0.0808774  -0.22007  12.0282  12.0313  0.13957  0  0  0  0
-211  0.160715  0.528182  24.4763  24.4829  0.13957  0  0  0  0
321  0.321855  0.390729  1.81402  1.94696  0.49368  0  0  0  0
-211  0.237035  -0.067973  0.818609  0.86626  0.13957  0  0  0  0
211  -0.07515  0.123582  1.89322  1.90386  0.13957  0  0  0  0
111  0.161802  0.879012  2.45218  2.61348  0.13498  0  0  0  0
321  0.0571077  -0.217975  0.0971053  0.551293  0.49368  0  0  0  0
111  -0.0425115  -0.0766962  0.687306  0.705903  0.13498  0  0  0  0
211  0.337008  -0.210529  -0.0744293  0.427688  0.13957  0  0  0  0
-211  -0.0496621  0.329231  0.449083  0.576207  0.13957  0  0  0  0
-211  2.04147  2.50722  -0.36433  3.25668  0.13957  0  0  0  0
111  0.173477  0.838847  -0.440154  0.972477  0.13498  0  0  0  0
-211  0.904913  0.29652  0.181536  0.979401  0.13957  0  0  0  0
111  1.52291  1.31988  -0.214334  2.03113  0.13498  0  0  0  0
211  1.06573  -0.592999  0.293318  1.26212  0.13957  0  0  0  0
111  1.75861  0.432184  0.354014  1.85015  0.13498  0  0  0  0
-211  -1.44494  -5.58973  -4.67564  7.43062  0.13957  0  0  0  0
111  -1.20023  -2.72321  -2.66057  3.99416  0.13498  0  0  0  0
-211  -1.04837  -3.18664  -2.2943  4.06657  0.13957  0  0  0  0
111  -0.605954  -0.722515  -0.564682  1.10738  0.13498  0  0  0  0
-211  -0.528238  -3.02962  -2.28717  3.83514  0.13957  0  0  0  0
111  -0.4492  -0.697229  -0.408576  0.934378  0.13498  0  0  0  0
-321  0.51856  -0.791519  -2.41791  2.64299  0.49368  0  0  0  0
211  0.242706  -0.0337624  -1.46863  1.49546  0.13957  0  0  0  0
211  -0.048763  -0.0975951  -0.198996  0.266424  0.13957  0  0  0  0
111  0.190726  -0.292036  -2.46233  2.49058  0.13498  0  0  0  0
-211  0.263752  0.364389  -1.64891  1.71485  0.13957  0  0  0  0
111  -0.133041  0.316081  -5.74068  5.7525  0.13498  0  0  0  0
211  -0.138462  0.239635  -1.19765  1.23711  0.13957  0  0  0  0
-211  0.690122  0.0119275  -2.504  2.60113  0.13957  0  0  0  0
-211  -0.657419  1.18606  -10.8543  10.9396  0.13957  0  0  0  0
111  -0.248763  0.802123  -12.1866  12.2163  0.13498  0  0  0  0
-311  -0.492525  1.49178  -17.1982  17.2769  0.49761  0  0  0  0
-211  -0.477818  2.59263  -24.517  24.6587  0.13957  0  0  0  0
2112  -1.29935  2.96777  -35.6476  35.8069  0.93957  0  0  0  0
111  -0.583561  1.01299  -16.2353  16.2779  0.13498  0  0  0  0
2212  -0.251161  0.0796441  -44.8175  44.8281  0.93827  0  0  0  0
111  -0.17788  0.127279  -42.2453  42.2461  0.13498  0  0  0  0
-2212  -0.673161  0.097984  -9.10095  9.17444  0.93827  0  0  0  0
111  0.0779027  -0.0698756  -0.490059  0.518969  0.13498  0  0  0  0
211  -0.522969  0.152714  -1.14454  1.27525  0.13957  0  0  0  0
111  0.686013  0.0177581  -0.833815  1.0883  0.13498  0  0  0  0
-211  0.372131  0.43698  2.24092  2.31747  0.13957  0  0  0  0
111  -0.293843  -0.281689  0.692041  0.814146  0.13498  0  0  0  0
211  0.0307645  -0.188516  8.85201  8.85517  0.13957  0  0  0  0
-211  -0.166675  0.399146  3.75018  3.77762  0.13957  0  0  0  0
311  0.310848  -0.0523999  -0.331257  0.67581  0.49761  0  0  0  0
111  0.103446  0.227206  -0.742619  0.795001  0.13498  0  0  0  0
211  -0.308131  -0.334998  -18.6149  18.621  0.13957  0  0  0  0
-211  0.73218  -1.50817  -83.2119  83.2289  0.13957  0  0  0  0
-211  0.504185  -1.21093  -64.872  64.8854  0.13957  0  0  0  0
111  -0.216048  -0.237477  -28.8934  28.8955  0.13498  0  0  0  0
211  -0.0507176  0.736502  -64.2308  64.2352  0.13957  0  0  0  0
111  -0.455878  0.951017  -47.1551  47.1671  0.13498  0  0  0  0
211  0.0966188  0.0355554  -2.63355  2.63925  0.13957  0  0  0  0
-211  1.45884  1.16004  -104.828  104.845  0.13957  0  0  0  0
211  -0.439544  -0.706562  -5.02572  5.09605  0.13957  0  0  0  0
111  -0.0552658  0.111291  -2.11389  2.12183  0.13498  0  0  0  0
211  0.627315  -0.477938  -2.14553  2.29014  0.13957  0  0  0  0
-211  -0.0641093  0.153717  -0.587121  0.626043  0.13957  0  0  0  0
-211  0.682678  -0.315549  -1.16154  1.39078  0.13957  0  0  0  0
111  -0.119237  -1.28809  -1.77466  2.20024  0.13498  0  0  0  0
321  -0.258089  -0.831818  -0.133558  1.00999  0.49368  0  0  0  0
111  0.151456  -0.23802  -0.540887  0.624796  0.13498  0  0  0  0
-311  -0.0163881  0.450916  -0.538228  0.860755  0.49761  0  0  0  0
111  -0.362618  0.100154  -0.063972  0.404764  0.13498  0  0  0  0
2112  -1.04356  -0.246687  0.20446  1.4403  0.93957  0  0  0  0
-211  0.173584  -0.704562  0.245097  0.778519  0.13957  0  0  0  0
211  0.58576  -0.771791  11.0748  11.118  0.13957  0  0  0  0
111  -0.176376  -0.384278  7.48247  7.49562  0.13498  0  0  0  0
211  -0.391055  3.53035  -171.089  171.126  0.13957  0  0  0  0
-211  0.123076  0.259251  -13.3077  13.3115  0.13957  0  0  0  0
-211  -0.61314  0.757465  -28.0123  28.0296  0.13957  0  0  0  0
111  0.100139  -0.0163381  -5.82818  5.83063  0.13498  0  0  0  0
211  0.149236  0.0110488  -0.734902  0.762859  0.13957  0  0  0  0
-211  0.494626  -0.0943538  -3.22956  3.27156  0.13957  0  0  0  0
2112  0.360239  -0.112678  -2.21919  2.43928  0.93957  0  0  0  0
-211  0.0325978  0.443071  -0.249161  0.528143  0.13957  0  0  0  0
-2212  0.265954  -0.467861  2.27004  2.51457  0.93827  0  0  0  0
211  -0.179029  0.105926  0.329795  0.414145  0.13957  0  0  0  0
211  0.111084  -0.408907  1.88925  1.94121  0.13957  0  0  0  0
-211  0.0302419  0.2161  0.530612  0.59046  0.13957  0  0  0  0
-211  -0.340937  -0.0448413  15.8607  15.865  0.13957  0  0  0  0
111  0.160367  -0.0870764  5.95072  5.95505  0.13498  0  0  0  0
130  0.193401  -0.0555554  -67.0073  67.0094  0.49761  0  0  0  0
310  0.189654  -0.0889423  -46.8371  46.8402  0.49761  0  0  0  0
211  0.119416  0.121469  -0.603415  0.642343  0.13957  0  0  0  0
-211  -0.202143  0.367806  -3.23187  3.262  0.13957  0  0  0  0
111  -0.165685  0.0444689  -0.610143  0.648014  0.13498  0  0  0  0
111  0.0540883  0.0763128  3.92944  3.93287  0.13498  0  0  0  0
111  -0.0620098  -0.0069893  2.39081  2.39543  0.13498  0  0  0  0
221  -0.0215826  -0.348192  21.6954  21.7052  0.54785  0  0  0  0
211  0.572732  0.176741  -0.0302556  0.616161  0.13957  0  0  0  0
-211  1.39758  0.641072  0.555958  1.64096  0.13957  0  0  0  0
111  1.48525  0.357763  0.498933  1.61279  0.13498  0  0  0  0
211  0.723118  0.0752153  0.154823  0.756312  0.13957  0  0  0  0
-211  1.30002  0.856926  0.571178  1.66436  0.13957  0  0  0  0
111  0.46997  0.178337  0.254857  0.579523  0.13498  0  0  0  0
-2112  0.300718  -0.343554  -1.6421  1.94622  0.93957  0  0  0  0
111  0.0724732  -0.00384976  -0.491909  0.515229  0.13498  0  0  0  0
211  0.00269832  -0.28471  -0.259456  0.409713  0.13957  0  0  0  0
-211  0.0343585  -0.0726536  -0.0526074  0.16943  0.13957  0  0  0  0
111  0.807432  -0.604283  -0.690149  1.22948  0.13498  0  0  0  0
211  -0.461076  -1.38185  -1.3923  2.01992  0.13957  0  0  0  0
-211  -0.62592  -1.74429  -1.78272  2.57525  0.13957  0  0  0  0
111  -0.544041  -1.02427  -0.976253  1.52197  0.13498  0  0  0  0
111  0.188844  0.804963  -6.98912  7.03915  0.13498  0  0  0  0
111  0.00441018  0.18656  -1.99912  2.01234  0.13498  0  0  0  0
111  0.0277678  0.0961236  -1.63295  1.64157  0.13498  0  0  0  0
211  0.181251  0.1559  0.239245  0.365889  0.13957  0  0  0  0
-211  -0.183826  0.0405128  0.147272  0.276771  0.13957  0  0  0  0
111  -0.0248959  -0.123703  -0.089812  0.205446  0.13498  0  0  0  0
211  -0.19947  -0.294753  0.498124  0.627913  0.13957  0  0  0  0
-211  -0.15303  0.0828885  0.384978  0.444946  0.13957  0  0  0  0
111  -0.392121  0.123357  0.317319  0.536551  0.13498  0  0  0  0
111  0.116575  0.0328496  0.409767  0.448104  0.13498  0  0  0  0
111  0.0411414  -0.0106479  0.188682  0.235853  0.13498  0  0  0  0
111  -0.0192406  -0.0275414  -5.43445e-05  0.139098  0.13498  0  0  0  0
211  -0.00606182  0.0645678  -0.68199  0.699139  0.13957  0  0  0  0
-211  -0.317257  -0.154506  -1.48334  1.53112  0.13957  0  0  0  0
111  0.104155  0.0476417  -2.53747  2.54364  0.13498  0  0  0  0
211  0.243746  0.114997  -4.92441  4.93376  0.13957  0  0  0  0
-211  -0.0178192  -0.29597  -4.41361  4.42576  0.13957  0  0  0  0
111  0.2659  0.0167437  -3.68009  3.69219  0.13498  0  0  0  0
211  0.145033  0.638  -22.9565  22.9662  0.13957  0  0  0  0
-211  -0.0828064  0.330073  -8.956  8.96355  0.13957  0  0  0  0
111  0.304701  1.15527  -25.428  25.4564  0.13498  0  0  0  0
2112  -2.64612  0.972143  0.252893  2.98224  0.93957  0  0  0  0
211  -0.362907  -0.0406722  0.0974658  0.402908  0.13957  0  0  0  0
-2212  -1.76697  -0.353153  -0.831388  2.1951  0.93827  0  0  0  0
111  -0.870548  -0.224617  -0.204253  0.931796  0.13498  0  0  0  0
211  -0.394287  -0.161451  0.0324324  0.449511  0.13957  0  0  0  0
-211  -0.0726713  -0.457958  -0.0150529  0.484472  0.13957  0  0  0  0
111  -0.543294  -0.425116  -0.164836  0.721999  0.13498  0  0  0  0
211  -0.222178  0.0436674  -4.75221  4.75965  0.13957  0  0  0  0
-211  -0.169668  0.289621  -4.90908  4.92252  0.13957  0  0  0  0
111  0.12638  -0.136384  -3.4012  3.40895  0.13498  0  0  0  0
211  0.0633373  -0.0406293  0.545165  0.567756  0.13957  0  0  0  0
-211  0.123776  0.0589425  3.27896  3.28479  0.13957  0  0  0  0
111  -0.141139  0.354237  3.52546  3.54859  0.13498  0  0  0  0
211  0.00923841  0.0028832  -36.1989  36.1992  0.13957  0  0  0  0
-211  0.180415  -0.0918255  -10.6382  10.641  0.13957  0  0  0  0
211  -0.00995967  -0.0713896  6.9851  6.98687  0.13957  0  0  0  0
-211  -0.131057  -0.0607636  6.72298  6.72598  0.13957  0  0  0  0
111  0.119434  -0.216039  7.98736  7.99232  0.13498  0  0  0  0
7  314
2212  0  0  2510  2510  0.93827  0  0  0  0
2212  0  0  -2510  2510  0.93827  0  0  0  0
223  0.377569  -0.180984  -6.2136  6.27729  0.787549  0  0  0  0
213  -0.105299  0.509097  -4.11918  4.21411  0.721685  0  0  0  0
-211  0.12688  -0.255212  -0.517953  0.607443  0.13957  0  0  0  0
331  0.395232  -0.470215  -5.6508  5.76421  0.95772  0  0  0  0
213  0.335187  -0.40412  0.296009  0.933883  0.713339  0  0  0  0
-211  0.636759  -1.34398  0.105001  1.49742  0.13957  0  0  0  0
211  -0.00326848  0.777558  0.870031  1.17518  0.13957  0  0  0  0
-211  0.132811  0.288225  -0.486319  0.597242  0.13957  0  0  0  0
223  0.74496  -0.994791  0.513195  1.54145  0.753749  0  0  0  0
211  -0.132499  -0.523333  1.75313  1.83966  0.13957  0  0  0  0
-213  0.704707  1.79784  5.99969  6.35615  0.821888  0  0  0  0
213  0.55535  0.825848  3.58327  3.80993  0.827832  0  0  0  0
113  0.444614  1.31223  4.47785  4.78195  0.946713  0  0  0  0
-211  0.230816  1.08174  12.3195  12.3698  0.13957  0  0  0  0
211  -0.413237  0.292439  15.8367  15.8454  0.13957  0  0  0  0
313  0.10305  1.08871  20.2349  20.2846  0.905572  0  0  0  0
333  0.00196002  1.21832  55.267  55.2899  1.02079  0  0  0  0
3122  0.44935  0.0625127  39.9901  40.0082  1.11568  0  0  0  0
111  -0.18173  -0.383938  17.0131  17.0189  0.13498  0  0  0  0
-3122  -0.197984  0.387813  76.2123  76.2217  1.11568  0  0  0  0
3212  1.85931  -1.31932  140.203  140.226  1.19264  0  0  0  0
-3212  -0.158301  -0.855415  14.194  14.2705  1.19264  0  0  0  0
211  0.538757  0.312214  4.83554  4.87746  0.13957  0  0  0  0
2112  -0.173089  0.0633585  0.458374  1.06154  0.93957  0  0  0  0
-2212  0.129409  -0.185411  0.337146  1.02232  0.93827  0  0  0  0
111  -0.0948053  0.260438  -0.196522  0.36559  0.13498  0  0  0  0
211  -0.114736  -0.293916  0.173058  0.385979  0.13957  0  0  0  0
113  -0.097967  -0.208116  -1.45677  1.77032  0.979255  0  0  0  0
-211  0.212081  0.293835  -0.596441  0.711716  0.13957  0  0  0  0
111  0.267845  -0.30278  -4.75809  4.77714  0.13498  0  0  0  0
111  -0.28171  0.0587389  -0.18546  0.368003  0.13498  0  0  0  0
111  -0.114621  0.52214  -40.9246  40.9283  0.13498  0  0  0  0
213  0.204155  0.0497092  -25.8021  25.8223  0.999263  0  0  0  0
-213  0.403865  -0.202682  -45.7803  45.7893  0.788474  0  0  0  0
2224  -0.294934  -0.554213  -161.274  161.282  1.495  0  0  0  0
-211  -0.0307167  0.255164  -18.0737  18.0761  0.13957  0  0  0  0
-321  -3.05039  7.48002  -7.86101  11.2825  0.49368  0  0  0  0
213  -5.60422  8.33395  -7.61504  12.6277  0.779928  0  0  0  0
-211  -0.320054  0.671615  -0.901753  1.17734  0.13957  0  0  0  0
2212  -2.26442  3.66323  -3.87964  5.87187  0.93827  0  0  0  0
-311  -3.18659  3.76402  -4.4114  6.63553  0.49761  0  0  0  0
-3212  -2.7774  3.53916  -2.91971  5.49424  1.19264  0  0  0  0
-211  -0.693757  1.98845  -1.14549  2.40143  0.13957  0  0  0  0
211  -0.978656  0.936212  -1.36604  1.92868  0.13957  0  0  0  0
111  -0.759896  2.34548  -0.937198  2.64107  0.13498  0  0  0  0
221  0.229725  0.205081  -0.71736  0.953717  0.54785  0  0  0  0
-211  -0.869079  0.868101  -1.87871  2.24898  0.13957  0  0  0  0
113  -0.0137715  -0.138899  -2.05913  2.19861  0.757877  0  0  0  0
113  0.372624  0.865787  -9.63978  9.7201  0.816358  0  0  0  0
213  -0.474463  0.339635  -3.50687  3.63398  0.753152  0  0  0  0
111  0.962601  -0.189813  -8.54763  8.60481  0.13498  0  0  0  0
-211  0.525187  -0.414194  -3.8345  3.8949  0.13957  0  0  0  0
213  1.53699  -1.18815  -25.0288  25.1165  0.789891  0  0  0  0
-211  0.0618635  0.331939  -3.16725  3.18825  0.13957  0  0  0  0
111  0.451254  0.0479985  -5.16198  5.18365  0.13498  0  0  0  0
2114  1.38992  -0.404844  -16.7831  16.8867  1.18006  0  0  0  0
213  1.51853  -1.18948  -17.3462  17.4653  0.652657  0  0  0  0
-2114  4.63165  -0.447318  -56.7483  56.9535  1.29669  0  0  0  0
2112  3.2795  -0.737522  -37.9581  38.1183  0.93957  0  0  0  0
-3122  3.85828  -0.119997  -51.1148  51.2725  1.11568  0  0  0  0
-313  1.86501  -0.00872137  -19.7688  19.876  0.878062  0  0  0  0
311  0.526148  -0.17402  -21.712  21.7248  0.49761  0  0  0  0
-311  0.456193  0.636182  -41.0157  41.0262  0.49761  0  0  0  0
-211  -0.0800117  -0.15175  -15.2727  15.2743  0.13957  0  0  0  0
223  -0.0216859  -0.159076  -34.2484  34.2575  0.772422  0  0  0  0
111  0.607762  0.480664  -30.824  30.8341  0.13498  0  0  0  0
321  0.33654  0.594554  -13.5912  13.6173  0.49368  0  0  0  0
-311  -0.0646984  -0.200205  -86.4713  86.473  0.49761  0  0  0  0
-211  0.293853  0.374072  -20.1126  20.1187  0.13957  0  0  0  0
221  0.0410758  -0.3711  -34.9965  35.0028  0.54785  0  0  0  0
213  -0.330161  0.311518  -3.47864  3.59959  0.806274  0  0  0  0
-213  0.269488  0.279919  -2.13095  2.29901  0.7704  0  0  0  0
113  -0.084699  -0.0861013  -1.90764  2.03176  0.68874  0  0  0  0
221  -0.290405  0.150968  0.274265  0.694613  0.54785  0  0  0  0
111  0.381895  -0.445688  -0.0671879  0.605983  0.13498  0  0  0  0
211  -0.149568  -0.0380338  0.147614  0.255121  0.13957  0  0  0  0
-211  0.133466  -0.425896  -0.160443  0.494391  0.13957  0  0  0  0
211  -0.014547  0.255091  0.00321754  0.291158  0.13957  0  0  0  0
-211  -0.079584  0.577692  -0.200796  0.632345  0.13957  0  0  0  0
213  0.141779  0.0544771  0.330321  1.17126  1.1134  0  0  0  0
-213  0.521439  -0.191253  199.053  199.055  0.914133  0  0  0  0
113  0.26536  0.290561  161.042  161.044  0.728622  0  0  0  0
213  0.280544  0.921497  8.80147  8.93263  1.18242  0  0  0  0
2114  1.26719  0.471319  366.564  366.569  1.28069  0  0  0  0
-2114  -0.498231  -0.0880999  2.3298  2.67383  1.21054  0  0  0  0
-213  -0.654428  -0.445798  1.81577  2.18024  0.910721  0  0  0  0
113  -0.425914  0.381326  1.19772  1.51036  0.720989  0  0  0  0
223  -0.304057  -0.970589  0.721626  1.47914  0.79538  0  0  0  0
321  -1.01074  -0.673717  0.99459  1.64573  0.49368  0  0  0  0
-323  -1.78438  -0.572576  0.65938  2.17661  0.889388  0  0  0  0
211  -0.181218  -0.236613  0.657549  0.735307  0.13957  0  0  0  0
311  -0.30403  -0.550986  -0.225316  0.833309  0.49761  0  0  0  0
333  -0.476065  -0.252988  -0.52925  1.27415  1.02602  0  0  0  0
-311  0.663003  -0.442919  -0.741994  1.19746  0.49761  0  0  0  0
111  -0.222452  -0.467256  -1.46047  1.55531  0.13498  0  0  0  0
-211  -0.488993  -0.373203  -1.81319  1.91978  0.13957  0  0  0  0
2224  0.901631  -0.606518  -4.77761  5.0632  1.27658  0  0  0  0
-2212  0.0918746  -0.307136  -4.33893  4.45078  0.93827  0  0  0  0
223  0.15383  0.159435  -33.3155  33.3251  0.772229  0  0  0  0
-213  -0.510013  -0.522816  -162.457  162.461  0.83733  0  0  0  0
213  0.136241  -0.450617  -143.871  143.874  0.83737  0  0  0  0
2112  -0.438868  -0.105051  -181.978  181.981  0.93957  0  0  0  0
213  -0.300377  -3.32026  -423.732  423.746  0.847642  0  0  0  0
-3222  0.0169286  -1.24051  -108.73  108.744  1.18937  0  0  0  0
-321  0.470575  -0.464136  -25.974  25.9871  0.49368  0  0  0  0
111  -0.0937431  -0.549653  -48.7478  48.7512  0.13498  0  0  0  0
211  -0.0188979  0.0298228  -6.35938  6.36101  0.13957  0  0  0  0
-211  -0.461435  -1.1094  -72.784  72.794  0.13957  0  0  0  0
321  -0.0629319  -0.676511  -50.8648  50.8717  0.49368  0  0  0  0
-311  -1.11097  -4.43931  -72.4192  72.5654  0.49761  0  0  0  0
113  0.247201  -0.595022  -24.932  24.9532  0.802686  0  0  0  0
-211  -2.09124  -3.60543  -51.9741  52.1412  0.13957  0  0  0  0
211  -0.778069  -2.06093  -22.3451  22.4539  0.13957  0  0  0  0
-211  -0.036338  -0.0252437  -3.98313  3.98582  0.13957  0  0  0  0
211  0.00846726  -0.494283  -6.41349  6.43403  0.13957  0  0  0  0
111  -0.399204  -0.299484  -3.6505  3.68693  0.13498  0  0  0  0
-211  -1.64332  -2.44817  -24.6404  24.8166  0.13957  0  0  0  0
321  -2.69662  -3.76533  -40.7525  41.0178  0.49368  0  0  0  0
-323  -0.803608  -0.94571  -8.54138  8.68155  0.934846  0  0  0  0
211  -0.0518892  -0.507964  -5.88654  5.91029  0.13957  0  0  0  0
-213  -0.978618  -1.4641  -4.88331  5.25195  0.796889  0  0  0  0
213  0.221756  -0.780987  -4.87578  5.12863  1.36766  0  0  0  0
311  -0.272133  -0.869671  -2.1326  2.37192  0.49761  0  0  0  0
-323  0.330544  -0.749163  -2.77117  3.02501  0.894867  0  0  0  0
211  -0.0149  -0.0625258  -0.542056  0.563414  0.13957  0  0  0  0
111  -0.124125  -0.416232  -0.286824  0.537721  0.13498  0  0  0  0
-213  0.249285  -1.10684  -2.17495  2.55157  0.702014  0  0  0  0
113  0.809741  0.190205  -1.43643  1.8774  0.877177  0  0  0  0
2212  3.12374  3.74483  -7.25608  8.79276  0.93827  0  0  0  0
-2112  1.18271  1.09087  -2.23098  2.90669  0.93957  0  0  0  0
-213  0.704661  -1.27967  -1.33367  2.06272  0.584819  0  0  0  0
113  0.948271  -0.38223  -0.411436  1.37277  0.818468  0  0  0  0
111  0.78371  -0.379481  0.173885  0.898144  0.13498  0  0  0  0
223  0.422953  -0.679486  -0.533272  1.25402  0.804726  0  0  0  0
211  -0.11734  0.0810718  0.0986697  0.222613  0.13957  0  0  0  0
-213  0.282347  -0.109906  0.383282  0.846794  0.691633  0  0  0  0
211  -2.35048  0.12142  6.47539  6.89127  0.13957  0  0  0  0
-211  0.156096  -0.0550588  0.862113  0.888885  0.13957  0  0  0  0
221  0.332949  -0.576323  22.276  22.2927  0.54785  0  0  0  0
211  -0.374778  0.318484  1.76038  1.83312  0.13957  0  0  0  0
311  0.318443  0.841244  29.5161  29.534  0.49761  0  0  0  0
-311  0.0651741  0.0438448  70.5518  70.5536  0.49761  0  0  0  0
-213  -0.32464  0.989969  39.8124  39.8334  0.766737  0  0  0  0
2212  -0.189722  0.643286  32.5115  32.532  0.93827  0  0  0  0
211  0.879462  0.847341  61.9598  61.972  0.13957  0  0  0  0
-3224  -0.167355  0.555279  162.179  162.185  1.35732  0  0  0  0
-311  0.297994  0.181456  38.6743  38.6791  0.49761  0  0  0  0
-213  -0.154064  0.433715  122.138  122.144  1.18858  0  0  0  0
213  -0.729348  -0.371462  234.897  234.902  1.32693  0  0  0  0
111  0.059598  -0.16543  15.0126  15.0142  0.13498  0  0  0  0
-211  0.105302  0.111684  10.4561  10.4582  0.13957  0  0  0  0
211  -0.824901  -0.775742  64.2204  64.2305  0.13957  0  0  0  0
113  -0.379318  -1.73707  21.5514  21.642  0.864798  0  0  0  0
-211  -0.129672  -0.051429  8.98336  8.98553  0.13957  0  0  0  0
211  -0.195316  -0.760765  7.67008  7.71146  0.13957  0  0  0  0
311  0.123812  -0.289457  7.86239  7.88441  0.49761  0  0  0  0
-311  -0.343451  -0.226743  43.8257  43.8304  0.49761  0  0  0  0
223  -0.0142702  -0.685497  20.7826  20.8087  0.786193  0  0  0  0
223  0.27738  0.115322  74.7243  74.729  0.782719  0  0  0  0
2112  0.609182  0.0322667  227.01  227.013  0.93957  0  0  0  0
211  -0.193194  -0.00982324  -0.495551  0.549974  0.13957  0  0  0  0
111  0.087895  0.51892  -3.62363  3.66414  0.13498  0  0  0  0
211  -0.183876  -0.215692  0.130418  0.341792  0.13957  0  0  0  0
111  0.519063  -0.188428  0.165591  0.592091  0.13498  0  0  0  0
-211  -0.0849966  0.438164  2.05383  2.1064  0.13957  0  0  0  0
111  0.789704  1.35968  3.94586  4.24975  0.13498  0  0  0  0
211  -0.0251599  0.479625  2.29494  2.34881  0.13957  0  0  0  0
111  0.58051  0.346224  1.28833  1.46112  0.13498  0  0  0  0
211  0.289055  1.03684  4.20128  4.33922  0.13957  0  0  0  0
-211  0.155559  0.275391  0.276569  0.442729  0.13957  0  0  0  0
321  0.208498  0.645503  16.2013  16.223  0.49368  0  0  0  0
-211  -0.105448  0.443209  4.03361  4.06166  0.13957  0  0  0  0
211  0.393759  0.054394  -0.74151  0.852832  0.13957  0  0  0  0
-211  -0.491726  -0.26251  -0.715265  0.917491  0.13957  0  0  0  0
211  0.434229  0.358489  -18.2117  18.2209  0.13957  0  0  0  0
111  -0.230074  -0.30878  -7.59042  7.60138  0.13498  0  0  0  0
-211  0.0384794  -0.0342532  -1.5816  1.58858  0.13957  0  0  0  0
111  0.365386  -0.168429  -44.1987  44.2008  0.13498  0  0  0  0
2212  -0.41924  -0.0716493  -127.791  127.795  0.93827  0  0  0  0
211  0.124306  -0.482564  -33.4825  33.4865  0.13957  0  0  0  0
211  -4.90966  6.99304  -6.67785  10.8453  0.13957  0  0  0  0
111  -0.694558  1.3409  -0.937192  1.78241  0.13498  0  0  0  0
211  0.169648  -0.0235846  -1.85959  1.87267  0.13957  0  0  0  0
-211  -0.183419  -0.115315  -0.199542  0.32594  0.13957  0  0  0  0
211  0.163314  0.954031  -7.81277  7.87374  0.13957  0  0  0  0
-211  0.20931  -0.0882442  -1.82701  1.84636  0.13957  0  0  0  0
211  -0.350522  -0.0292237  -2.71656  2.74279  0.13957  0  0  0  0
111  -0.123941  0.368858  -0.790311  0.891195  0.13498  0  0  0  0
211  0.153019  -0.495928  -7.32767  7.34736  0.13957  0  0  0  0
111  1.38397  -0.692226  -17.7012  17.7692  0.13498  0  0  0  0
2112  0.987967  -0.387574  -13.9786  14.0502  0.93957  0  0  0  0
111  0.401957  -0.0172703  -2.80456  2.83649  0.13498  0  0  0  0
211  0.546926  -0.587443  -5.04031  5.10572  0.13957  0  0  0  0
111  0.971608  -0.602033  -12.3059  12.3596  0.13498  0  0  0  0
-2212  2.91445  -0.0567777  -35.2682  35.4009  0.93827  0  0  0  0
211  1.71719  -0.39054  -21.48  21.5526  0.13957  0  0  0  0
-311  1.07853  0.118815  -14.0098  14.0606  0.49761  0  0  0  0
111  0.786489  -0.127536  -5.75896  5.81538  0.13498  0  0  0  0
211  -0.120199  -0.246665  -0.979449  1.02669  0.13957  0  0  0  0
111  -0.209962  0.558183  -2.49919  2.5729  0.13498  0  0  0  0
-211  -0.0666218  0.0564849  -1.64431  1.65253  0.13957  0  0  0  0
111  0.33611  0.223434  -0.486637  0.646473  0.13498  0  0  0  0
211  -0.331051  0.0819794  -0.941405  1.01096  0.13957  0  0  0  0
-211  0.246352  -0.168081  -0.966239  1.0208  0.13957  0  0  0  0
211  -0.432962  -0.127543  0.285107  0.551806  0.13957  0  0  0  0
111  0.574741  0.18202  0.0452136  0.619453  0.13498  0  0  0  0
-211  -0.149168  0.193212  45.4852  45.4861  0.13957  0  0  0  0
111  0.670607  -0.384465  153.567  153.569  0.13498  0  0  0  0
211  -0.214233  0.174679  70.0316  70.0323  0.13957  0  0  0  0
-211  0.479592  0.115882  91.01  91.0115  0.13957  0  0  0  0
211  0.474712  -0.0329661  2.00622  2.0666  0.13957  0  0  0  0
111  -0.194168  0.954463  6.79525  6.86603  0.13498  0  0  0  0
2212  0.616166  0.235374  243.892  243.894  0.93827  0  0  0  0
-211  0.651023  0.235945  122.672  122.674  0.13957  0  0  0  0
-2112  -0.59765  0.0175828  1.96228  2.25628  0.93957  0  0  0  0
111  0.0994195  -0.105683  0.367525  0.417549  0.13498  0  0  0  0
-211  -0.837531  -0.219536  1.44095  1.68685  0.13957  0  0  0  0
111  0.183103  -0.226262  0.374812  0.493381  0.13498  0  0  0  0
211  -0.379811  -0.047875  0.836428  0.930398  0.13957  0  0  0  0
-211  -0.0461028  0.429201  0.361296  0.57996  0.13957  0  0  0  0
-321  -1.48629  -0.675553  0.414893  1.75536  0.49368  0  0  0  0
111  -0.298089  0.102978  0.244487  0.421254  0.13498  0  0  0  0
2212  0.777691  -0.207984  -3.54394  3.75338  0.93827  0  0  0  0
211  0.123939  -0.398534  -1.23367  1.30981  0.13957  0  0  0  0
-211  0.00855947  -0.518651  -60.2382  60.2406  0.13957  0  0  0  0
111  -0.518573  -0.00416485  -102.219  102.221  0.13498  0  0  0  0
211  0.11177  -0.641676  -124.451  124.453  0.13957  0  0  0  0
111  0.0244716  0.191059  -19.4195  19.4209  0.13498  0  0  0  0
211  -0.318041  -2.41736  -345.56  345.569  0.13957  0  0  0  0
111  0.0176646  -0.902898  -78.1714  78.1768  0.13498  0  0  0  0
211  0.418427  -0.396893  -21.5723  21.5805  0.13957  0  0  0  0
-211  -0.171226  -0.19813  -3.35966  3.37274  0.13957  0  0  0  0
-311  -0.457508  -0.493745  -6.6212  6.67391  0.49761  0  0  0  0
-211  -0.3461  -0.451965  -1.92018  2.00764  0.13957  0  0  0  0
-211  -0.971252  -1.19009  -3.34365  3.68227  0.13957  0  0  0  0
111  -0.00736559  -0.274011  -1.53965  1.56968  0.13498  0  0  0  0
211  -0.524225  -0.264367  -1.24221  1.38103  0.13957  0  0  0  0
111  0.74598  -0.516621  -3.63358  3.7476  0.13498  0  0  0  0
-321  -0.00769005  -0.434511  -1.06021  1.24765  0.49368  0  0  0  0
111  0.338235  -0.314652  -1.71096  1.77736  0.13498  0  0  0  0
-211  -0.200037  -0.340437  -0.88958  0.983231  0.13957  0  0  0  0
111  0.449322  -0.766407  -1.28537  1.56834  0.13498  0  0  0  0
211  0.242226  0.46473  -0.830678  0.992045  0.13957  0  0  0  0
-211  0.567515  -0.274525  -0.605754  0.885356  0.13957  0  0  0  0
-211  -0.0433628  -0.242718  -0.303648  0.4153  0.13957  0  0  0  0
111  0.748024  -1.03696  -1.03002  1.64741  0.13498  0  0  0  0
211  0.785854  0.0100638  -0.0532146  0.799987  0.13957  0  0  0  0
-211  0.162418  -0.392294  -0.358222  0.57278  0.13957  0  0  0  0
-211  -0.142373  -0.0853503  -0.0523549  0.223104  0.13957  0  0  0  0
111  0.42472  -0.0245556  0.435637  0.62369  0.13498  0  0  0  0
-211  -0.136428  0.66427  13.3089  13.3269  0.13957  0  0  0  0
111  -0.188213  0.325699  26.5035  26.5065  0.13498  0  0  0  0
-3122  -0.0229757  0.403691  117.05  117.056  1.11568  0  0  0  0
-211  -0.144379  0.151589  45.1285  45.1292  0.13957  0  0  0  0
-211  -0.0277818  0.145817  3.36787  3.37403  0.13957  0  0  0  0
111  -0.126282  0.287898  118.77  118.77  0.13498  0  0  0  0
211  -0.163225  -0.327513  17.4659  17.4703  0.13957  0  0  0  0
111  -0.566122  -0.0439488  217.431  217.432  0.13498  0  0  0  0
211  0.194578  -0.405575  7.62579  7.64032  0.13957  0  0  0  0
-211  -0.573896  -1.3315  13.9257  14.0016  0.13957  0  0  0  0
211  -0.0855092  0.0513353  -0.936927  0.952502  0.13957  0  0  0  0
-211  0.336445  -0.0297336  -4.11282  4.12903  0.13957  0  0  0  0
111  0.126633  -0.202586  -1.16385  1.19576  0.13498  0  0  0  0
113  0.378931  -0.388069  -5.59235  5.66208  0.700419  0  0  0  0
211  0.36591  -0.505146  0.481001  0.79994  0.13957  0  0  0  0
-211  0.313862  -0.29425  -0.0982311  0.462841  0.13957  0  0  0  0
111  0.0651885  -0.195396  0.130425  0.278674  0.13498  0  0  0  0
213  -0.165162  1.10436  49.1062  49.1242  0.718645  0  0  0  0
-211  0.167122  0.11396  6.16083  6.16573  0.13957  0  0  0  0
2212  0.473722  0.010237  34.0986  34.1148  0.93827  0  0  0  0
-211  -0.0243714  0.0522757  5.89148  5.89342  0.13957  0  0  0  0
-2212  -0.101821  0.243563  62.7701  62.7777  0.93827  0  0  0  0
211  -0.0961629  0.14425  13.4421  13.444  0.13957  0  0  0  0
3122  1.73478  -1.30539  130.827  130.85  1.11568  0  0  0  0
-3122  -0.209278  -0.754113  13.1032  13.1739  1.11568  0  0  0  0
-3122  -2.54878  3.35931  -2.70275  5.13136  1.11568  0  0  0  0
-2112  3.1249  -0.0412375  -40.5334  40.6646  0.93957  0  0  0  0
111  0.73338  -0.0787592  -10.5814  10.6079  0.13498  0  0  0  0
211  0.0146694  0.0453719  -6.99097  6.99253  0.13957  0  0  0  0
-211  -0.21683  0.0665473  -8.35264  8.35689  0.13957  0  0  0  0
111  0.180475  -0.270995  -18.9048  18.9081  0.13498  0  0  0  0
111  -0.00192811  -0.0771381  -6.08782  6.0898  0.13498  0  0  0  0
111  0.0931742  -0.0919958  -19.8742  19.8751  0.13498  0  0  0  0
111  -0.0501703  -0.201966  -9.03451  9.03791  0.13498  0  0  0  0
211  -0.030672  -0.213731  0.33514  0.422398  0.13957  0  0  0  0
-211  0.0544898  -0.491524  0.329047  0.610177  0.13957  0  0  0  0
111  -0.327875  -0.265335  0.0574382  0.446569  0.13498  0  0  0  0
321  -0.142317  -0.010142  -0.201232  0.55188  0.49368  0  0  0  0
-321  -0.333747  -0.242846  -0.328018  0.722272  0.49368  0  0  0  0
111  0.437909  0.0776261  -25.2342  25.2385  0.13498  0  0  0  0
-2112  -0.090029  -0.877194  -90.0748  90.084  0.93957  0  0  0  0
-211  0.106958  -0.363316  -18.6557  18.6601  0.13957  0  0  0  0
211  0.363721  -0.47153  -0.497231  0.788259  0.13957  0  0  0  0
-211  -0.117972  -0.125042  0.0174611  0.222121  0.13957  0  0  0  0
111  0.177204  -0.0829146  -0.0535014  0.243635  0.13498  0  0  0  0
211  0.202413  -0.0618309  5.84918  5.85467  0.13957  0  0  0  0
-211  -0.0190425  -0.467504  8.10343  8.11812  0.13957  0  0  0  0
111  -0.19764  -0.156163  6.82995  6.83593  0.13498  0  0  0  0
211  -0.0330987  0.233341  10.1417  10.1453  0.13957  0  0  0  0
-211  0.310479  -0.11802  64.5826  64.5836  0.13957  0  0  0  0
-2212  -0.0517404  0.265049  90.3558  90.361  0.93827  0  0  0  0
211  0.0287647  0.138642  26.6943  26.6951  0.13957  0  0  0  0
211  -0.175451  -0.102685  -1.62726  1.64584  0.13957  0  0  0  0
-211  0.554382  -0.285385  -3.96508  4.01624  0.13957  0  0  0  0
211  0.247861  0.451731  22.9204  22.9266  0.13957  0  0  0  0
111  -0.413023  0.652632  26.1858  26.1975  0.13498  0  0  0  0
2212  1.52359  -1.0619  107.625  107.645  0.93827  0  0  0  0
-211  0.211189  -0.243492  23.2022  23.2049  0.13957  0  0  0  0
-2112  -0.115926  -0.730876  11.6698  11.731  0.93957  0  0  0  0
111  -0.0933521  -0.0232368  1.43337  1.44293  0.13498  0  0  0  0
-2212  -2.05293  2.86985  -2.27814  4.30358  0.93827  0  0  0  0
211  -0.495851  0.489466  -0.42461  0.827779  0.13957  0  0  0  0
8  341
2212  0  0  2510  2510  0.93827  0  0  0  0
2212  0  0  -2510  2510  0.93827  0  0  0  0
211  0.489884  0.2697  -8.45254  8.47217  0.13957  0  0  0  0
-211  -0.684189  -0.366305  -57.1508  57.1562  0.13957  0  0  0  0
111  0.0764147  0.304613  -22.237  22.2396  0.13498  0  0  0  0
111  0.0996536  0.204662  -0.590404  0.647004  0.13498  0  0  0  0
321  0.0746407  0.801645  -9.28502  9.33293  0.49368  0  0  0  0
-321  0.164484  0.104166  -1.44223  1.53677  0.49368  0  0  0  0
221  -0.219339  0.379638  -17.244  17.2582  0.54785  0  0  0  0
211  -0.46962  -0.3636  -64.2631  64.266  0.13957  0  0  0  0
-211  -0.169633  0.465538  -8.7436  8.75873  0.13957  0  0  0  0
113  0.077992  -0.356678  -93.3199  93.3234  0.727577  0  0  0  0
-211  0.1046  -0.153358  -16.6021  16.6037  0.13957  0  0  0  0
213  0.176124  0.44304  -9.84818  9.89179  0.795975  0  0  0  0
111  -0.235355  -0.237558  -12.3239  12.3292  0.13498  0  0  0  0
221  -0.0702785  -0.345794  -7.70432  7.73183  0.54785  0  0  0  0
2112  0.943953  0.158641  -6.87933  7.00887  0.93957  0  0  0  0
-2212  0.717757  -0.120233  -2.48465  2.75381  0.93827  0  0  0  0
-211  0.23287  -0.16525  87.4077  87.4083  0.13957  0  0  0  0
213  0.187414  -0.129231  151.744  151.746  0.829708  0  0  0  0
-211  0.953656  -1.03237  173.706  173.712  0.13957  0  0  0  0
211  -0.745367  0.671462  0.13578  1.02193  0.13957  0  0  0  0
-213  0.478873  0.0640635  -0.136892  0.941708  0.79665  0  0  0  0
223  -0.214142  -0.254006  0.959385  1.26228  0.750046  0  0  0  0
211  -0.293631  0.576847  0.693069  0.958539  0.13957  0  0  0  0
2112  0.511418  0.618842  10.5288  10.6011  0.93957  0  0  0  0
211  -0.429002  0.618842  16.0132  16.0315  0.13957  0  0  0  0
111  -1.24074  -2.54599  22.8997  23.0746  0.13498  0  0  0  0
111  -2.73981  -4.51378  51.9588  52.2266  0.13498  0  0  0  0
-213  -0.490037  -0.361541  7.49527  7.56877  0.858155  0  0  0  0
213  -0.0643128  -0.46435  1.96948  2.20476  0.873117  0  0  0  0
-211  0.270058  0.103067  0.696102  0.766545  0.13957  0  0  0  0
223  -0.590329  -0.602034  2.33897  2.61214  0.800977  0  0  0  0
211  0.135566  0.264068  0.177521  0.372966  0.13957  0  0  0  0
113  -0.0374247  0.228314  -0.623061  1.02931  0.785969  0  0  0  0
223  -0.245963  -0.186868  0.671092  1.07388  0.77938  0  0  0  0
-213  -0.26417  -0.274075  -0.293323  0.877196  0.733847  0  0  0  0
211  0.291554  0.0337183  -1.62195  1.65419  0.13957  0  0  0  0
-211  -0.449227  0.097965  -1.09195  1.19299  0.13957  0  0  0  0
211  0.127906  0.255625  -1.53367  1.56631  0.13957  0  0  0  0
-211  -0.286316  -0.47727  -2.22893  2.3016  0.13957  0  0  0  0
211  -0.934663  3.6702  28.305  28.5576  0.13957  0  0  0  0
111  0.164984  0.107669  2.61709  2.62796  0.13498  0  0  0  0
-213  -0.78497  2.34269  5.09736  5.72392  0.822068  0  0  0  0
113  -0.28433  2.53105  1.5716  3.05741  0.625101  0  0  0  0
111  -0.310755  0.159264  0.451327  0.586387  0.13498  0  0  0  0
211  -0.116216  0.164348  0.688749  0.731007  0.13957  0  0  0  0
-211  -0.00540807  0.0799412  0.0772907  0.178531  0.13957  0  0  0  0
211  0.400974  0.382298  0.255762  0.62596  0.13957  0  0  0  0
221  0.169626  2.1064  0.09585  2.18518  0.54785  0  0  0  0
-213  0.597469  2.33076  0.419135  2.54431  0.713041  0  0  0  0
111  0.0915079  0.0472795  0.208045  0.268536  0.13498  0  0  0  0
323  0.185273  0.733348  0.081735  1.20966  0.940462  0  0  0  0
3122  1.73739  4.15575  0.0876787  4.64125  1.11568  0  0  0  0
-3122  1.88873  3.06356  -0.951554  3.88624  1.11568  0  0  0  0
-311  3.36219  3.36257  -1.81084  5.11253  0.49761  0  0  0  0
111  0.318687  0.225632  0.0138518  0.413379  0.13498  0  0  0  0
223  3.32566  0.180606  -5.34523  6.34624  0.781406  0  0  0  0
-211  -0.0640645  -0.0754027  -1.26687  1.27837  0.13957  0  0  0  0
211  0.638519  -0.24435  -1.28696  1.46396  0.13957  0  0  0  0
221  0.469251  0.0232274  -3.39304  3.46894  0.54785  0  0  0  0
-211  0.872335  0.0888545  -2.075  2.25698  0.13957  0  0  0  0
111  -0.263778  -0.259156  -1.19109  1.25446  0.13498  0  0  0  0
211  1.2053  -1.02435  -7.30185  7.47252  0.13957  0  0  0  0
-213  0.29551  -0.302082  -82.2855  82.2909  0.844692  0  0  0  0
113  -0.305049  -0.89575  -201.194  201.198  0.698863  0  0  0  0
211  1.02207  0.118663  -226.349  226.351  0.13957  0  0  0  0
223  -0.0903231  0.127962  -97.6714  97.6747  0.780671  0  0  0  0
111  0.484718  -0.727521  -94.7308  94.7349  0.13498  0  0  0  0
223  0.17449  -0.346438  -91.1082  91.1126  0.801239  0  0  0  0
-211  -0.366505  0.0763949  -97.3218  97.3226  0.13957  0  0  0  0
113  0.507653  0.18853  -125.65  125.653  0.808483  0  0  0  0
111  0.143666  0.247717  -59.0248  59.0256  0.13498  0  0  0  0
111  -0.409392  -0.0402152  -56.4581  56.4597  0.13498  0  0  0  0
211  -1.47061  0.506393  -102.544  102.556  0.13957  0  0  0  0
311  -0.0698843  0.19665  -48.469  48.472  0.49761  0  0  0  0
111  0.785776  -0.526572  239.039  239.04  0.13498  0  0  0  0
221  1.48777  0.480208  224.964  224.97  0.54785  0  0  0  0
321  0.491042  -0.247007  87.3767  87.3798  0.49368  0  0  0  0
-321  0.212889  -0.153677  80.1213  80.1232  0.49368  0  0  0  0
111  0.175084  0.162031  46.8303  46.8311  0.13498  0  0  0  0
323  0.214485  -0.197254  54.1933  54.2019  0.918185  0  0  0  0
-323  0.312307  0.327073  3.75141  3.89592  0.948997  0  0  0  0
223  -0.390241  0.0593335  8.60414  8.65374  0.836695  0  0  0  0
211  0.313635  -0.924066  4.03153  4.15029  0.13957  0  0  0  0
111  -0.210434  1.12967  2.40181  2.66596  0.13498  0  0  0  0
-211  0.187749  -0.607711  0.548618  0.851483  0.13957  0  0  0  0
2212  -0.748912  -0.412262  -1.56359  2.01395  0.93827  0  0  0  0
-2112  0.660755  0.415009  -2.19709  2.51373  0.93957  0  0  0  0
3112  -0.157083  0.370082  -17.8968  17.9414  1.19745  0  0  0  0
321  -0.0314584  -0.0972033  -13.8565  13.8657  0.49368  0  0  0  0
-3122  -0.155133  -0.020237  -23.7473  23.774  1.11568  0  0  0  0
3324  -0.530856  0.331205  -114.435  114.447  1.53407  0  0  0  0
213  -0.419063  -0.924092  -4.41793  4.58908  0.715524  0  0  0  0
111  0.00705481  0.184009  -0.60152  0.643394  0.13498  0  0  0  0
311  0.0700899  -0.328617  -3.14973  3.20645  0.49761  0  0  0  0
-311  -0.720888  -0.256204  -7.35087  7.40731  0.49761  0  0  0  0
311  0.254438  0.178628  -24.6782  24.6851  0.49761  0  0  0  0
-321  0.046724  -0.0976759  -22.8507  22.8563  0.49368  0  0  0  0
211  -0.0285907  -0.173073  -3.69827  3.70506  0.13957  0  0  0  0
-211  0.0276152  0.296441  -5.2804  5.29063  0.13957  0  0  0  0
213  -1.36671  -0.00716038  -74.1598  74.1763  0.759836  0  0  0  0
-211  -0.677971  0.262475  -103.461  103.463  0.13957  0  0  0  0
2224  -0.962479  0.191987  -27.9817  28.0255  1.21963  0  0  0  0
111  -0.166908  -0.199172  -1.04378  1.08407  0.13498  0  0  0  0
-2214  -0.0814277  1.51672  -23.1506  23.2335  1.24113  0  0  0  0
-213  0.346433  0.292602  -3.99248  4.0978  0.804033  0  0  0  0
211  -0.00241808  -0.0663832  -0.158559  0.221434  0.13957  0  0  0  0
-213  0.158816  1.08175  -8.40235  8.51122  0.803704  0  0  0  0
111  0.576736  0.201186  -4.52854  4.57154  0.13498  0  0  0  0
113  2.26143  0.437489  -32.5133  32.612  1.06072  0  0  0  0
211  2.24212  -0.0897881  -35.6015  35.6724  0.13957  0  0  0  0
111  -0.0539705  0.112243  -3.74764  3.75214  0.13498  0  0  0  0
-211  1.53291  -0.24993  -30.5129  30.5527  0.13957  0  0  0  0
111  0.478138  -0.0723767  -4.1711  4.20121  0.13498  0  0  0  0
211  0.238235  -0.937374  -15.1758  15.2072  0.13957  0  0  0  0
221  1.72568  -1.16751  -90.5081  90.5337  0.54785  0  0  0  0
2112  0.714468  -0.486985  -21.2853  21.3236  0.93957  0  0  0  0
-211  -0.489995  -0.243626  -11.4371  11.451  0.13957  0  0  0  0
-1114  0.630979  0.662915  -30.7159  30.7573  1.30643  0  0  0  0
-211  -0.697845  0.111599  -4.3572  4.41634  0.13957  0  0  0  0
223  0.679137  1.13192  -6.37321  6.55515  0.780868  0  0  0  0
111  -0.622766  -0.183098  -1.61883  1.74934  0.13498  0  0  0  0
211  -0.0537711  0.317925  -0.517619  0.625601  0.13957  0  0  0  0
-211  0.351731  0.0176639  -0.133541  0.401671  0.13957  0  0  0  0
221  0.234063  0.182324  -0.507811  0.803766  0.54785  0  0  0  0
111  0.123072  1.08119  -0.339783  1.14795  0.13498  0  0  0  0
213  1.70018  3.52736  0.941988  4.10315  0.7846  0  0  0  0
223  1.29529  2.30368  0.721951  2.84835  0.779204  0  0  0  0
223  2.06409  4.15179  0.91515  4.79014  0.781083  0  0  0  0
111  0.826635  2.63111  1.44642  3.11712  0.13498  0  0  0  0
-211  0.59871  0.975734  -0.161826  1.16455  0.13957  0  0  0  0
211  0.649097  0.886545  0.354597  1.16297  0.13957  0  0  0  0
111  -0.09096  0.0626417  0.271077  0.322335  0.13498  0  0  0  0
-211  0.28642  0.271467  -0.043812  0.420868  0.13957  0  0  0  0
211  0.378213  0.0614088  0.351853  0.538607  0.13957  0  0  0  0
311  0.460864  -0.11141  0.140639  0.701572  0.49761  0  0  0  0
-321  0.83884  -0.547955  0.199017  1.13456  0.49368  0  0  0  0
211  0.253681  -0.305359  -0.124765  0.438913  0.13957  0  0  0  0
111  0.179753  -0.0731384  -0.114437  0.262632  0.13498  0  0  0  0
111  0.0231693  -0.56087  -0.0453686  0.579128  0.13498  0  0  0  0
2112  0.469863  -0.838898  0.123519  1.35003  0.93957  0  0  0  0
-2212  -0.535702  -2.05751  -1.41427  2.72045  0.93827  0  0  0  0
113  0.0797096  -1.07986  -0.531991  1.47756  0.853062  0  0  0  0
221  -2.16606  -1.86316  -2.04287  3.55481  0.54785  0  0  0  0
111  -0.627553  -0.649211  -1.60431  1.8459  0.13498  0  0  0  0
213  -2.17607  -3.47033  -3.16867  5.23481  0.764412  0  0  0  0
111  -0.835512  -1.31883  -1.4351  2.12488  0.13498  0  0  0  0
111  -2.25546  -3.04622  -3.59526  5.22596  0.13498  0  0  0  0
1114  -6.47815  -7.73955  -10.2322  14.4703  1.68103  0  0  0  0
-2114  -4.88622  -5.77672  -7.47477  10.704  1.20708  0  0  0  0
113  -1.62027  -1.70808  -1.69622  2.98325  0.692705  0  0  0  0
211  -0.861134  -0.818045  -0.942005  1.52237  0.13957  0  0  0  0
113  -1.00227  -1.31812  -2.3138  2.93506  0.720359  0  0  0  0
-213  -1.69816  -1.36339  0.278316  2.35832  0.861177  0  0  0  0
211  -0.426948  -0.388783  -0.281663  0.657458  0.13957  0  0  0  0
-213  -0.757801  -0.236539  0.259477  1.15754  0.801472  0  0  0  0
211  -0.945604  -0.924602  0.530699  1.43184  0.13957  0  0  0  0
-213  -0.571849  -0.66055  1.64895  2.05727  0.866022  0  0  0  0
221  -0.379207  0.181956  0.523582  0.866708  0.54785  0  0  0  0
323  -0.467852  -0.734392  1.75399  2.18223  0.963031  0  0  0  0
-313  -0.318236  1.06745  2.96968  3.27718  0.824727  0  0  0  0
223  1.20984  -0.0855129  6.11369  6.28245  0.788016  0  0  0  0
331  0.374986  0.903586  4.32755  4.53893  0.957669  0  0  0  0
-211  -0.534371  -0.0961955  6.36356  6.3882  0.13957  0  0  0  0
111  -0.378024  0.450176  1.55258  1.66562  0.13498  0  0  0  0
113  0.695561  -0.298636  3.74108  3.88205  0.708296  0  0  0  0
111  -0.431706  0.395532  3.6853  3.73396  0.13498  0  0  0  0
221  -0.362648  0.0328455  3.2568  3.32257  0.54785  0  0  0  0
211  -0.163231  -0.423637  5.12464  5.1466  0.13957  0  0  0  0
111  -0.451424  -0.124911  2.81203  2.85397  0.13498  0  0  0  0
331  -1.08883  0.236811  20.2177  20.271  0.958072  0  0  0  0
-213  -0.329453  -0.354767  24.1385  24.166  1.0466  0  0  0  0
221  -0.164262  0.109385  22.8594  22.8668  0.54785  0  0  0  0
213  0.275996  0.190737  69.1907  69.1972  0.884583  0  0  0  0
3112  -0.0103015  -0.106091  258.358  258.36  1.19745  0  0  0  0
321  0.248637  0.0577636  33.1561  33.1608  0.49368  0  0  0  0
-2114  0.454627  -0.143331  440.598  440.601  1.26428  0  0  0  0
311  0.472076  0.461289  104.925  104.929  0.49761  0  0  0  0
-311  1.4506  0.382043  127.793  127.803  0.49761  0  0  0  0
211  0.068158  -0.120282  -81.9399  81.9401  0.13957  0  0  0  0
-211  0.00983401  -0.236396  -11.38  11.3833  0.13957  0  0  0  0
211  -0.264158  0.320376  -5.55349  5.57074  0.13957  0  0  0  0
111  0.440282  0.122664  -4.29469  4.32105  0.13498  0  0  0  0
211  0.250922  -0.230478  29.3886  29.391  0.13957  0  0  0  0
111  -0.0635082  0.101246  122.355  122.355  0.13498  0  0  0  0
-211  0.203684  -0.290912  0.12875  0.402707  0.13957  0  0  0  0
111  0.275189  0.354975  -0.265642  0.539  0.13498  0  0  0  0
-211  -0.125884  0.259026  2.34265  2.36441  0.13957  0  0  0  0
111  -0.364153  -0.620567  5.15262  5.20437  0.13498  0  0  0  0
211  0.213177  0.154422  0.65209  0.716932  0.13957  0  0  0  0
111  -0.27749  -0.618771  1.31739  1.48783  0.13498  0  0  0  0
211  0.238301  0.144439  -0.636613  0.708806  0.13957  0  0  0  0
-211  -0.275726  0.0838749  0.0135517  0.320505  0.13957  0  0  0  0
-211  -0.271358  -0.445016  -0.0371444  0.540864  0.13957  0  0  0  0
111  0.0071878  0.170941  -0.256179  0.336332  0.13498  0  0  0  0
-211  -0.597333  2.01411  4.73867  5.18536  0.13957  0  0  0  0
111  -0.187637  0.328581  0.358693  0.538566  0.13498  0  0  0  0
211  0.160926  0.964814  0.572104  1.14173  0.13957  0  0  0  0
-211  -0.445256  1.56624  0.999495  1.91568  0.13957  0  0  0  0
-211  0.0913432  1.47364  0.414137  1.53979  0.13957  0  0  0  0
111  0.506126  0.857114  0.00499775  1.00452  0.13498  0  0  0  0
311  0.0468021  0.827329  0.156722  0.979204  0.49761  0  0  0  0
211  0.138471  -0.0939808  -0.0749868  0.230455  0.13957  0  0  0  0
-211  0.0409916  0.114011  -57.2866  57.2869  0.13957  0  0  0  0
111  0.254518  -0.416093  -24.9989  25.004  0.13498  0  0  0  0
211  -0.304643  -0.859339  -192.752  192.754  0.13957  0  0  0  0
-211  -0.000405933  -0.0364102  -8.44204  8.44327  0.13957  0  0  0  0
211  0.489378  -0.0943651  -42.2592  42.2623  0.13957  0  0  0  0
-211  0.0182754  0.282895  -83.3905  83.3911  0.13957  0  0  0  0
311  0.279719  -0.355346  47.8442  47.8489  0.49761  0  0  0  0
211  -0.0652345  0.158092  6.34912  6.35296  0.13957  0  0  0  0
-321  0.183704  0.300618  1.27013  1.40751  0.49368  0  0  0  0
111  0.128603  0.0264553  2.48128  2.48841  0.13498  0  0  0  0
211  -0.0438701  -0.313421  -2.7095  2.73149  0.13957  0  0  0  0
111  -0.375193  -0.610672  -1.70843  1.85759  0.13498  0  0  0  0
211  -0.251683  -0.0433545  -5.84364  5.85088  0.13957  0  0  0  0
111  -1.11502  0.0361941  -68.3162  68.3254  0.13498  0  0  0  0
2212  -1.01376  0.237212  -25.9506  25.9884  0.93827  0  0  0  0
211  0.0512811  -0.0452244  -2.03111  2.03705  0.13957  0  0  0  0
-2212  -0.0517409  1.29282  -16.3677  16.4456  0.93827  0  0  0  0
111  -0.0296868  0.223902  -6.78282  6.78792  0.13498  0  0  0  0
-211  0.0717028  -0.191015  -0.489534  0.548408  0.13957  0  0  0  0
111  0.27473  0.483617  -3.50295  3.5494  0.13498  0  0  0  0
-211  0.0782141  0.132976  -0.396052  0.447366  0.13957  0  0  0  0
111  0.0806016  0.948779  -8.0063  8.06386  0.13498  0  0  0  0
211  1.04401  -0.218753  -18.0739  18.1059  0.13957  0  0  0  0
-211  1.21742  0.656242  -14.4394  14.5061  0.13957  0  0  0  0
-2112  0.272462  0.499999  -25.9033  25.9265  0.93957  0  0  0  0
211  0.358516  0.162917  -4.81261  4.83071  0.13957  0  0  0  0
211  0.446533  1.76828  0.447903  1.88317  0.13957  0  0  0  0
111  1.25364  1.75908  0.494085  2.21998  0.13498  0  0  0  0
211  0.251665  -0.0145004  -0.145755  0.322909  0.13957  0  0  0  0
-211  -0.171956  -1.06536  -0.386236  1.15465  0.13957  0  0  0  0
211  -1.34046  -2.1358  -1.50355  2.93916  0.13957  0  0  0  0
111  -0.835612  -1.33452  -1.66511  2.29565  0.13498  0  0  0  0
2112  -2.94855  -4.32737  -5.23916  7.4667  0.93957  0  0  0  0
-211  -3.5296  -3.41219  -4.99301  7.00362  0.13957  0  0  0  0
-2212  -3.97859  -4.43714  -6.0384  8.53581  0.93827  0  0  0  0
211  -0.907627  -1.33958  -1.43636  2.16815  0.13957  0  0  0  0
211  -0.189317  -0.582354  -0.427984  0.760018  0.13957  0  0  0  0
-211  -1.43095  -1.12573  -1.26823  2.22324  0.13957  0  0  0  0
211  -0.313918  -0.0772044  -0.273372  0.445776  0.13957  0  0  0  0
-211  -0.688354  -1.24092  -2.04043  2.48929  0.13957  0  0  0  0
-211  -0.986553  -0.834678  -0.241172  1.32197  0.13957  0  0  0  0
111  -0.711611  -0.528713  0.519487  1.03635  0.13498  0  0  0  0
-211  -0.769678  -0.41271  0.113613  0.891695  0.13957  0  0  0  0
111  0.0118764  0.176171  0.145864  0.265845  0.13498  0  0  0  0
-211  -0.65741  -0.14185  0.890592  1.1247  0.13957  0  0  0  0
111  0.0855607  -0.5187  0.75836  0.932577  0.13498  0  0  0  0
311  0.0552738  -0.44311  0.748078  1.00331  0.49761  0  0  0  0
211  -0.523126  -0.291282  1.00591  1.17891  0.13957  0  0  0  0
-321  -0.329896  0.843796  2.73825  2.92618  0.49368  0  0  0  0
211  0.0116597  0.223656  0.231433  0.350997  0.13957  0  0  0  0
211  0.697548  -0.0815104  2.05138  2.17276  0.13957  0  0  0  0
-211  -0.00198698  -0.217125  1.68969  1.70929  0.13957  0  0  0  0
-211  -0.632545  -0.0929091  10.1058  10.127  0.13957  0  0  0  0
111  0.303092  -0.261858  14.0326  14.039  0.13498  0  0  0  0
211  0.10424  0.442239  21.2717  21.277  0.13957  0  0  0  0
111  0.171755  -0.251502  47.919  47.9202  0.13498  0  0  0  0
-2112  0.197424  0.0356148  370.011  370.012  0.93957  0  0  0  0
111  0.257203  -0.178945  70.5875  70.5883  0.13498  0  0  0  0
111  -0.121942  0.301169  -8.69231  8.69943  0.13498  0  0  0  0
111  -0.0895836  0.0667742  -6.65387  6.65617  0.13498  0  0  0  0
111  -0.00781359  0.0116947  -1.8978  1.90265  0.13498  0  0  0  0
211  -0.0217041  -0.00982536  -2.82376  2.82731  0.13957  0  0  0  0
-211  0.105305  -0.224824  -2.43301  2.44963  0.13957  0  0  0  0
211  0.108213  -0.0466687  0.085802  0.201816  0.13957  0  0  0  0
-211  -0.0328093  0.0848481  0.279296  0.32521  0.13957  0  0  0  0
111  -0.289546  -0.292185  0.594287  0.735259  0.13498  0  0  0  0
211  -0.269343  -0.295531  0.95267  1.04257  0.13957  0  0  0  0
-211  -0.328457  0.0402908  0.769158  0.848877  0.13957  0  0  0  0
111  0.00747085  -0.346793  0.617138  0.720695  0.13498  0  0  0  0
211  0.0302087  -0.215524  0.194821  0.323725  0.13957  0  0  0  0
-211  -0.282034  -0.0228076  0.511837  0.601266  0.13957  0  0  0  0
111  0.00586211  0.0514628  -0.0355667  0.148887  0.13498  0  0  0  0
2212  1.63747  3.80898  0.12345  4.25268  0.93827  0  0  0  0
-211  0.0999182  0.34677  -0.0357714  0.388578  0.13957  0  0  0  0
-2112  1.4272  2.47579  -0.738567  3.09753  0.93957  0  0  0  0
111  0.461532  0.587775  -0.212987  0.788717  0.13498  0  0  0  0
211  0.799098  -0.150582  -1.19842  1.45497  0.13957  0  0  0  0
-211  1.51771  0.0709547  -2.17115  2.65365  0.13957  0  0  0  0
111  1.00885  0.260233  -1.97566  2.23762  0.13498  0  0  0  0
111  0.0919507  -0.0555207  -0.781396  0.800211  0.13498  0  0  0  0
111  0.0874093  0.098218  -1.50193  1.5137  0.13498  0  0  0  0
111  0.289891  -0.0194699  -1.10971  1.15503  0.13498  0  0  0  0
211  0.104875  0.0438993  -42.3373  42.3377  0.13957  0  0  0  0
-211  0.0483726  -0.0571274  -6.74317  6.74502  0.13957  0  0  0  0
111  -0.24357  0.14119  -48.5909  48.5919  0.13498  0  0  0  0
211  -0.00609548  -0.21582  -40.065  40.0659  0.13957  0  0  0  0
-211  0.211947  -0.0817247  -47.1471  47.1478  0.13957  0  0  0  0
111  -0.031362  -0.048893  -3.89612  3.89889  0.13498  0  0  0  0
211  0.658355  0.0618916  104.093  104.095  0.13957  0  0  0  0
-211  0.453434  0.247103  70.6018  70.6038  0.13957  0  0  0  0
111  0.375979  0.171213  50.2691  50.271  0.13498  0  0  0  0
211  -0.00798335  0.0504416  1.51891  1.52616  0.13957  0  0  0  0
-211  -0.507904  0.0446335  3.75261  3.78965  0.13957  0  0  0  0
111  0.125646  -0.0357417  3.33263  3.33792  0.13498  0  0  0  0
2112  -0.0278031  0.44729  -13.6945  13.734  0.93957  0  0  0  0
-211  -0.12928  -0.0772088  -4.20234  4.20735  0.13957  0  0  0  0
-2112  -0.123303  0.0837656  -19.5563  19.5794  0.93957  0  0  0  0
111  -0.0318304  -0.104003  -4.19094  4.19452  0.13498  0  0  0  0
3312  -0.384968  0.202268  -103.608  103.617  1.32171  0  0  0  0
211  -0.145887  0.128937  -10.827  10.8296  0.13957  0  0  0  0
111  0.419138  -0.350379  -22.7761  22.783  0.13498  0  0  0  0
111  0.381977  -0.393985  -24.6491  24.6555  0.13498  0  0  0  0
111  0.924567  -0.423145  -43.083  43.0952  0.13498  0  0  0  0
211  0.137694  0.599749  -3.02808  3.09313  0.13957  0  0  0  0
-211  0.328357  0.432653  -2.7698  2.826  0.13957  0  0  0  0
111  0.213086  0.099523  -0.575323  0.636024  0.13498  0  0  0  0
211  0.0397932  -0.0904233  -0.078256  0.188052  0.13957  0  0  0  0
-211  0.180505  0.312731  -0.334274  0.51147  0.13957  0  0  0  0
111  0.794431  0.912138  0.0348609  1.2176  0.13498  0  0  0  0
211  0.71099  0.965376  0.00136069  1.20704  0.13957  0  0  0  0
-211  1.3531  3.18642  0.913789  3.5831  0.13957  0  0  0  0
211  -0.432134  -0.465369  -0.6618  0.927775  0.13957  0  0  0  0
-211  -1.68268  -1.34099  -1.31216  2.52406  0.13957  0  0  0  0
211  -0.0285451  -0.0543542  0.0633796  0.165124  0.13957  0  0  0  0
-211  -0.0804439  0.0395273  0.181786  0.246088  0.13957  0  0  0  0
111  -0.270218  0.196783  0.278416  0.455496  0.13498  0  0  0  0
211  0.374319  -0.0026799  3.08871  3.11444  0.13957  0  0  0  0
-211  0.146953  -0.0584024  0.418746  0.468864  0.13957  0  0  0  0
111  0.688573  -0.0244306  2.60623  2.69915  0.13498  0  0  0  0
113  0.44481  0.540869  3.06145  3.22005  0.711233  0  0  0  0
111  -0.109349  0.044601  2.0296  2.03751  0.13498  0  0  0  0
111  -0.0977338  0.00487244  0.680242  0.700374  0.13498  0  0  0  0
111  -0.155565  -0.0166279  0.546956  0.584686  0.13498  0  0  0  0
111  -0.000863767  0.00594546  3.13837  3.14127  0.13498  0  0  0  0
111  -0.139026  0.0593432  2.97106  2.97796  0.13498  0  0  0  0
221  -0.948937  0.171522  14.1083  14.1518  0.54785  0  0  0  0
111  -0.141726  0.0828754  7.21897  7.2221  0.13498  0  0  0  0
111  0.0963392  -0.0423315  6.45445  6.45672  0.13498  0  0  0  0
111  -0.118876  0.0688413  9.18598  9.188  0.13498  0  0  0  0
2112  0.165946  -0.167279  205.179  205.182  0.93957  0  0  0  0
-211  -0.176248  0.0611883  53.1783  53.1788  0.13957  0  0  0  0
3122  -0.440689  0.155681  -96.6203  96.6278  1.11568  0  0  0  0
-211  0.0557209  0.0465871  -6.98771  6.98948  0.13957  0  0  0  0
211  0.221065  0.269194  2.58203  2.60915  0.13957  0  0  0  0
-211  0.223745  0.271675  0.479421  0.610895  0.13957  0  0  0  0
2212  -0.335206  0.144224  -73.3095  73.3164  0.93827  0  0  0  0
-211  -0.105483  0.0114569  -23.3107  23.3114  0.13957  0  0  0  0
9  289
2212  0  0  2510  2510  0.93827  0  0  0  0
2212  0  0  -2510  2510  0.93827  0  0  0  0
3222  0.302871  -0.268077  1131.45  1131.45  1.18937  0  0  0  0
-3222  0.0945565  0.327077  233.946  233.95  1.18937  0  0  0  0
111  0.391202  -0.0209968  80.9374  80.9385  0.13498  0  0  0  0
211  -0.221531  0.173653  3.82947  3.84234  0.13957  0  0  0  0
221  -0.110856  0.00398233  95.4885  95.4902  0.54785  0  0  0  0
-211  -0.070838  0.268931  18.9022  18.9048  0.13957  0  0  0  0
213  0.626858  -0.365282  38.1871  38.2029  0.824859  0  0  0  0
-213  -0.271333  0.349373  21.6017  21.6352  1.11791  0  0  0  0
3122  0.0135804  0.480184  15.6896  15.7365  1.11568  0  0  0  0
211  0.595027  0.967242  4.4669  4.6111  0.13957  0  0  0  0
-3222  0.495881  1.50699  7.10558  7.37705  1.18937  0  0  0  0
-211  0.431028  -2.91602  -111.172  111.211  0.13957  0  0  0  0
213  -0.40241  -2.23452  -150.336  150.359  1.30685  0  0  0  0
2112  -0.105354  -0.7729  -77.6185  77.6281  0.93957  0  0  0  0
-2112  -0.918211  -0.883189  -39.9834  40.0148  0.93957  0  0  0  0
-211  -0.0185617  0.148229  -12.5815  12.5832  0.13957  0  0  0  0
213  -0.14387  0.094226  -18.2294  18.249  0.827952  0  0  0  0
311  -0.561384  -0.111067  -10.7631  10.7898  0.49761  0  0  0  0
-323  -0.203908  -0.253691  -3.65553  3.74811  0.761202  0  0  0  0
111  -0.863563  -0.125737  -6.12322  6.18657  0.13498  0  0  0  0
211  -3.79878  -1.04982  -20.1632  20.5452  0.13957  0  0  0  0
221  -5.0436  -0.776583  -26.5003  26.9927  0.54785  0  0  0  0
-211  -0.980302  -0.133223  -5.26305  5.35705  0.13957  0  0  0  0
-421  -48.3038  -9.22852  -236.753  241.813  1.86486  0  0  0  0
411  -4.09149  0.179196  22.115  22.5685  1.86962  0  0  0  0
211  0.292833  -0.0283875  31.2204  31.2221  0.13957  0  0  0  0
-213  -0.18533  0.777211  51.4647  51.4788  0.906745  0  0  0  0
221  -0.104388  0.0313946  9.28289  9.29968  0.54785  0  0  0  0
211  0.0709505  0.152204  0.866041  0.893144  0.13957  0  0  0  0
-211  -0.41288  -0.122294  6.7846  6.79968  0.13957  0  0  0  0
211  0.255082  -0.0173385  5.41119  5.41902  0.13957  0  0  0  0
113  0.71851  -0.646659  14.4049  14.4485  0.567702  0  0  0  0
-211  0.104706  -0.0521308  1.24307  1.25633  0.13957  0  0  0  0
221  0.925043  -0.946498  23.5222  23.5658  0.54785  0  0  0  0
221  0.671488  -0.172032  12.3277  12.3593  0.54785  0  0  0  0
211  0.696995  -0.484173  6.46187  6.51886  0.13957  0  0  0  0
-211  -0.126064  0.201107  0.799839  0.845907  0.13957  0  0  0  0
111  0.486432  0.503008  2.72145  2.81321  0.13498  0  0  0  0
2212  -0.384139  0.143151  -0.0224156  1.02416  0.93827  0  0  0  0
111  0.401186  -0.315406  0.0686798  0.532323  0.13498  0  0  0  0
-2112  0.271013  0.695004  -2.19455  2.50106  0.93957  0  0  0  0
311  -0.209259  0.040139  -0.502497  0.738592  0.49761  0  0  0  0
-313  -0.0121201  0.418747  -5.07099  5.1663  0.89458  0  0  0  0
3122  0.533649  0.496062  -6.27628  6.41618  1.11568  0  0  0  0
-3212  -0.130526  -0.930378  -3.92832  4.21149  1.19264  0  0  0  0
1114  -0.309787  -1.49194  -4.72772  5.13625  1.30688  0  0  0  0
211  0.586251  -0.293227  -0.584128  0.889021  0.13957  0  0  0  0
-2212  -0.0127865  -2.01684  -5.10265  5.56644  0.93827  0  0  0  0
211  0.0503823  -1.05723  -0.478182  1.16979  0.13957  0  0  0  0
221  0.0198806  -0.0879472  -1.36158  1.47044  0.54785  0  0  0  0
-211  1.27356  -0.211872  0.443209  1.37214  0.13957  0  0  0  0
213  0.981488  -0.130726  -0.0182075  1.24648  0.756951  0  0  0  0
111  0.202564  -0.357764  -0.18403  0.470228  0.13498  0  0  0  0
111  -0.0188356  -0.0813356  -0.00572909  0.158817  0.13498  0  0  0  0
111  1.00149  -0.638793  -0.848865  1.46623  0.13498  0  0  0  0
221  0.294399  -1.38506  -1.32966  2.01822  0.54785  0  0  0  0
-213  1.36333  -0.508737  -0.82388  1.82761  0.7375  0  0  0  0
321  0.47415  -1.58337  -0.18234  1.7346  0.49368  0  0  0  0
-313  0.71659  -1.92827  -1.83033  2.90583  0.928437  0  0  0  0
-211  0.454383  -0.765061  -1.21753  1.51447  0.13957  0  0  0  0
211  0.230605  -0.144124  0.028959  0.307032  0.13957  0  0  0  0
-213  -0.237328  -1.6898  0.0654156  1.85146  0.715471  0  0  0  0
211  0.325616  -1.4589  0.341525  1.53966  0.13957  0  0  0  0
-213  -0.265878  -2.32714  0.924003  2.6637  0.86903  0  0  0  0
221  0.115378  -0.876803  0.0979484  1.04491  0.54785  0  0  0  0
111  -1.49854  -0.841765  3.05572  3.50854  0.13498  0  0  0  0
211  -0.873901  -0.793991  5.29852  5.43028  0.13957  0  0  0  0
-211  -0.561595  -0.547426  5.50621  5.56353  0.13957  0  0  0  0
111  -0.336302  -0.0631601  0.455304  0.585329  0.13498  0  0  0  0
213  -0.250412  -0.263499  3.87199  3.95337  0.710445  0  0  0  0
-213  -0.416452  -0.0744377  4.46836  4.56444  0.829982  0  0  0  0
111  -0.67248  -0.472188  11.108  11.1391  0.13498  0  0  0  0
213  -0.311717  0.29675  8.13698  8.17527  0.662836  0  0  0  0
2112  -0.108834  0.614954  25.1277  25.153  0.93957  0  0  0  0
113  -0.00935546  -0.745085  125.006  125.01  0.641996  0  0  0  0
-211  -0.398021  0.285953  143.682  143.683  0.13957  0  0  0  0
113  0.0511747  -0.670151  69.4241  69.432  0.804764  0  0  0  0
221  0.336944  -0.289926  24.6037  24.6138  0.54785  0  0  0  0
211  -0.440974  0.731519  3.84617  3.94234  0.13957  0  0  0  0
113  -0.0561953  -0.346149  12.4403  12.4682  0.756238  0  0  0  0
3122  0.0431273  0.188631  3.8637  4.02621  1.11568  0  0  0  0
111  0.0460031  -0.231123  0.411665  0.493175  0.13498  0  0  0  0
-3214  0.123967  -0.407556  0.687729  1.55037  1.32258  0  0  0  0
313  -0.529035  0.810357  -0.398556  1.4042  0.936148  0  0  0  0
-313  1.06729  -0.188959  -0.0269853  1.36505  0.829343  0  0  0  0
-211  0.107505  -0.256592  -0.617528  0.691533  0.13957  0  0  0  0
223  0.0111535  0.338553  -0.571853  1.02677  0.78262  0  0  0  0
213  6.72621  3.3516  -34.6562  35.4719  0.853189  0  0  0  0
-211  3.4481  2.25836  -18.5287  18.9821  0.13957  0  0  0  0
211  0.839509  0.282804  -4.93892  5.01968  0.13957  0  0  0  0
313  7.07529  3.32415  -36.0162  36.8653  0.879801  0  0  0  0
-323  2.22195  2.01892  -16.1661  16.4658  0.876955  0  0  0  0
321  1.97765  1.30212  -14.1775  14.3823  0.49368  0  0  0  0
-311  1.15957  0.483474  -6.87216  7.00376  0.49761  0  0  0  0
223  1.34246  1.22196  -13.7067  13.8493  0.795801  0  0  0  0
111  0.0567085  -0.149447  -14.9701  14.9716  0.13498  0  0  0  0
111  0.679363  0.0947831  -12.1385  12.1586  0.13498  0  0  0  0
-211  0.267557  -0.0354964  -1.29312  1.32833  0.13957  0  0  0  0
211  1.56797  0.197293  -23.658  23.7111  0.13957  0  0  0  0
-211  0.424203  -0.722409  -6.4076  6.46364  0.13957  0  0  0  0
321  3.11279  1.19316  -33.322  33.492  0.49368  0  0  0  0
-323  0.860778  0.504442  -19.4119  19.4502  0.70353  0  0  0  0
111  3.71449  0.437487  -28.3287  28.5749  0.13498  0  0  0  0
321  0.479764  0.362557  -6.07417  6.12379  0.49368  0  0  0  0
-323  2.09814  -0.107683  -18.5561  18.6908  0.777426  0  0  0  0
211  1.38799  1.08714  -8.42422  8.60787  0.13957  0  0  0  0
111  0.405246  0.200313  -3.12903  3.16439  0.13498  0  0  0  0
2112  3.16783  0.763802  -17.2174  17.5483  0.93957  0  0  0  0
-2212  1.88895  0.671205  -12.3204  12.5176  0.93827  0  0  0  0
323  4.55756  0.342354  -19.036  19.598  0.906851  0  0  0  0
-311  2.4996  0.509499  -6.28231  6.79872  0.49761  0  0  0  0
113  2.8667  -0.272789  -6.40077  7.06193  0.780169  0  0  0  0
223  2.24946  0.662329  -5.48738  6.02063  0.7987  0  0  0  0
111  0.386185  -0.221794  -0.686253  0.829153  0.13498  0  0  0  0
111  0.66064  -0.212602  -2.92204  3.00636  0.13498  0  0  0  0
223  1.41738  -0.329714  -5.18807  5.44165  0.760076  0  0  0  0
-213  -0.21568  0.602993  -2.79215  3.16145  1.33738  0  0  0  0
211  -0.0118263  -0.207747  -1.16067  1.1874  0.13957  0  0  0  0
-213  -1.30014  0.222151  -5.85472  6.08286  0.991838  0  0  0  0
211  0.271031  -0.35757  37.5176  37.5205  0.13957  0  0  0  0
2112  0.322613  1.17607  91.3287  91.3417  0.93957  0  0  0  0
-2112  -0.82916  2.37499  21.0539  21.2244  0.93957  0  0  0  0
-211  -0.269063  0.5766  4.00287  4.05553  0.13957  0  0  0  0
211  0.034499  0.792651  5.53467  5.59299  0.13957  0  0  0  0
3114  -0.900692  3.12143  27.9775  28.2012  1.41766  0  0  0  0
113  -0.498568  0.114003  1.44246  1.71021  0.763262  0  0  0  0
-3112  -0.26799  0.764788  4.09587  4.34359  1.19745  0  0  0  0
-213  0.288386  0.423944  0.45309  1.08299  0.83945  0  0  0  0
211  0.4375  1.00291  1.04472  1.51926  0.13957  0  0  0  0
-213  -0.631543  0.494368  0.0682686  1.12146  0.780869  0  0  0  0
223  0.214269  0.130701  -0.147913  0.83064  0.777876  0  0  0  0
113  -0.636754  0.438111  -0.976257  1.41433  0.670703  0  0  0  0
211  0.338627  1.24914  -1.65782  2.10781  0.13957  0  0  0  0
-211  -1.11168  1.31957  -8.38966  8.56639  0.13957  0  0  0  0
211  0.0355955  -0.112318  -0.0626925  0.193113  0.13957  0  0  0  0
-213  -0.453444  1.39082  -8.6509  8.80347  0.723198  0  0  0  0
211  0.00397758  -0.0441633  -0.203649  0.250837  0.13957  0  0  0  0
-211  -0.249383  0.402508  -3.4737  3.5086  0.13957  0  0  0  0
211  0.666242  0.506844  -6.15815  6.21635  0.13957  0  0  0  0
223  0.172778  -0.164152  -13.695  13.7197  0.786858  0  0  0  0
113  0.872721  0.355447  -28.0375  28.069  0.937416  0  0  0  0
113  0.787095  0.296199  -20.9513  20.9926  1.01237  0  0  0  0
-213  0.371673  0.769832  -50.7502  50.7626  0.725187  0  0  0  0
2224  0.304871  -0.487282  -340  340.003  1.25167  0  0  0  0
221  -0.559176  0.487391  -840.988  840.989  0.54785  0  0  0  0
211  0.271526  0.0690912  4.50908  4.51993  0.13957  0  0  0  0
111  0.355333  -0.434373  33.678  33.683  0.13498  0  0  0  0
-211  -0.558836  0.571393  15.358  15.3794  0.13957  0  0  0  0
111  0.287502  -0.22202  6.24373  6.25574  0.13498  0  0  0  0
211  0.284083  -0.129446  -11.4381  11.4432  0.13957  0  0  0  0
111  -0.686493  -2.10507  -138.898  138.915  0.13498  0  0  0  0
211  -0.152712  -0.0355505  -1.177  1.19557  0.13957  0  0  0  0
111  0.00884196  0.129776  -17.0524  17.0534  0.13498  0  0  0  0
-311  -0.220489  -0.0936917  -1.86802  1.94795  0.49761  0  0  0  0
-211  0.016581  -0.159999  -1.78752  1.80016  0.13957  0  0  0  0
-211  0.18068  0.331443  7.97053  7.98069  0.13957  0  0  0  0
111  -0.36601  0.445768  43.4941  43.4982  0.13498  0  0  0  0
211  0.244075  -0.0329352  2.20107  2.2192  0.13957  0  0  0  0
-211  0.474435  -0.613724  12.2039  12.2293  0.13957  0  0  0  0
-321  -0.261408  0.25216  -2.49517  2.56934  0.49368  0  0  0  0
211  0.249288  0.166587  -2.57582  2.59696  0.13957  0  0  0  0
2112  -0.0391653  -1.01369  -2.73795  3.06729  0.93957  0  0  0  0
-211  -0.270622  -0.478253  -1.98977  2.06897  0.13957  0  0  0  0
211  1.02275  -0.0765732  0.119557  1.04195  0.13957  0  0  0  0
111  -0.0412622  -0.0541531  -0.137764  0.204533  0.13498  0  0  0  0
-211  0.490514  0.129616  -0.388709  0.6542  0.13957  0  0  0  0
111  0.872812  -0.638352  -0.435172  1.17341  0.13498  0  0  0  0
-311  0.79223  -1.39837  -1.19211  2.06199  0.49761  0  0  0  0
111  -0.0756405  -0.529906  -0.638213  0.843835  0.13498  0  0  0  0
-211  -0.291114  -1.43609  0.267515  1.49604  0.13957  0  0  0  0
111  0.0537865  -0.253711  -0.202099  0.355424  0.13498  0  0  0  0
-211  -0.0864207  -1.57498  1.00351  1.87472  0.13957  0  0  0  0
111  -0.179458  -0.752158  -0.0795106  0.788979  0.13498  0  0  0  0
211  0.128251  0.127654  1.40178  1.42029  0.13957  0  0  0  0
111  -0.378664  -0.391153  2.4702  2.53308  0.13498  0  0  0  0
-211  0.0622651  -0.310111  1.15354  1.20424  0.13957  0  0  0  0
111  -0.478717  0.235673  3.31482  3.36021  0.13498  0  0  0  0
211  0.0435774  -0.146082  2.08837  2.09857  0.13957  0  0  0  0
111  -0.355295  0.442831  6.04861  6.07669  0.13498  0  0  0  0
211  -0.268863  -0.352637  46.1229  46.1253  0.13957  0  0  0  0
-211  0.259507  -0.392449  78.8827  78.8842  0.13957  0  0  0  0
211  0.163222  -0.334982  58.4273  58.4286  0.13957  0  0  0  0
-211  -0.112048  -0.335169  10.9968  11.0034  0.13957  0  0  0  0
211  0.0509479  -0.280775  1.91089  1.93711  0.13957  0  0  0  0
-211  -0.107143  -0.0653746  10.5294  10.5311  0.13957  0  0  0  0
-3122  0.194667  -0.276475  0.478301  1.2601  1.11568  0  0  0  0
111  -0.0706999  -0.131082  0.209428  0.290277  0.13498  0  0  0  0
321  -0.312682  0.836367  -0.125469  1.02798  0.49368  0  0  0  0
-211  -0.216353  -0.0260103  -0.273087  0.37622  0.13957  0  0  0  0
-321  0.325816  -0.0214391  -0.00816035  0.591948  0.49368  0  0  0  0
211  0.741475  -0.167519  -0.018825  0.773099  0.13957  0  0  0  0
211  5.6395  2.90328  -30.3521  31.0081  0.13957  0  0  0  0
111  1.08671  0.448322  -4.3041  4.46379  0.13498  0  0  0  0
321  3.03158  1.5952  -15.1737  15.5634  0.49368  0  0  0  0
-211  4.04371  1.72895  -20.8425  21.3019  0.13957  0  0  0  0
-311  1.63932  1.24306  -12.0639  12.2481  0.49761  0  0  0  0
-211  0.582627  0.775861  -4.1022  4.2177  0.13957  0  0  0  0
-311  0.453489  0.263644  -12.3419  12.3631  0.49761  0  0  0  0
-211  0.407289  0.240797  -7.06995  7.08714  0.13957  0  0  0  0
-321  1.44369  0.0717385  -11.5281  11.6289  0.49368  0  0  0  0
111  0.654455  -0.179422  -7.02795  7.06193  0.13498  0  0  0  0
311  1.91363  -0.0304344  -7.52138  7.777  0.49761  0  0  0  0
211  2.64393  0.372789  -11.5146  11.821  0.13957  0  0  0  0
211  1.62955  -0.0896172  -4.43571  4.72847  0.13957  0  0  0  0
-211  1.23715  -0.183172  -1.96506  2.33346  0.13957  0  0  0  0
-211  -0.610144  0.499439  -2.54024  2.66345  0.13957  0  0  0  0
111  0.394464  0.103554  -0.251911  0.498  0.13498  0  0  0  0
-211  -1.06642  0.448466  -3.21333  3.41809  0.13957  0  0  0  0
111  -0.23372  -0.226316  -2.64139  2.66477  0.13498  0  0  0  0
3122  -0.742862  2.03588  18.8864  19.043  1.11568  0  0  0  0
-211  -0.15783  1.08555  9.09118  9.15819  0.13957  0  0  0  0
211  0.10946  0.174075  0.675406  0.719678  0.13957  0  0  0  0
-211  -0.608028  -0.0600714  0.767055  0.990535  0.13957  0  0  0  0
-211  0.394303  0.577021  0.19823  0.739732  0.13957  0  0  0  0
111  -0.105917  -0.153077  0.25486  0.343255  0.13498  0  0  0  0
-211  -0.74776  0.303625  -0.0772224  0.822664  0.13957  0  0  0  0
111  0.116217  0.190743  0.145491  0.298792  0.13498  0  0  0  0
211  -0.197984  0.473849  -0.352967  0.638589  0.13957  0  0  0  0
-211  -0.438771  -0.0357385  -0.62329  0.775737  0.13957  0  0  0  0
-211  -0.551209  1.04157  -5.35367  5.48361  0.13957  0  0  0  0
111  0.0977652  0.349252  -3.29723  3.31987  0.13498  0  0  0  0
211  0.112537  0.0927589  -1.0547  1.07385  0.13957  0  0  0  0
-211  0.760185  0.262688  -26.9828  26.9952  0.13957  0  0  0  0
211  0.693365  0.626677  -15.2649  15.2942  0.13957  0  0  0  0
-211  0.0937294  -0.330478  -5.68637  5.69844  0.13957  0  0  0  0
-211  0.302975  0.0184317  -11.316  11.3209  0.13957  0  0  0  0
111  0.0686988  0.7514  -39.4342  39.4417  0.13498  0  0  0  0
2212  0.236222  -0.130955  -221.487  221.489  0.93827  0  0  0  0
211  0.0686494  -0.356327  -118.513  118.514  0.13957  0  0  0  0
2212  0.237165  -0.112033  745.364  745.364  0.93827  0  0  0  0
111  0.0657058  -0.156044  386.086  386.086  0.13498  0  0  0  0
-2112  0.23071  0.229251  207.011  207.013  0.93957  0  0  0  0
-211  -0.136153  0.0978269  26.9354  26.9363  0.13957  0  0  0  0
211  0.0346467  -0.0616042  47.6067  47.607  0.13957  0  0  0  0
-211  -0.106106  -0.029974  17.5164  17.5173  0.13957  0  0  0  0
111  -0.0393964  0.0955606  30.3655  30.3659  0.13498  0  0  0  0
2212  0.0535822  0.307332  12.6635  12.7021  0.93827  0  0  0  0
-211  -0.0400018  0.172853  3.02601  3.03442  0.13957  0  0  0  0
-2112  0.532575  1.07339  5.28466  5.49966  0.93957  0  0  0  0
-211  -0.0366938  0.433596  1.82092  1.87739  0.13957  0  0  0  0
211  -1.39342  -0.293735  -7.02059  7.16492  0.13957  0  0  0  0
-211  -2.10641  -0.174972  -11.3601  11.5559  0.13957  0  0  0  0
111  -1.54378  -0.307876  -8.11962  8.27191  0.13498  0  0  0  0
325  -36.3913  -6.93771  -178.095  181.913  1.38878  0  0  0  0
20213  -2.92345  0.460144  16.1133  16.4276  1.21265  0  0  0  0
311  -1.16804  -0.280949  6.0017  6.14095  0.49761  0  0  0  0
111  0.0993625  0.032297  3.53806  3.54217  0.13498  0  0  0  0
111  0.140157  -0.12654  3.44832  3.45613  0.13498  0  0  0  0
111  0.431969  -0.0777888  5.34132  5.36102  0.13498  0  0  0  0
2112  0.47788  0.321414  -5.03548  5.15466  0.93957  0  0  0  0
111  0.0557693  0.174648  -1.2408  1.26151  0.13498  0  0  0  0
-3122  -0.173065  -0.941101  -3.74751  4.02544  1.11568  0  0  0  0
211  -0.0116244  -0.175024  0.0637115  0.233039  0.13957  0  0  0  0
-211  0.0864342  -0.619415  0.0704223  0.644659  0.13957  0  0  0  0
111  0.0405678  -0.0823648  -0.0361854  0.167209  0.13498  0  0  0  0
2212  0.0204865  0.0903798  3.48353  3.60886  0.93827  0  0  0  0
-211  0.0226408  0.0982511  0.380175  0.417347  0.13957  0  0  0  0
111  -0.256709  -0.0940059  -0.369938  0.479385  0.13498  0  0  0  0
211  0.380537  0.441819  -2.87077  2.93271  0.13957  0  0  0  0
-211  0.759438  0.434945  -6.50723  6.56731  0.13957  0  0  0  0
111  0.202483  0.345194  -4.32869  4.34925  0.13498  0  0  0  0
211  0.686377  0.280968  -1.73186  1.88915  0.13957  0  0  0  0
-211  1.31446  0.307939  -3.45617  3.71312  0.13957  0  0  0  0
111  0.248617  0.0734222  -0.299345  0.418364  0.13498  0  0  0  0
211  0.155752  -0.057057  -0.970077  0.994004  0.13957  0  0  0  0
-211  0.232605  -0.113295  -0.461661  0.547313  0.13957  0  0  0  0
111  1.02903  -0.159362  -3.75634  3.90033  0.13498  0  0  0  0
-2112  -0.320872  0.804744  3.43922  3.669  0.93957  0  0  0  0
211  0.0528818  -0.0399561  0.656656  0.674589  0.13957  0  0  0  0
211  0.151522  0.28329  -0.079947  0.359282  0.13957  0  0  0  0
-211  0.194584  -0.0951563  0.0133539  0.258023  0.13957  0  0  0  0
111  -0.131838  -0.0574328  -0.0813201  0.213336  0.13498  0  0  0  0
211  0.00587029  -0.00505005  -3.6126  3.61531  0.13957  0  0  0  0
-211  -0.182644  0.0510006  -3.3585  3.36674  0.13957  0  0  0  0
111  0.349551  -0.210103  -6.72394  6.73765  0.13498  0  0  0  0
-2212  0.101768  -0.238738  0.315434  1.02333  0.93827  0  0  0  0
211  0.0928992  -0.0377371  0.162867  0.236769  0.13957  0  0  0  0
2212  -0.51034  1.60587  14.7904  14.9156  0.93827  0  0  0  0
-211  -0.232522  0.430006  4.09593  4.12736  0.13957  0  0  0  0
311  -5.19094  -0.859374  -25.6953  26.2332  0.49761  0  0  0  0
211  -31.2003  -6.07833  -152.4  155.68  0.13957  0  0  0  0
211  -0.499889  0.0859587  4.7125  4.74178  0.13957  0  0  0  0
113  -2.42356  0.374186  11.4008  11.6858  0.753321  0  0  0  0
-2212  -0.107513  -0.812592  -2.93458  3.1881  0.93827  0  0  0  0
211  -0.0655518  -0.128509  -0.812921  0.837337  0.13957  0  0  0  0
211  -1.52459  0.329761  5.63536  5.84892  0.13957  0  0  0  0
-211  -0.898971  0.0444244  5.76539  5.83689  0.13957  0  0  0  0
10  257
2212  0  0  2510  2510  0.93827  0  0  0  0
2212  0  0  -2510  2510  0.93827  0  0  0  0
-313  0.1262  -0.125874  0.548402  1.10439  0.941888  0  0  0  0
111  -0.171387  0.160719  0.560427  0.622497  0.13498  0  0  0  0
111  0.327076  -0.566307  1.23912  1.4076  0.13498  0  0  0  0
223  1.61761  0.608665  2.2252  2.9275  0.794702  0  0  0  0
111  1.6248  0.399269  4.54599  4.846  0.13498  0  0  0  0
-211  2.62615  0.650455  5.36503  6.01022  0.13957  0  0  0  0
213  5.30256  2.66679  10.5922  12.1908  1.09184  0  0  0  0
311  4.04937  0.541486  7.87702  8.88738  0.49761  0  0  0  0
-323  5.46387  2.2987  12.2962  13.6779  0.866587  0  0  0  0
111  2.20118  0.559767  5.27261  5.74258  0.13498  0  0  0  0
213  9.4597  2.91306  20.6261  22.8902  0.743782  0  0  0  0
113  1.9362  0.270535  3.58632  4.17145  0.846924  0  0  0  0
111  0.627796  0.807205  3.1654  3.32922  0.13498  0  0  0  0
-211  0.41092  -0.853723  4.88285  4.97588  0.13957  0  0  0  0
211  0.213592  -0.0699285  0.440109  0.513505  0.13957  0  0  0  0
111  -0.735169  -1.06394  8.06836  8.17245  0.13498  0  0  0  0
223  0.0408865  -0.848858  11.4496  11.5079  0.785518  0  0  0  0
-213  -0.1795  0.477986  7.42163  7.48985  0.86987  0  0  0  0
111  -0.200772  -1.16178  14.9118  14.9589  0.13498  0  0  0  0
213  0.285654  -0.0529611  10.6377  10.6765  0.861299  0  0  0  0
-211  -0.253617  0.421242  3.07163  3.11387  0.13957  0  0  0  0
323  1.25785  -0.283605  56.7681  56.791  0.969243  0  0  0  0
-313  0.390909  0.0327467  44.8256  44.8367  0.917885  0  0  0  0
-211  -0.189904  -0.108167  12.5402  12.5429  0.13957  0  0  0  0
331  1.89843  1.21955  77.4917  77.5305  0.958176  0  0  0  0
323  -0.477909  0.215307  72.7759  72.7855  1.05528  0  0  0  0
-321  0.338341  -0.193728  20.343  20.3527  0.49368  0  0  0  0
221  -1.08735  0.355807  261.274  261.277  0.54785  0  0  0  0
211  -0.00600368  -0.079013  114.948  114.948  0.13957  0  0  0  0
221  1.60063  1.52216  -25.0014  25.1047  0.54785  0  0  0  0
223  0.293086  -0.160107  -3.57526  3.67508  0.782429  0  0  0  0
113  -0.135782  -0.122111  -1.20129  1.42501  0.744452  0  0  0  0
211  -0.144939  0.125094  -1.02712  1.05409  0.13957  0  0  0  0
313  0.567642  -0.000988959  0.179725  1.06567  0.883817  0  0  0  0
-311  -0.11341  0.0477068  -0.701939  0.869179  0.49761  0  0  0  0
-211  -0.442946  0.267001  1.93963  2.01225  0.13957  0  0  0  0
211  0.0589615  -0.0992283  0.14811  0.233964  0.13957  0  0  0  0
-211  0.239243  0.156123  0.901289  0.955727  0.13957  0  0  0  0
213  0.186825  0.0237651  9.43303  9.48073  0.930951  0  0  0  0
223  -0.586518  -0.492755  137.207  137.211  0.782866  0  0  0  0
-211  0.0786248  0.23343  102.368  102.368  0.13957  0  0  0  0
2224  0.460134  -1.15399  316.959  316.963  1.22319  0  0  0  0
-213  -0.340587  0.099695  243.768  243.769  0.803684  0  0  0  0
111  -0.59673  -1.7262  442.739  442.742  0.13498  0  0  0  0
213  -0.0407992  -0.600282  119.698  119.703  0.94458  0  0  0  0
311  -0.0364745  -0.0264684  14.2185  14.2272  0.49761  0  0  0  0
-313  -0.0369047  -0.65512  57.6357  57.6469  0.925917  0  0  0  0
-211  -0.202454  0.534482  2.78468  2.84615  0.13957  0  0  0  0
323  -0.334483  -0.240044  0.393714  1.05852  0.892164  0  0  0  0
-321  0.334262  -0.131581  1.17937  1.32804  0.49368  0  0  0  0
211  -0.00354986  -0.0833539  0.275689  0.32007  0.13957  0  0  0  0
-211  -0.0515101  0.614666  -1.22841  1.38164  0.13957  0  0  0  0
321  0.0408416  -0.547475  -1.12762  1.34783  0.49368  0  0  0  0
-321  -0.19055  0.256001  -1.54064  1.64898  0.49368  0  0  0  0
213  0.502568  0.0169337  -2.71482  2.87521  0.80231  0  0  0  0
-213  -0.428715  -1.13655  -35.2546  35.2839  0.765684  0  0  0  0
2214  0.102947  -0.153666  -47.6373  47.6527  1.1974  0  0  0  0
111  0.156425  -0.191205  -10.4561  10.4599  0.13498  0  0  0  0
-2214  1.87846  -0.103283  -142.264  142.282  1.23293  0  0  0  0
113  1.01415  -1.84883  -168.735  168.749  0.748187  0  0  0  0
213  1.26581  -0.042928  -80.8918  80.9061  0.841083  0  0  0  0
-211  1.2662  -0.779824  -55.7931  55.8131  0.13957  0  0  0  0
321  -0.507978  -0.369212  -8.40919  8.44704  0.49368  0  0  0  0
-313  0.293552  0.0121952  -8.38546  8.44209  0.930945  0  0  0  0
223  0.477683  -0.165525  -5.83195  5.90511  0.776572  0  0  0  0
221  0.0332904  0.751755  -3.14585  3.28066  0.54785  0  0  0  0
313  -0.556215  1.19505  -4.12608  4.42554  0.907398  0  0  0  0
-311  0.405013  -0.220964  -0.556967  0.877889  0.49761  0  0  0  0
313  0.463627  1.21989  -2.00556  2.5497  0.8807  0  0  0  0
-321  -0.772945  0.808458  -0.312882  1.26201  0.49368  0  0  0  0
213  -0.188797  0.413877  -0.101658  0.889303  0.757355  0  0  0  0
223  0.0636618  0.447098  0.570507  1.07105  0.785959  0  0  0  0
221  0.712292  -0.142414  0.266039  0.947923  0.54785  0  0  0  0
313  2.80718  2.9547  10.595  11.4077  1.127  0  0  0  0
2112  -2.8295  -1.30849  28.0352  28.2236  0.93957  0  0  0  0
211  -1.73573  -0.954254  27.8974  27.968  0.13957  0  0  0  0
-2212  -2.80351  -1.26275  35.6124  35.7572  0.93827  0  0  0  0
-211  -1.89665  -1.29033  18.2039  18.3484  0.13957  0  0  0  0
213  -2.85036  -1.06496  13.7539  14.1264  1.0615  0  0  0  0
-211  -1.12707  -0.0855477  6.60034  6.69788  0.13957  0  0  0  0
211  -0.239887  -0.0197141  1.39199  1.41952  0.13957  0  0  0  0
-211  -0.211345  -0.227078  2.04724  2.07531  0.13957  0  0  0  0
111  -2.17472  -0.887751  11.9725  12.2015  0.13498  0  0  0  0
111  -3.93143  -1.37838  21.7155  22.1119  0.13498  0  0  0  0
223  -6.27028  -2.92732  37.7241  38.3616  0.784199  0  0  0  0
211  -0.446038  0.235893  1.70437  1.78297  0.13957  0  0  0  0
-211  -1.39017  -0.111297  3.91521  4.15852  0.13957  0  0  0  0
2212  0.0686904  -0.775875  7.71072  7.80655  0.93827  0  0  0  0
-2112  0.22407  -0.203944  0.409238  1.06868  0.93957  0  0  0  0
313  1.28279  0.197657  -0.115148  1.69055  1.07707  0  0  0  0
-311  1.02281  -0.372691  0.0241597  1.19718  0.49761  0  0  0  0
221  1.30075  -0.043146  0.078872  1.41427  0.54785  0  0  0  0
111  0.163624  -0.216191  -0.485737  0.572426  0.13498  0  0  0  0
223  0.695542  -0.411528  -0.248366  1.14985  0.779312  0  0  0  0
-211  0.312964  0.540994  0.330771  0.720771  0.13957  0  0  0  0
211  -0.21219  0.158267  -0.0876379  0.311822  0.13957  0  0  0  0
111  0.00373464  0.0726662  1.62258  1.62981  0.13498  0  0  0  0
-211  -0.661328  0.941804  0.65616  1.33206  0.13957  0  0  0  0
223  -1.59275  -0.653549  3.03068  3.57391  0.789839  0  0  0  0
111  -0.626179  0.312377  1.37603  1.54964  0.13498  0  0  0  0
321  -0.752085  1.04607  2.45035  2.81208  0.49368  0  0  0  0
-321  -1.31954  -2.01518  -0.162122  2.46418  0.49368  0  0  0  0
111  0.00164205  0.0792491  -0.228576  0.277037  0.13498  0  0  0  0
111  -0.441892  -0.213607  0.245269  0.565043  0.13498  0  0  0  0
213  -0.672765  -2.21776  -1.3488  2.80153  0.811323  0  0  0  0
-211  0.485911  -0.183935  -0.430817  0.68922  0.13957  0  0  0  0
221  -0.380432  -0.832289  -1.56019  1.88991  0.54785  0  0  0  0
111  0.253883  -0.821199  -2.29647  2.45577  0.13498  0  0  0  0
223  0.138262  -0.315025  -2.78388  2.91251  0.783822  0  0  0  0
213  -0.446533  -1.37477  -8.21624  8.38957  0.888198  0  0  0  0
221  -0.669248  -1.66756  -7.76841  7.99231  0.54785  0  0  0  0
-211  -1.72824  1.34853  -11.8322  12.0343  0.13957  0  0  0  0
221  -0.437476  0.0392882  -3.25609  3.33094  0.54785  0  0  0  0
111  -0.624839  0.132194  -4.89207  4.93543  0.13498  0  0  0  0
213  -0.874899  0.810373  -6.08668  6.2372  0.657906  0  0  0  0
221  -1.01635  0.651884  -12.4132  12.4838  0.54785  0  0  0  0
3122  -2.31686  1.41449  -16.1766  16.4407  1.11568  0  0  0  0
-3222  -2.58672  1.75052  -25.7163  25.9326  1.18937  0  0  0  0
221  -2.55837  1.97147  -30.0841  30.2619  0.54785  0  0  0  0
213  -1.81049  1.12581  -20.0295  20.156  0.731645  0  0  0  0
-211  -0.249506  -0.190356  -2.20474  2.23133  0.13957  0  0  0  0
323  -2.29177  2.11142  -38.6059  38.742  0.902996  0  0  0  0
-311  -0.322047  -0.390143  -154.345  154.347  0.49761  0  0  0  0
111  -0.362373  -0.220462  -167.817  167.818  0.13498  0  0  0  0
1114  0.0557391  0.417793  -971.398  971.399  1.30347  0  0  0  0
211  0.362865  -0.419057  -388.902  388.902  0.13957  0  0  0  0
-321  -0.243126  -0.108558  0.282215  0.627902  0.49368  0  0  0  0
211  0.369326  -0.0173161  0.266187  0.476484  0.13957  0  0  0  0
211  2.09361  0.704924  3.13479  3.83752  0.13957  0  0  0  0
111  3.20895  1.96187  7.45745  8.35332  0.13498  0  0  0  0
-321  5.23145  2.1984  11.5419  12.8709  0.49368  0  0  0  0
111  0.232413  0.100301  0.754278  0.806989  0.13498  0  0  0  0
211  8.78983  2.72902  19.438  21.5073  0.13957  0  0  0  0
111  0.669874  0.184046  1.18811  1.3829  0.13498  0  0  0  0
211  0.455292  -0.0335093  1.61008  1.67936  0.13957  0  0  0  0
-211  1.4809  0.304044  1.97624  2.49209  0.13957  0  0  0  0
-211  0.128833  0.33171  6.2594  6.27106  0.13957  0  0  0  0
111  -0.308333  0.146276  1.16222  1.21879  0.13498  0  0  0  0
211  -0.0558193  0.308585  6.0895  6.09916  0.13957  0  0  0  0
111  0.341474  -0.361546  4.54824  4.57734  0.13498  0  0  0  0
311  0.723999  0.145147  26.8735  26.8883  0.49761  0  0  0  0
211  0.533851  -0.428752  29.8946  29.9028  0.13957  0  0  0  0
-311  0.463918  0.239328  36.5433  36.5504  0.49761  0  0  0  0
111  -0.0730083  -0.206581  8.2823  8.2863  0.13498  0  0  0  0
311  -0.64246  0.107354  38.6792  38.6879  0.49761  0  0  0  0
211  0.164551  0.107953  34.0967  34.0976  0.13957  0  0  0  0
211  -0.0151925  0.198879  -0.100033  0.263192  0.13957  0  0  0  0
-211  -0.120589  -0.320989  -1.10126  1.16182  0.13957  0  0  0  0
321  0.673648  -0.108414  0.11408  0.849876  0.49368  0  0  0  0
-211  -0.106007  0.107425  0.0656452  0.215793  0.13957  0  0  0  0
211  -0.0810563  0.369753  6.46549  6.47807  0.13957  0  0  0  0
111  0.267881  -0.345988  2.96754  3.00266  0.13498  0  0  0  0
2212  0.231875  -0.839629  267.861  267.864  0.93827  0  0  0  0
211  0.228259  -0.314365  49.0973  49.0991  0.13957  0  0  0  0
-211  0.196042  0.0757017  129.002  129.002  0.13957  0  0  0  0
111  -0.536629  0.0239932  114.766  114.767  0.13498  0  0  0  0
211  -0.0901905  0.0781592  5.37583  5.37897  0.13957  0  0  0  0
111  0.0493913  -0.678441  114.322  114.324  0.13498  0  0  0  0
-311  -0.215777  -0.127042  30.8534  30.8584  0.49761  0  0  0  0
111  0.178873  -0.528078  26.7823  26.7885  0.13498  0  0  0  0
311  0.0455984  -0.0126449  0.102122  0.51018  0.49761  0  0  0  0
211  -0.380082  -0.227399  0.291593  0.548342  0.13957  0  0  0  0
211  0.601909  -0.025286  -2.58795  2.66081  0.13957  0  0  0  0
111  -0.0993412  0.0422198  -0.126872  0.2144  0.13498  0  0  0  0
-211  -0.0118544  0.000202579  -8.88334  8.88444  0.13957  0  0  0  0
111  -0.416861  -1.13675  -26.3713  26.3994  0.13498  0  0  0  0
2212  0.121368  0.0114946  -32.1319  32.1458  0.93827  0  0  0  0
111  -0.0184217  -0.16516  -15.5054  15.5069  0.13498  0  0  0  0
-2112  1.70898  -0.162072  -135.109  135.123  0.93957  0  0  0  0
-211  0.169474  0.0587894  -7.15565  7.15926  0.13957  0  0  0  0
211  1.08591  -1.52111  -141.287  141.299  0.13957  0  0  0  0
-211  -0.0717558  -0.327717  -27.4478  27.4502  0.13957  0  0  0  0
211  0.412321  -0.375915  -37.4628  37.4672  0.13957  0  0  0  0
111  0.853485  0.332987  -43.429  43.4389  0.13498  0  0  0  0
-311  -0.1385  0.0610449  -4.29915  4.3305  0.49761  0  0  0  0
111  0.432052  -0.0488497  -4.08631  4.11159  0.13498  0  0  0  0
311  -0.474372  0.870249  -3.72149  3.88323  0.49761  0  0  0  0
111  -0.0818427  0.324796  -0.404593  0.542315  0.13498  0  0  0  0
311  0.172229  0.75702  -1.62957  1.87239  0.49761  0  0  0  0
111  0.291398  0.462868  -0.37599  0.677309  0.13498  0  0  0  0
211  0.187077  -0.0784692  -0.0629593  0.254163  0.13957  0  0  0  0
111  -0.375873  0.492346  -0.0386983  0.63514  0.13498  0  0  0  0
311  1.83525  1.90535  8.0105  8.45069  0.49761  0  0  0  0
111  0.971938  1.04935  2.58454  2.957  0.13498  0  0  0  0
211  -0.446549  0.185128  2.50308  2.55315  0.13957  0  0  0  0
111  -2.40382  -1.25009  11.2508  11.5733  0.13498  0  0  0  0
321  0.782646  0.0851224  0.341453  0.989996  0.49368  0  0  0  0
-211  0.500142  0.112535  -0.456601  0.70055  0.13957  0  0  0  0
211  -0.655781  -2.21586  -1.31016  2.66009  0.13957  0  0  0  0
111  -0.0169834  -0.00189875  -0.0386318  0.141436  0.13498  0  0  0  0
211  0.0158786  0.0808977  -0.880922  0.895712  0.13957  0  0  0  0
111  -0.462412  -1.45567  -7.33532  7.49386  0.13498  0  0  0  0
211  -0.609516  0.306312  -4.32773  4.38339  0.13957  0  0  0  0
111  -0.265384  0.504061  -1.75895  1.85381  0.13498  0  0  0  0
211  -0.26333  -0.0549871  -2.71654  2.73339  0.13957  0  0  0  0
111  -1.54716  1.1808  -17.313  17.4226  0.13498  0  0  0  0
321  -1.34081  0.900727  -18.6448  18.7211  0.49368  0  0  0  0
111  -0.950963  1.21069  -19.9612  20.0209  0.13498  0  0  0  0
2112  0.189855  0.0961016  -596.427  596.428  0.93957  0  0  0  0
-211  -0.134115  0.321691  -374.971  374.971  0.13957  0  0  0  0
211  0.273531  0.300787  0.245562  0.495048  0.13957  0  0  0  0
-211  0.705303  0.105137  1.10132  1.31943  0.13957  0  0  0  0
111  0.638781  0.202742  0.878321  1.11302  0.13498  0  0  0  0
211  0.139985  0.00868428  1.96542  1.97535  0.13957  0  0  0  0
-211  -0.0304364  -0.768764  7.96761  8.00589  0.13957  0  0  0  0
111  -0.0686617  -0.0887784  1.51656  1.52669  0.13498  0  0  0  0
211  0.349049  0.357186  19.3031  19.31  0.13957  0  0  0  0
-211  0.600808  0.236935  18.7887  18.8003  0.13957  0  0  0  0
221  0.948575  0.625428  39.3999  39.4201  0.54785  0  0  0  0
111  -0.779069  0.201708  163.823  163.825  0.13498  0  0  0  0
111  -0.16523  0.0683004  38.0506  38.0512  0.13498  0  0  0  0
111  -0.143049  0.0857992  59.4004  59.4008  0.13498  0  0  0  0
111  0.500674  0.324894  -6.19304  6.2232  0.13498  0  0  0  0
111  0.382858  0.523137  -6.78604  6.81827  0.13498  0  0  0  0
111  0.717102  0.674131  -12.0223  12.0633  0.13498  0  0  0  0
211  -0.167844  0.00298308  -0.670449  0.705097  0.13957  0  0  0  0
-211  0.278672  -0.192206  -1.3639  1.4122  0.13957  0  0  0  0
111  0.182258  0.0291166  -1.54091  1.55778  0.13498  0  0  0  0
211  -0.00709148  -0.293811  27.6602  27.6621  0.13957  0  0  0  0
-211  -0.183561  -0.141584  61.7888  61.7893  0.13957  0  0  0  0
111  -0.395866  -0.0573597  47.7576  47.7594  0.13498  0  0  0  0
211  -0.0825825  -0.069729  -1.13067  1.14437  0.13957  0  0  0  0
-211  0.186221  -0.12608  -0.886457  0.925127  0.13957  0  0  0  0
111  0.374045  0.0302835  -3.81482  3.83561  0.13498  0  0  0  0
111  0.115755  0.203915  -1.2456  1.27465  0.13498  0  0  0  0
111  -0.0187305  0.393162  -1.06103  1.13971  0.13498  0  0  0  0
111  -0.0637344  0.154678  -0.839211  0.866304  0.13498  0  0  0  0
211  -0.0731357  0.11468  0.345581  0.396745  0.13957  0  0  0  0
-211  0.118879  -0.0385899  -0.0487554  0.193593  0.13957  0  0  0  0
111  0.0179183  0.371008  0.27368  0.480717  0.13498  0  0  0  0
111  0.201979  -0.072846  -0.047821  0.258087  0.13498  0  0  0  0
111  0.20084  0.0555896  0.0816169  0.261358  0.13498  0  0  0  0
111  0.309473  -0.125157  0.232243  0.428479  0.13498  0  0  0  0
211  -2.21351  -0.750578  13.0643  13.2724  0.13957  0  0  0  0
-211  -0.722721  -0.390173  4.81985  4.89132  0.13957  0  0  0  0
111  -3.33404  -1.78657  19.84  20.1978  0.13498  0  0  0  0
211  0.173791  -0.335494  0.0347593  0.404287  0.13957  0  0  0  0
-211  0.36504  -0.0684359  -0.00237379  0.396765  0.13957  0  0  0  0
111  0.156712  -0.00759805  -0.280752  0.348794  0.13498  0  0  0  0
211  -0.25173  -0.351727  0.851646  0.965329  0.13957  0  0  0  0
-211  -0.568608  -0.14284  1.21135  1.35299  0.13957  0  0  0  0
111  -0.772409  -0.158982  0.967683  1.2556  0.13498  0  0  0  0
211  -0.00451073  -0.301539  -1.82538  1.85538  0.13957  0  0  0  0
-211  0.0136786  0.144276  -0.41766  0.463597  0.13957  0  0  0  0
111  0.129094  -0.157762  -0.540839  0.593532  0.13498  0  0  0  0
211  -0.475263  0.240608  -4.73685  4.76876  0.13957  0  0  0  0
-211  -0.424619  0.276242  -4.43786  4.46885  0.13957  0  0  0  0
111  -0.116467  0.135034  -3.23848  3.24619  0.13498  0  0  0  0
2112  -1.86763  1.13794  -12.6  12.8229  0.93957  0  0  0  0
111  -0.449231  0.276557  -3.57664  3.61786  0.13498  0  0  0  0
-2212  -2.35034  1.73725  -23.6459  23.8443  0.93827  0  0  0  0
111  -0.236383  0.0132642  -2.07044  2.0883  0.13498  0  0  0  0
211  0.279138  0.0921334  12.2062  12.2105  0.13957  0  0  0  0
-211  0.282892  0.1629  7.93661  7.94455  0.13957  0  0  0  0
111  0.386544  0.370395  19.2571  19.265  0.13498  0  0  0  0
11  272
2212  0  0  2510  2510  0.93827  0  0  0  0
2212  0  0  -2510  2510  0.93827  0  0  0  0
211  0.88973  -1.15678  57.5627  57.5813  0.13957  0  0  0  0
-211  0.162193  -0.534297  199.87  199.87  0.13957  0  0  0  0
223  0.429561  -0.0503412  155.28  155.283  0.784465  0  0  0  0
211  -0.11832  0.0590706  87.8304  87.8307  0.13957  0  0  0  0
-211  0.335725  0.602715  44.196  44.2016  0.13957  0  0  0  0
221  -0.64079  -0.394624  29.9126  29.927  0.54785  0  0  0  0
211  0.537679  -0.421331  7.08352  7.11774  0.13957  0  0  0  0
311  0.0263563  0.367077  2.69478  2.76494  0.49761  0  0  0  0
-313  -0.541781  1.06254  5.4869  5.68827  0.909838  0  0  0  0
-211  0.18408  -0.0183291  0.0915792  0.249174  0.13957  0  0  0  0
113  -0.309094  2.04789  3.66833  4.30045  0.86479  0  0  0  0
111  -0.417801  0.73032  1.13673  1.42067  0.13498  0  0  0  0
213  -0.212893  1.69818  2.49802  3.12723  0.781232  0  0  0  0
-413  -1.25733  8.09357  10.8801  13.7661  2.01028  0  0  0  0
423  4.36957  1.57375  5.86042  7.74225  2.00698  0  0  0  0
221  0.337062  0.434526  0.842314  1.14545  0.54785  0  0  0  0
111  0.648627  -0.089001  1.32228  1.48165  0.13498  0  0  0  0
211  0.0597608  -0.17313  -0.00171755  0.230278  0.13957  0  0  0  0
-213  -0.453588  -0.130045  2.02134  2.2187  0.783694  0  0  0  0
111  0.483808  -0.0108232  1.81404  1.88233  0.13498  0  0  0  0
211  -0.656856  -0.288545  1.40265  1.58165  0.13957  0  0  0  0
223  0.859668  0.0682981  3.87796  4.05126  0.793983  0  0  0  0
311  -0.455811  -0.563508  1.83921  2.03853  0.49761  0  0  0  0
-313  -0.512174  -0.256297  9.05649  9.11972  0.90624  0  0  0  0
223  -0.596676  -0.334813  14.361  14.3983  0.776563  0  0  0  0
-213  -0.359943  0.0437338  41.2599  41.2691  0.789587  0  0  0  0
211  -0.253883  -0.0685341  36.1251  36.1263  0.13957  0  0  0  0
-211  -0.481169  0.216041  16.5596  16.5686  0.13957  0  0  0  0
213  -0.518023  0.0674381  317.107  317.108  0.84982  0  0  0  0
2114  0.567781  0.0166026  722.149  722.151  1.24111  0  0  0  0
211  0.115573  -0.280325  100.695  100.696  0.13957  0  0  0  0
111  -0.288951  -0.921128  1.07888  1.45402  0.13498  0  0  0  0
311  0.610137  -0.223229  0.0376385  0.819226  0.49761  0  0  0  0
-323  -0.156068  -0.443212  -0.92257  1.37704  0.907921  0  0  0  0
321  -0.197146  0.311407  -25.0713  25.0789  0.49368  0  0  0  0
3312  -0.032593  -0.380302  -71.0047  71.018  1.32171  0  0  0  0
-3312  0.0328124  -0.138843  -221.133  221.137  1.32171  0  0  0  0
3224  -0.830163  0.108563  -424.061  424.064  1.30685  0  0  0  0
113  -0.293051  -0.752311  -502.022  502.023  0.728393  0  0  0  0
413  10.7186  -15.0083  3.69203  18.9159  2.01028  0  0  0  0
-211  5.86324  -9.03069  2.7931  11.1244  0.13957  0  0  0  0
111  2.09002  -2.01523  0.866734  3.03295  0.13498  0  0  0  0
223  0.727412  -1.71822  -0.0930463  2.02662  0.785568  0  0  0  0
211  0.346802  -0.165413  -0.773806  0.875151  0.13957  0  0  0  0
-211  0.260198  0.223918  0.186979  0.41507  0.13957  0  0  0  0
211  0.48859  -1.40636  -0.956603  1.77514  0.13957  0  0  0  0
-213  -0.129661  -0.280693  -0.852534  1.20783  0.797771  0  0  0  0
113  0.598602  0.00929634  -4.1816  4.27561  0.66079  0  0  0  0
211  0.0721077  -0.642287  -3.77358  3.83108  0.13957  0  0  0  0
-213  0.640985  0.16094  -11.4157  11.4638  0.814738  0  0  0  0
211  0.49223  0.0507313  -4.25464  4.28559  0.13957  0  0  0  0
2112  0.666358  -0.753667  -21.8291  21.8724  0.93957  0  0  0  0
-2112  0.0895354  -0.586788  -10.6625  10.7203  0.93957  0  0  0  0
-213  0.63483  -0.199356  -23.566  23.5886  0.78822  0  0  0  0
211  0.656062  -0.235152  -11.1878  11.2104  0.13957  0  0  0  0
1114  0.264069  -0.0534182  -49.7253  49.7425  1.28068  0  0  0  0
221  0.201926  0.141393  -48.0167  48.0204  0.54785  0  0  0  0
-1114  -0.173227  -0.104609  -194.853  194.862  1.85608  0  0  0  0
113  -0.225476  0.54926  -71.3531  71.3591  0.717703  0  0  0  0
221  -1.05917  -0.40131  -275.986  275.989  0.54785  0  0  0  0
223  -0.299529  0.52978  -86.0969  86.1026  0.784683  0  0  0  0
111  0.131927  -0.0243033  -3.0745  3.08039  0.13498  0  0  0  0
2112  -0.802014  0.58413  -22.1819  22.2239  0.93957  0  0  0  0
-2112  -0.179686  -0.0561758  -16.0913  16.1198  0.93957  0  0  0  0
-211  -0.627397  0.107463  -5.27917  5.31924  0.13957  0  0  0  0
223  -0.432066  1.03815  -13.0831  13.1537  0.765868  0  0  0  0
113  -1.13128  0.313778  -6.08517  6.28702  1.05784  0  0  0  0
223  -1.55656  1.06096  -3.35463  3.92325  0.768037  0  0  0  0
213  -1.50921  0.710662  -0.305511  2.04249  1.13828  0  0  0  0
221  -1.00176  0.612412  -1.31089  1.84313  0.54785  0  0  0  0
-211  -1.00551  -1.11251  1.1627  1.90265  0.13957  0  0  0  0
211  -0.210703  -0.0933228  0.067661  0.277782  0.13957  0  0  0  0
-211  0.114665  0.0713496  0.552378  0.585525  0.13957  0  0  0  0
213  -0.905373  -0.884022  0.363681  1.57057  0.856282  0  0  0  0
-211  -0.115615  -1.21677  1.61765  2.03228  0.13957  0  0  0  0
211  -0.0287768  -0.222034  0.129905  0.294078  0.13957  0  0  0  0
311  0.809766  -0.00696916  -0.397849  1.03037  0.49761  0  0  0  0
-321  0.888464  0.456317  0.692752  1.31195  0.49368  0  0  0  0
-421  3.70549  -0.0164535  1.80045  4.52219  1.86486  0  0  0  0
-211  -4.10028  2.56128  -80.5364  80.6815  0.13957  0  0  0  0
211  -4.14327  3.54452  -90.0358  90.2008  0.13957  0  0  0  0
2114  -2.66518  1.48725  -49.1683  49.2865  1.52164  0  0  0  0
-2114  -3.00829  1.85312  -45.7736  45.9303  1.37447  0  0  0  0
113  -2.07486  1.63458  -39.3918  39.4884  0.801555  0  0  0  0
221  0.0735563  0.187777  -5.27117  5.3034  0.54785  0  0  0  0
-213  -0.793252  0.752853  -5.17448  5.35433  0.835189  0  0  0  0
113  -1.30372  0.755978  -10.176  10.3511  1.15074  0  0  0  0
213  -0.193663  1.27795  -4.67526  5.00235  1.22263  0  0  0  0
111  -0.294004  0.176324  -0.64198  0.740194  0.13498  0  0  0  0
111  -0.612211  -0.0875016  -0.319781  0.709181  0.13498  0  0  0  0
223  -0.0979076  1.94  -3.19062  3.81646  0.782376  0  0  0  0
-211  -0.231618  0.735497  -0.360934  0.86276  0.13957  0  0  0  0
213  -0.374145  2.24684  -2.32576  3.39131  0.950527  0  0  0  0
313  0.325608  0.698276  -0.247264  1.23753  0.936335  0  0  0  0
-321  0.0294378  0.222068  0.366199  0.654219  0.49368  0  0  0  0
211  -0.693992  0.214556  0.0371215  0.740619  0.13957  0  0  0  0
-213  0.219365  0.191974  0.474877  0.922445  0.735134  0  0  0  0
223  0.289138  0.169683  2.3152  2.46464  0.775806  0  0  0  0
111  0.2249  -0.0255174  1.54033  1.56271  0.13498  0  0  0  0
213  0.163337  -0.120507  8.03769  8.07905  0.790831  0  0  0  0
-211  -0.170575  -0.444566  25.7658  25.7706  0.13957  0  0  0  0
2212  0.84992  0.105377  115.285  115.292  0.93827  0  0  0  0
-213  1.42941  0.356657  67.6387  67.6585  0.710907  0  0  0  0
-1114  1.90881  0.168179  67.8177  67.8543  1.13619  0  0  0  0
-211  0.661554  0.146338  47.5452  47.5502  0.13957  0  0  0  0
223  1.04354  0.37774  39.0472  39.0709  0.785734  0  0  0  0
211  0.611187  -0.445725  27.9152  27.9258  0.13957  0  0  0  0
331  0.295503  -0.0409517  27.0381  27.0567  0.957775  0  0  0  0
221  0.500418  -0.284816  18.4326  18.4497  0.54785  0  0  0  0
111  -0.00519388  0.293405  2.87658  2.89466  0.13498  0  0  0  0
223  -2.42341  -0.0271474  44.6955  44.7677  0.770336  0  0  0  0
113  -0.249311  0.291354  13.6591  13.6811  0.672416  0  0  0  0
-211  -0.387056  -0.394198  4.25038  4.2884  0.13957  0  0  0  0
223  -3.21137  0.384997  56.3222  56.4207  0.799456  0  0  0  0
211  -0.646802  -0.39936  6.87443  6.91774  0.13957  0  0  0  0
113  -0.0398299  -0.203652  0.974712  1.73424  1.41932  0  0  0  0
-211  0.87755  -0.202689  -0.393053  0.992546  0.13957  0  0  0  0
111  -0.264793  -0.136492  -1.0748  1.12346  0.13498  0  0  0  0
213  0.0205038  -1.2818  -2.04701  2.57671  0.897622  0  0  0  0
311  1.02246  -0.850941  -1.93387  2.39937  0.49761  0  0  0  0
-321  -0.353574  -0.156082  -0.836027  1.04501  0.49368  0  0  0  0
211  -0.0165353  0.335782  0.187741  0.409572  0.13957  0  0  0  0
-213  -0.702154  0.787638  0.00167943  1.32802  0.806367  0  0  0  0
111  -1.6241  0.945457  -0.0949882  1.88649  0.13498  0  0  0  0
-311  -0.564278  0.822701  5.0487  5.17032  0.49761  0  0  0  0
111  0.0224966  0.239839  0.4382  0.517946  0.13498  0  0  0  0
211  -0.48355  0.621563  1.3661  1.583  0.13957  0  0  0  0
-211  0.174456  1.42632  2.30223  2.71746  0.13957  0  0  0  0
211  -0.298491  0.735203  0.642044  1.0302  0.13957  0  0  0  0
111  0.0855982  0.962982  1.85597  2.09703  0.13498  0  0  0  0
-211  0.111732  -0.207981  1.03951  1.07508  0.13957  0  0  0  0
111  -0.56532  0.0779359  0.981832  1.14362  0.13498  0  0  0  0
-321  -0.362378  -0.260841  3.70543  3.76474  0.49368  0  0  0  0
211  -0.149797  0.00454368  5.35106  5.35498  0.13957  0  0  0  0
-211  -0.00729199  -0.199492  4.63693  4.64333  0.13957  0  0  0  0
111  -0.352651  0.243225  36.623  36.6258  0.13498  0  0  0  0
211  -0.505498  0.339034  150.937  150.939  0.13957  0  0  0  0
111  -0.0125252  -0.271595  166.17  166.17  0.13498  0  0  0  0
2112  0.364625  -0.190722  596.622  596.623  0.93957  0  0  0  0
111  0.203155  0.207325  125.527  125.527  0.13498  0  0  0  0
-311  0.10591  -0.309046  -0.859088  1.04517  0.49761  0  0  0  0
-211  -0.261977  -0.134166  -0.0634824  0.331877  0.13957  0  0  0  0
3122  -0.643275  0.18976  -365.962  365.964  1.11568  0  0  0  0
211  -0.186888  -0.0811967  -58.0993  58.0999  0.13957  0  0  0  0
211  -0.375898  -0.151558  -144.409  144.409  0.13957  0  0  0  0
-211  0.0828466  -0.600753  -357.613  357.614  0.13957  0  0  0  0
-211  -0.251292  0.192283  -0.396749  0.526317  0.13957  0  0  0  0
111  0.12163  -0.472976  -0.455786  0.681513  0.13498  0  0  0  0
211  0.45539  0.107543  -1.35596  1.4412  0.13957  0  0  0  0
-211  0.143212  -0.0982466  -2.82564  2.83441  0.13957  0  0  0  0
-211  0.687387  0.148273  -5.51985  5.56621  0.13957  0  0  0  0
111  -0.0464025  0.0126671  -5.89584  5.89758  0.13498  0  0  0  0
-211  0.28514  -0.275188  -4.71367  4.73235  0.13957  0  0  0  0
111  0.34969  0.075832  -18.8523  18.8562  0.13498  0  0  0  0
2112  0.189149  0.147137  -44.8886  44.8991  0.93957  0  0  0  0
-211  0.0749202  -0.200555  -4.83666  4.84341  0.13957  0  0  0  0
-2112  -0.321514  -0.493404  -75.5464  75.5545  0.93957  0  0  0  0
211  0.148287  0.388795  -119.307  119.308  0.13957  0  0  0  0
211  -0.385069  0.264594  -55.3303  55.3325  0.13957  0  0  0  0
-211  0.159593  0.284667  -16.0227  16.0267  0.13957  0  0  0  0
211  -1.30142  0.352912  -5.13786  5.3137  0.13957  0  0  0  0
-211  0.170146  -0.0391345  -0.947309  0.973322  0.13957  0  0  0  0
211  -1.02333  -0.0193229  -0.478703  1.13851  0.13957  0  0  0  0
111  -0.485881  0.729985  0.173192  0.903977  0.13498  0  0  0  0
211  -1.02644  -0.84105  0.368108  1.38417  0.13957  0  0  0  0
111  0.121068  -0.0429724  -0.00442769  0.186395  0.13498  0  0  0  0
2112  -2.34498  1.33531  -36.2046  36.3172  0.93957  0  0  0  0
111  -0.3202  0.151941  -12.9637  12.9693  0.13498  0  0  0  0
-2112  -2.22672  1.6808  -33.0376  33.1685  0.93957  0  0  0  0
111  -0.781569  0.172313  -12.736  12.7618  0.13498  0  0  0  0
211  -1.84683  1.57149  -37.2404  37.3195  0.13957  0  0  0  0
-211  -0.228026  0.0630904  -2.15144  2.1689  0.13957  0  0  0  0
-211  -0.693204  0.904791  -4.23526  4.38817  0.13957  0  0  0  0
111  -0.100048  -0.151938  -0.939224  0.966156  0.13498  0  0  0  0
211  -0.499723  0.322541  -1.41096  1.53754  0.13957  0  0  0  0
-211  -0.803995  0.433438  -8.76504  8.8136  0.13957  0  0  0  0
211  -0.466861  0.0766846  -0.866851  0.997371  0.13957  0  0  0  0
111  0.273197  1.20127  -3.80841  4.00498  0.13498  0  0  0  0
211  -0.423412  0.354868  -0.498656  0.757197  0.13957  0  0  0  0
111  0.0492677  1.89198  -1.82711  2.63411  0.13498  0  0  0  0
311  0.23466  0.0768043  -0.0192567  0.555833  0.49761  0  0  0  0
111  0.090948  0.621472  -0.228007  0.681693  0.13498  0  0  0  0
-211  0.288184  -0.046994  0.54234  0.631562  0.13957  0  0  0  0
111  -0.0688196  0.238968  -0.0674631  0.290883  0.13498  0  0  0  0
211  -0.287165  -0.0864163  2.60002  2.62098  0.13957  0  0  0  0
111  0.450503  -0.0340905  5.43766  5.45807  0.13498  0  0  0  0
-211  1.20907  0.138617  59.7213  59.7339  0.13957  0  0  0  0
111  0.220347  0.218039  7.91744  7.92466  0.13498  0  0  0  0
-2112  1.43579  0.227308  53.0018  53.0301  0.93957  0  0  0  0
211  0.473022  -0.0591292  14.8159  14.8242  0.13957  0  0  0  0
211  0.174236  0.225804  4.83976  4.85016  0.13957  0  0  0  0
-211  -0.423547  0.0655505  8.81939  8.8309  0.13957  0  0  0  0
211  -0.0883976  0.530807  0.784126  0.961199  0.13957  0  0  0  0
-211  0.0485677  -0.734459  0.190586  0.773041  0.13957  0  0  0  0
211  0.219843  -1.21065  -1.94496  2.30572  0.13957  0  0  0  0
111  -0.199339  -0.0711544  -0.10205  0.270985  0.13498  0  0  0  0
-211  -0.0118433  0.220778  0.279654  0.382844  0.13957  0  0  0  0
111  -0.690311  0.56686  -0.277975  0.945171  0.13498  0  0  0  0
211  -0.0711525  0.0115029  16.6632  16.6639  0.13957  0  0  0  0
-211  0.368018  0.134871  64.5861  64.5874  0.13957  0  0  0  0
111  0.132695  -0.196715  74.0311  74.0316  0.13498  0  0  0  0
-421  -1.19751  7.56225  10.1183  12.825  1.86486  0  0  0  0
-211  -0.059826  0.531319  0.761783  0.941102  0.13957  0  0  0  0
421  4.02856  1.48565  5.3823  7.13325  1.86486  0  0  0  0
111  0.341013  0.0881025  0.478124  0.608994  0.13498  0  0  0  0
211  0.55792  0.020006  1.32033  1.44028  0.13957  0  0  0  0
-211  0.217759  0.103201  2.17824  2.19597  0.13957  0  0  0  0
111  0.0839891  -0.0549091  0.379397  0.415007  0.13498  0  0  0  0
211  -0.418732  -0.11065  5.95108  5.96846  0.13957  0  0  0  0
-211  -0.163021  -0.22754  2.66853  2.6868  0.13957  0  0  0  0
111  -0.014923  0.00337795  5.7414  5.74301  0.13498  0  0  0  0
3122  0.0216461  -0.313685  -53.4827  53.4953  1.11568  0  0  0  0
-211  -0.0542391  -0.066617  -17.5219  17.5227  0.13957  0  0  0  0
-3122  0.0176984  -0.255177  -195.072  195.075  1.11568  0  0  0  0
211  0.015114  0.116335  -26.0607  26.0613  0.13957  0  0  0  0
421  9.83855  -13.7787  3.42444  17.374  1.86486  0  0  0  0
211  0.880066  -1.22953  0.267591  1.54187  0.13957  0  0  0  0
211  0.0771137  -0.438347  -0.0976856  0.476568  0.13957  0  0  0  0
-211  0.113485  -0.561556  0.199516  0.622503  0.13957  0  0  0  0
111  0.536813  -0.718317  -0.194876  0.927547  0.13498  0  0  0  0
211  0.0741509  0.118557  -38.3338  38.3343  0.13957  0  0  0  0
-211  -0.111211  0.0852702  -6.85075  6.8536  0.13957  0  0  0  0
111  -0.262469  0.325953  -40.9123  40.9147  0.13498  0  0  0  0
211  -0.0217945  0.00950127  -1.73073  1.73651  0.13957  0  0  0  0
-211  -0.0160747  0.293138  -1.95675  1.98356  0.13957  0  0  0  0
111  -0.394197  0.735506  -9.39564  9.43359  0.13498  0  0  0  0
211  -0.404175  0.151425  -0.564877  0.724467  0.13957  0  0  0  0
-211  -0.131189  0.0379464  -0.554  0.587407  0.13957  0  0  0  0
111  -1.0212  0.871587  -2.23575  2.61138  0.13498  0  0  0  0
111  -0.442102  0.238005  -0.747195  0.910286  0.13498  0  0  0  0
111  -0.145176  0.123873  -0.122318  0.263822  0.13498  0  0  0  0
111  -0.414485  0.250533  -0.441372  0.669024  0.13498  0  0  0  0
323  2.88104  -0.294196  0.895894  3.14553  0.839496  0  0  0  0
111  0.0416527  -0.0187725  -1.72553  1.7314  0.13498  0  0  0  0
111  -0.0133811  0.218131  -2.86704  2.87853  0.13498  0  0  0  0
111  0.0452847  -0.0115823  -0.678597  0.693468  0.13498  0  0  0  0
211  -0.340375  0.730257  -1.14146  1.40412  0.13957  0  0  0  0
-211  0.0847002  0.32115  -0.56444  0.669615  0.13957  0  0  0  0
111  0.157767  0.888598  -1.48472  1.74273  0.13498  0  0  0  0
211  -0.110664  0.0717037  0.220258  0.292201  0.13957  0  0  0  0
-211  0.114334  -0.00888973  1.26835  1.28115  0.13957  0  0  0  0
111  0.285468  0.106869  0.826597  0.891288  0.13498  0  0  0  0
211  0.178543  -0.00246963  5.14095  5.14595  0.13957  0  0  0  0
-211  0.683602  0.257323  16.4721  16.4889  0.13957  0  0  0  0
111  0.181397  0.122886  17.4341  17.436  0.13498  0  0  0  0
211  0.0383509  -0.00463955  9.03166  9.03282  0.13957  0  0  0  0
-211  -0.0196237  -0.0926471  2.93363  2.93847  0.13957  0  0  0  0
221  0.276776  0.0563349  15.0728  15.0854  0.54785  0  0  0  0
111  -0.0959171  -0.133767  3.91594  3.92172  0.13498  0  0  0  0
211  -1.17647  -0.0761221  21.4474  21.4802  0.13957  0  0  0  0
-211  -0.540987  0.227257  12.1616  12.1766  0.13957  0  0  0  0
111  -1.49391  0.233862  22.7132  22.7639  0.13498  0  0  0  0
2112  -0.446142  0.210457  -303.183  303.185  0.93957  0  0  0  0
111  -0.197134  -0.0206968  -62.779  62.7794  0.13498  0  0  0  0
321  -1.0757  4.81919  5.32793  7.28096  0.49368  0  0  0  0
311  0.713468  0.478484  1.32742  1.6576  0.49761  0  0  0  0
211  1.03741  0.151764  1.66437  1.97202  0.13957  0  0  0  0
-211  0.254745  0.0236799  0.18898  0.347346  0.13957  0  0  0  0
111  0.283587  0.028804  0.49617  0.587925  0.13498  0  0  0  0
111  1.73935  0.802915  1.70536  2.56836  0.13498  0  0  0  0
2112  0.00369314  -0.332432  -42.4236  42.4353  0.93957  0  0  0  0
111  0.0179529  0.0187468  -11.0591  11.06  0.13498  0  0  0  0
-2112  0.0311638  -0.113183  -165.021  165.024  0.93957  0  0  0  0
111  -0.0134655  -0.141994  -30.0513  30.0519  0.13498  0  0  0  0
-211  9.25587  -12.294  2.76888  15.6365  0.13957  0  0  0  0
311  1.90259  -0.0457976  0.794118  2.12137  0.49761  0  0  0  0
211  0.978449  -0.248398  0.101776  1.02416  0.13957  0  0  0  0
211  0.0475634  0.102897  6.50499  6.50747  0.13957  0  0  0  0
-211  0.0245894  -0.0804529  4.13617  4.13938  0.13957  0  0  0  0
111  0.204623  0.0338904  4.43168  4.43859  0.13498  0  0  0  0
12  244
2212  0  0  2510  2510  0.93827  0  0  0  0
2212  0  0  -2510  2510  0.93827  0  0  0  0
-211  -0.898846  -0.731025  -5.6089  5.72901  0.13957  0  0  0  0
2212  -3.32575  -2.3451  -15.5812  16.1311  0.93827  0  0  0  0
-2212  -1.12831  0.211596  -6.80191  6.96162  0.93827  0  0  0  0
213  -2.76887  -0.394615  -15.0435  15.3196  0.74848  0  0  0  0
111  -2.6121  1.2233  -12.5636  12.8911  0.13498  0  0  0  0
113  -4.15608  0.142425  -20.6787  21.1106  0.869215  0  0  0  0
113  -3.7136  0.792007  -19.786  20.1762  1.08335  0  0  0  0
-211  -2.88935  0.155013  -16.6334  16.8838  0.13957  0  0  0  0
211  -1.1785  -0.426069  -15.1004  15.1529  0.13957  0  0  0  0
-211  0.153817  -0.153367  -0.96911  1.00291  0.13957  0  0  0  0
211  -1.02432  0.594124  -20.9344  20.9683  0.13957  0  0  0  0
-211  -0.42106  -0.144696  -12.8838  12.8922  0.13957  0  0  0  0
211  -0.00434125  0.794642  -21.2635  21.2788  0.13957  0  0  0  0
111  -0.218535  -0.166169  1.54269  1.57273  0.13498  0  0  0  0
323  0.605657  0.165609  2.83551  3.06821  0.989737  0  0  0  0
-313  0.464002  -0.161589  2.8963  3.06228  0.864647  0  0  0  0
223  -0.0981424  -0.00373593  6.10603  6.15711  0.785311  0  0  0  0
311  0.154846  0.000534182  2.86206  2.90912  0.49761  0  0  0  0
3122  0.387762  -0.316603  36.8596  36.8799  1.11568  0  0  0  0
-2212  -0.31605  0.370228  34.1325  34.1489  0.93827  0  0  0  0
113  0.2372  0.000866526  404.028  404.029  0.696864  0  0  0  0
221  -0.113266  0.229391  156.687  156.688  0.54785  0  0  0  0
2212  -0.251608  0.586327  468.794  468.795  0.93827  0  0  0  0
323  -0.386131  -0.261958  -103.777  103.782  0.921355  0  0  0  0
-311  -0.227672  -0.266971  -28.1626  28.1692  0.49761  0  0  0  0
-213  -0.702583  0.148097  -38.4962  38.5094  0.708142  0  0  0  0
221  0.251424  -0.652022  -22.8006  22.8179  0.54785  0  0  0  0
211  0.0921924  0.0647207  -29.2994  29.3  0.13957  0  0  0  0
-211  -0.249935  -0.19217  -3.50324  3.52017  0.13957  0  0  0  0
113  0.395998  -0.729495  -13.5765  13.6222  0.744904  0  0  0  0
211  0.105619  -0.199502  -0.166862  0.313495  0.13957  0  0  0  0
2112  0.261348  -0.0235134  -3.9996  4.11685  0.93957  0  0  0  0
-2214  0.274263  -0.639175  -3.78971  4.00599  1.09648  0  0  0  0
111  -0.0131798  0.126949  -0.0242385  0.187342  0.13498  0  0  0  0
321  0.212319  0.302201  -0.813163  1.02047  0.49368  0  0  0  0
-313  0.731986  0.508018  -1.5942  2.04169  0.912779  0  0  0  0
111  -0.969102  4.11781  -5.44585  6.89718  0.13498  0  0  0  0
-213  0.269809  -0.0147811  -8.41442  8.42999  0.43502  0  0  0  0
311  -0.152963  0.0819449  -96.0221  96.0236  0.49761  0  0  0  0
-313  0.589228  -0.0264403  -507.272  507.273  0.891791  0  0  0  0
111  -0.293008  -0.142736  -31.1327  31.1347  0.13498  0  0  0  0
311  -0.463441  0.165431  -102.885  102.888  0.49761  0  0  0  0
-211  -0.0807925  0.218396  0.0659277  0.279375  0.13957  0  0  0  0
223  0.041338  0.142068  -0.034992  0.792879  0.778165  0  0  0  0
211  0.0237998  0.4085  0.178727  0.467827  0.13957  0  0  0  0
-211  0.770156  -0.745453  -0.869062  1.38694  0.13957  0  0  0  0
213  0.601607  0.00928993  -0.712229  1.16751  0.702704  0  0  0  0
-211  2.96379  -0.471917  -1.19528  3.23341  0.13957  0  0  0  0
111  1.2959  -0.153403  -1.66626  2.12074  0.13498  0  0  0  0
2212  4.32437  -1.56784  -4.0949  6.22951  0.93827  0  0  0  0
-2212  3.43124  -1.16618  -2.5376  4.52251  0.93827  0  0  0  0
111  2.38147  0.080166  -2.62552  3.54815  0.13498  0  0  0  0
321  3.03771  -1.19353  -3.34266  4.6978  0.49368  0  0  0  0
-311  3.41901  -0.970704  -5.20339  6.32098  0.49761  0  0  0  0
111  1.85385  -0.0752938  -2.0765  2.78792  0.13498  0  0  0  0
223  7.66964  -1.99471  -11.3309  13.8503  0.799381  0  0  0  0
-211  0.380958  -0.157041  -0.407126  0.595838  0.13957  0  0  0  0
211  4.86842  -0.800767  -6.22635  7.94542  0.13957  0  0  0  0
-211  0.902211  -0.271804  -3.0696  3.214  0.13957  0  0  0  0
211  4.19301  -1.11614  -5.49432  7.00244  0.13957  0  0  0  0
221  1.45879  0.633226  -4.59866  4.89662  0.54785  0  0  0  0
111  -0.0955387  -0.235361  -0.586254  0.653021  0.13498  0  0  0  0
311  0.136216  0.116687  -2.88864  2.93667  0.49761  0  0  0  0
-311  0.400405  -0.103722  -20.6955  20.7056  0.49761  0  0  0  0
311  1.05653  0.652103  -18.0839  18.1333  0.49761  0  0  0  0
-323  -0.224243  -0.419835  -43.7878  43.8003  0.930206  0  0  0  0
223  0.121377  0.269549  -68.1149  68.12  0.782914  0  0  0  0
213  0.832126  0.0785064  -194.988  194.995  1.30559  0  0  0  0
3214  -0.809257  -0.308493  -480.637  480.64  1.30506  0  0  0  0
211  0.00279932  -0.0568689  55.0623  55.0626  0.13957  0  0  0  0
111  -0.104815  0.207821  19.6769  19.6788  0.13498  0  0  0  0
2112  0.201845  0.57432  97.9648  97.9712  0.93957  0  0  0  0
-2112  0.365754  0.0289363  53.0447  53.0543  0.93957  0  0  0  0
-211  0.380147  -0.425867  15.2792  15.2905  0.13957  0  0  0  0
111  0.00648655  -0.137705  24.605  24.6058  0.13498  0  0  0  0
113  -0.151824  0.371561  5.49178  5.5543  0.727684  0  0  0  0
111  0.315799  0.0933318  0.0320004  0.357328  0.13498  0  0  0  0
223  -0.613794  -0.189733  3.01299  3.17811  0.780718  0  0  0  0
113  0.180231  -0.300545  0.402498  0.918535  0.747591  0  0  0  0
321  -0.0630703  0.58003  0.477757  0.901324  0.49368  0  0  0  0
-321  0.0489147  0.0811822  -1.26174  1.3582  0.49368  0  0  0  0
113  -0.180312  -0.39405  -13.6118  13.6461  0.865366  0  0  0  0
213  0.20365  0.00881976  -20.7536  20.7672  0.725009  0  0  0  0
111  0.358731  0.12481  -23.6917  23.6952  0.13498  0  0  0  0
111  0.442503  -0.179372  -63.1078  63.1097  0.13498  0  0  0  0
-213  -0.118559  -0.25026  -112.877  112.879  0.65037  0  0  0  0
211  0.0767854  0.118906  -33.0868  33.0873  0.13957  0  0  0  0
313  -0.083617  1.01284  -98.7053  98.7138  0.799198  0  0  0  0
-311  -0.0255326  -0.289281  -32.2681  32.2733  0.49761  0  0  0  0
-213  -0.195098  -0.323596  -7.36082  7.42578  0.904268  0  0  0  0
213  0.156639  0.665076  -3.86858  3.9881  0.687129  0  0  0  0
-211  -0.246342  0.118962  -2.67245  2.69004  0.13957  0  0  0  0
211  -0.147188  -0.449807  0.0868969  0.501021  0.13957  0  0  0  0
-211  0.0740643  0.408827  0.0524395  0.441424  0.13957  0  0  0  0
113  0.0159234  -0.175105  0.962839  1.35916  0.943045  0  0  0  0
211  -0.0577249  -0.23796  5.8376  5.8444  0.13957  0  0  0  0
313  0.472629  0.265996  5.85555  5.95067  0.910444  0  0  0  0
-311  0.293127  -0.060111  7.0646  7.08843  0.49761  0  0  0  0
2112  0.931305  0.584981  106.608  106.618  0.93957  0  0  0  0
213  -0.0453144  0.39653  36.5641  36.5751  0.803728  0  0  0  0
-2212  0.0180848  -0.217619  94.7514  94.7563  0.93827  0  0  0  0
-211  0.258253  0.23315  92.226  92.2268  0.13957  0  0  0  0
111  0.606547  -0.109287  60.3634  60.3667  0.13498  0  0  0  0
213  -0.365242  -0.897752  139.467  139.473  0.741811  0  0  0  0
2112  -0.856103  -0.866272  97.7726  97.7847  0.93957  0  0  0  0
-3122  -0.186118  -1.11819  119.551  119.562  1.11568  0  0  0  0
-313  -1.10742  -1.69599  157.288  157.304  0.814196  0  0  0  0
-211  -0.545294  -0.0640336  12.9226  12.935  0.13957  0  0  0  0
111  0.0856576  0.0781761  2.736  2.74178  0.13498  0  0  0  0
113  -0.348894  -0.311491  34.559  34.5723  0.836863  0  0  0  0
111  0.00969727  0.16009  9.76603  9.76828  0.13498  0  0  0  0
211  0.0398764  0.491161  14.8731  14.8819  0.13957  0  0  0  0
313  -1.65643  0.63507  26.7846  26.8633  1.03764  0  0  0  0
-321  -0.541315  0.504307  7.7203  7.77136  0.49368  0  0  0  0
321  -0.0492286  0.184498  12.0464  12.0581  0.49368  0  0  0  0
-311  -0.0883483  0.548555  2.55466  2.66132  0.49761  0  0  0  0
223  -0.868331  0.486124  15.1208  15.1737  0.782315  0  0  0  0
2114  -0.803926  0.307625  8.40777  8.55844  1.34733  0  0  0  0
113  -0.896297  0.201425  4.09355  4.33856  1.10545  0  0  0  0
-2112  -1.05109  0.711989  2.52498  2.97826  0.93957  0  0  0  0
-211  -1.12351  -0.337716  1.14094  1.64242  0.13957  0  0  0  0
111  -1.19042  0.74672  0.37767  1.46135  0.13498  0  0  0  0
211  -0.153835  -0.232083  0.132343  0.338411  0.13957  0  0  0  0
-211  -2.39641  1.22374  1.68758  3.17926  0.13957  0  0  0  0
211  -0.603823  0.171543  0.00256476  0.643051  0.13957  0  0  0  0
221  -1.54608  0.826833  0.708916  1.96894  0.54785  0  0  0  0
-211  -1.99166  0.900047  0.92239  2.37636  0.13957  0  0  0  0
213  -1.9535  -0.0165894  0.920575  2.29591  0.779293  0  0  0  0
2112  -7.15049  3.21378  2.44364  8.26512  0.93957  0  0  0  0
111  -1.61883  0.272865  0.112006  1.65101  0.13498  0  0  0  0
-2112  -1.18333  -0.522355  0.678261  1.73665  0.93957  0  0  0  0
223  0.120706  0.127921  -0.0169491  0.808145  0.788592  0  0  0  0
311  -1.03986  -0.483268  0.95672  1.5741  0.49761  0  0  0  0
-323  0.746913  -0.330301  0.375417  1.27412  0.903028  0  0  0  0
111  0.432453  -0.0375268  0.539943  0.70582  0.13498  0  0  0  0
2212  1.37298  0.212199  0.409091  1.72563  0.93827  0  0  0  0
-2112  3.56567  -0.815824  1.56643  4.08853  0.93957  0  0  0  0
211  -1.31415  0.15459  -6.52666  6.6609  0.13957  0  0  0  0
111  -1.45472  -0.549205  -8.51683  8.65867  0.13498  0  0  0  0
211  -1.49364  -0.336525  -7.16466  7.32775  0.13957  0  0  0  0
-211  -2.66244  0.478951  -13.5141  13.7829  0.13957  0  0  0  0
211  -2.10364  0.0730709  -8.8423  9.09046  0.13957  0  0  0  0
-211  -1.60996  0.718936  -10.9437  11.0857  0.13957  0  0  0  0
311  0.113328  -0.184557  1.51775  1.61186  0.49761  0  0  0  0
211  0.492329  0.350166  1.31776  1.45635  0.13957  0  0  0  0
-321  0.511087  -0.142564  1.58783  1.74541  0.49368  0  0  0  0
211  -0.0470852  -0.019025  1.30847  1.31687  0.13957  0  0  0  0
211  -0.190544  0.0505054  211.753  211.753  0.13957  0  0  0  0
-211  0.427745  -0.0496388  192.276  192.276  0.13957  0  0  0  0
311  0.0837764  -0.0931464  -49.1392  49.1419  0.49761  0  0  0  0
211  -0.469907  -0.168812  -54.6377  54.6402  0.13957  0  0  0  0
-211  -0.562851  0.353784  -31.7663  31.7736  0.13957  0  0  0  0
111  -0.139731  -0.205686  -6.72991  6.73586  0.13498  0  0  0  0
211  -0.0323468  -0.604039  -6.22689  6.25776  0.13957  0  0  0  0
-211  0.428344  -0.125456  -7.34962  7.36448  0.13957  0  0  0  0
-2212  0.204229  -0.504115  -2.98293  3.17396  0.93827  0  0  0  0
111  0.0700335  -0.13506  -0.806786  0.832027  0.13498  0  0  0  0
-311  0.719869  0.61437  -1.50923  1.84961  0.49761  0  0  0  0
111  0.012117  -0.106352  -0.0849638  0.192083  0.13498  0  0  0  0
-211  0.162068  0.112931  -2.5006  2.51227  0.13957  0  0  0  0
111  0.10774  -0.127712  -5.91382  5.91772  0.13498  0  0  0  0
-321  0.419331  -0.192568  -445.453  445.453  0.49368  0  0  0  0
211  0.169896  0.166127  -61.819  61.8196  0.13957  0  0  0  0
211  0.19503  0.105626  0.0693111  0.271067  0.13957  0  0  0  0
111  0.406576  -0.096336  -0.78154  0.896443  0.13498  0  0  0  0
-311  -0.0507311  -0.245409  -13.9457  13.9568  0.49761  0  0  0  0
-211  -0.173512  -0.174426  -29.8421  29.8434  0.13957  0  0  0  0
211  0.681796  -0.220975  -181.078  181.079  0.13957  0  0  0  0
111  0.150329  0.299481  -13.9109  13.9156  0.13498  0  0  0  0
3122  -0.782358  -0.296874  -458.513  458.515  1.11568  0  0  0  0
111  -0.0268986  -0.0116189  -22.125  22.1254  0.13498  0  0  0  0
211  -0.252918  0.273898  5.09789  5.11341  0.13957  0  0  0  0
-211  0.101094  0.097663  0.393887  0.440891  0.13957  0  0  0  0
211  -0.257702  -0.200669  0.165987  0.392059  0.13957  0  0  0  0
-211  0.437933  -0.0998759  0.23651  0.526476  0.13957  0  0  0  0
211  0.154387  -0.0273424  -9.47681  9.47914  0.13957  0  0  0  0
-211  -0.334699  -0.366707  -4.13497  4.16701  0.13957  0  0  0  0
211  0.320463  0.162599  -6.3253  6.33704  0.13957  0  0  0  0
111  -0.116812  -0.153779  -14.4283  14.4302  0.13498  0  0  0  0
-211  -0.0648203  -0.390443  -97.3001  97.301  0.13957  0  0  0  0
111  -0.053739  0.140183  -15.5772  15.5785  0.13498  0  0  0  0
311  0.136375  0.749355  -76.4111  76.4166  0.49761  0  0  0  0
111  -0.219992  0.263487  -22.2942  22.2972  0.13498  0  0  0  0
-211  -0.475176  -0.408684  -4.23846  4.28682  0.13957  0  0  0  0
111  0.280078  0.0850881  -3.12236  3.13895  0.13498  0  0  0  0
211  -0.241973  0.223135  -1.33305  1.38016  0.13957  0  0  0  0
111  0.398612  0.441941  -2.53553  2.60794  0.13498  0  0  0  0
211  0.0964184  0.200608  0.909747  0.946921  0.13957  0  0  0  0
-211  -0.080495  -0.375713  0.0530913  0.412236  0.13957  0  0  0  0
321  0.53689  0.0949042  3.12211  3.20758  0.49368  0  0  0  0
-211  -0.064261  0.171092  2.73344  2.7431  0.13957  0  0  0  0
211  -0.225211  -0.0856229  6.08537  6.09174  0.13957  0  0  0  0
111  0.179897  0.482153  30.4787  30.4834  0.13498  0  0  0  0
211  -0.0974163  -0.0164928  54.0034  54.0037  0.13957  0  0  0  0
111  -0.267825  -0.881259  85.4639  85.469  0.13498  0  0  0  0
-321  -0.782158  -1.33756  132.886  132.896  0.49368  0  0  0  0
211  -0.325261  -0.358432  24.4026  24.4078  0.13957  0  0  0  0
211  -0.0905309  0.152746  2.99051  2.99903  0.13957  0  0  0  0
-211  -0.258363  -0.464237  31.5685  31.5733  0.13957  0  0  0  0
321  -0.275331  0.216449  7.85168  7.87497  0.49368  0  0  0  0
-211  -1.3811  0.418621  18.9329  18.9883  0.13957  0  0  0  0
2212  -0.424209  -0.0869767  5.51597  5.61194  0.93827  0  0  0  0
-211  -0.379717  0.394602  2.8918  2.9465  0.13957  0  0  0  0
211  -0.276554  -0.426269  1.20694  1.31695  0.13957  0  0  0  0
-211  -0.619742  0.627694  2.88662  3.02161  0.13957  0  0  0  0
211  -1.5234  0.121639  0.384618  1.58207  0.13957  0  0  0  0
111  -0.430105  -0.138228  0.535957  0.713839  0.13498  0  0  0  0
-311  0.407056  -0.0832087  -0.0626432  0.651274  0.49761  0  0  0  0
-211  0.339857  -0.247092  0.43806  0.622843  0.13957  0  0  0  0
211  -0.120965  0.177219  1.39256  1.41589  0.13957  0  0  0  0
-211  -0.140068  -0.168884  1.64367  1.66411  0.13957  0  0  0  0
111  0.162891  -0.0120709  3.06981  3.07712  0.13498  0  0  0  0
2112  0.410355  -0.216167  30.4159  30.4339  0.93957  0  0  0  0
111  -0.0225927  -0.100436  6.44374  6.44598  0.13498  0  0  0  0
111  0.0775145  -0.128649  -5.67896  5.68254  0.13498  0  0  0  0
111  -0.00356126  -0.278363  -5.27567  5.28473  0.13498  0  0  0  0
111  0.177471  -0.24501  -11.846  11.8506  0.13498  0  0  0  0
211  0.121022  -0.0611211  0.0933973  0.215835  0.13957  0  0  0  0
-211  0.14825  0.180897  -0.148913  0.310414  0.13957  0  0  0  0
111  -0.227934  0.0222919  0.0205236  0.26663  0.13498  0  0  0  0
211  3.51035  -0.914499  -5.06001  6.22752  0.13957  0  0  0  0
-211  3.02067  -0.868664  -4.90014  5.82322  0.13957  0  0  0  0
111  1.13863  -0.211552  -1.3708  1.79959  0.13498  0  0  0  0
211  0.435498  0.218402  -1.5988  1.6772  0.13957  0  0  0  0
-211  0.566485  0.233882  -1.28559  1.43103  0.13957  0  0  0  0
111  0.456811  0.180941  -1.71427  1.78839  0.13498  0  0  0  0
211  -0.191879  0.0789769  -16.3697  16.3716  0.13957  0  0  0  0
-211  0.161627  -0.0373763  -33.2965  33.2972  0.13957  0  0  0  0
111  0.151629  0.227948  -18.4487  18.4512  0.13498  0  0  0  0
211  -0.466103  -0.10546  0.917222  1.04362  0.13957  0  0  0  0
-211  -0.0538953  0.0724208  0.646185  0.667221  0.13957  0  0  0  0
111  -0.0937952  -0.156693  1.44959  1.46727  0.13498  0  0  0  0
-2212  -0.0677308  -0.86445  96.494  96.5025  0.93827  0  0  0  0
211  -0.118387  -0.253739  23.0569  23.059  0.13957  0  0  0  0
211  -0.265282  -0.00483046  6.10461  6.11196  0.13957  0  0  0  0
-211  -0.265704  0.450557  5.26053  5.28832  0.13957  0  0  0  0
111  -0.337346  0.0403971  3.75564  3.77339  0.13498  0  0  0  0
211  -0.154599  0.214227  -0.0419025  0.301711  0.13957  0  0  0  0
-211  0.283281  -0.0389126  -0.0808795  0.328304  0.13957  0  0  0  0
111  -0.00797633  -0.0473938  0.105833  0.178129  0.13498  0  0  0  0
2212  -0.655058  -0.329657  -371.109  371.111  0.93827  0  0  0  0
-211  -0.1273  0.032783  -87.4032  87.4034  0.13957  0  0  0  0
13  405
2212  0  0  2510  2510  0.93827  0  0  0  0
2212  0  0  -2510  2510  0.93827  0  0  0  0
211  0.737247  1.74905  114.773  114.789  0.13957  0  0  0  0
113  -0.0422808  1.27138  206.087  206.094  1.0512  0  0  0  0
111  0.0398851  0.0167769  32.1639  32.1642  0.13498  0  0  0  0
-211  -0.255035  0.0140865  3.26839  3.28132  0.13957  0  0  0  0
323  0.140091  -0.762442  109.676  109.683  0.873832  0  0  0  0
-321  -0.341569  -0.798873  311.338  311.34  0.49368  0  0  0  0
421  0.105065  0.67154  70.8632  70.891  1.86486  0  0  0  0
321  1.0765  0.886987  104.979  104.989  0.49368  0  0  0  0
-313  -0.631417  0.080355  50.9547  50.9658  0.855646  0  0  0  0
-211  0.123819  -0.592553  24.154  24.162  0.13957  0  0  0  0
213  -0.0394525  0.540961  12.3989  12.436  0.79196  0  0  0  0
-211  0.449497  -0.0657369  4.30764  4.33377  0.13957  0  0  0  0
111  0.205229  0.359639  2.58045  2.61695  0.13498  0  0  0  0
-423  0.923004  0.644931  22.6846  22.801  2.00698  0  0  0  0
221  -0.0527057  2.57653  249.492  249.506  0.54785  0  0  0  0
223  0.236675  0.355791  25.0525  25.0685  0.786305  0  0  0  0
221  -0.213675  0.157713  5.21183  5.24727  0.54785  0  0  0  0
311  0.408925  -0.257145  2.24233  2.34712  0.49761  0  0  0  0
-313  -0.0987732  0.383781  2.28758  2.51553  0.968407  0  0  0  0
111  0.221729  -0.674144  -0.286759  0.777228  0.13498  0  0  0  0
-211  0.237165  0.845909  1.28621  1.56385  0.13957  0  0  0  0
111  0.332349  -0.0323001  0.384628  0.526932  0.13498  0  0  0  0
211  0.346452  0.00903786  -0.52439  0.643875  0.13957  0  0  0  0
113  0.479962  -0.82323  30.4048  30.4312  0.834422  0  0  0  0
211  -0.0989447  0.0239191  1.85814  1.86615  0.13957  0  0  0  0
111  0.401826  0.290317  2.95329  2.99765  0.13498  0  0  0  0
2114  0.283373  -1.16257  34.87  34.9174  1.3701  0  0  0  0
-2114  0.373152  0.0489409  2.0653  2.40903  1.18168  0  0  0  0
113  -0.166176  -0.692163  -0.635831  1.22021  0.760211  0  0  0  0
111  0.244058  -0.519352  -0.205392  0.624257  0.13498  0  0  0  0
111  0.610956  -0.871351  -1.22646  1.6294  0.13498  0  0  0  0
113  0.738947  -2.20504  0.179239  2.48323  0.85209  0  0  0  0
-213  0.440853  -1.08587  0.0957994  1.40839  0.775203  0  0  0  0
211  -0.128691  -1.56876  0.393619  1.6285  0.13957  0  0  0  0
2112  0.540584  -0.846613  -0.0871962  1.37818  0.93957  0  0  0  0
-2212  0.967716  -2.52797  2.02232  3.50674  0.93827  0  0  0  0
211  0.944019  -0.796856  3.42424  3.64295  0.13957  0  0  0  0
-211  0.607799  -0.288657  1.69571  1.82966  0.13957  0  0  0  0
221  1.70929  -0.84854  25.8181  25.8944  0.54785  0  0  0  0
-421  2.99767  -1.1325  33.2556  33.4616  1.86486  0  0  0  0
211  0.433529  -1.33774  72.1758  72.1896  0.13957  0  0  0  0
223  2.01068  -3.28596  190.269  190.31  0.782358  0  0  0  0
311  -0.352263  0.0174815  2.50106  2.57435  0.49761  0  0  0  0
-313  0.512197  -0.0924542  3.82728  3.96633  0.901567  0  0  0  0
-211  -0.19986  0.204571  0.374978  0.491814  0.13957  0  0  0  0
213  0.20036  -0.227487  0.234553  0.865336  0.77582  0  0  0  0
311  0.233675  -0.314403  -1.24084  1.39311  0.49761  0  0  0  0
-311  -0.327862  -1.69857  -5.15039  5.45589  0.49761  0  0  0  0
211  0.0616293  -1.33522  -13.6067  13.6729  0.13957  0  0  0  0
-211  0.136382  -0.528543  -10.3931  10.4084  0.13957  0  0  0  0
213  0.645647  -3.74202  -52.8033  52.9468  0.872951  0  0  0  0
-213  0.109553  -0.694448  -7.3405  7.42205  0.842387  0  0  0  0
223  -0.547017  -0.0276342  -7.31252  7.37506  0.786525  0  0  0  0
211  0.0489782  -0.443812  -1.12212  1.21573  0.13957  0  0  0  0
-211  0.404404  -0.473647  -1.53133  1.65902  0.13957  0  0  0  0
211  -0.921113  -0.26906  -4.46888  4.57288  0.13957  0  0  0  0
311  -1.52335  0.351928  -2.05628  2.63066  0.49761  0  0  0  0
-323  -1.948  1.04669  -2.14658  3.25655  1.05217  0  0  0  0
211  -7.17893  4.06705  -14.778  16.926  0.13957  0  0  0  0
-213  -7.54442  5.1622  -20.1068  22.101  0.775751  0  0  0  0
221  -3.99531  2.84516  -8.75163  10.0473  0.54785  0  0  0  0
213  -7.41784  4.70326  -17.8005  19.8646  0.776075  0  0  0  0
-213  -2.70889  1.50799  -7.42319  8.075  0.699905  0  0  0  0
111  -0.188229  0.254681  -0.298812  0.455852  0.13498  0  0  0  0
211  -0.422948  0.357067  -3.61431  3.65911  0.13957  0  0  0  0
313  -0.609474  0.706136  -4.40063  4.58093  0.865617  0  0  0  0
-313  -1.38038  0.042514  -5.77141  5.98463  0.774179  0  0  0  0
111  0.0150163  0.0685015  -2.26679  2.27189  0.13498  0  0  0  0
-211  -2.25386  -0.0970758  -19.4651  19.5958  0.13957  0  0  0  0
221  -0.0661732  -0.0807394  -1.86344  1.94511  0.54785  0  0  0  0
211  -0.959207  -0.747894  -8.21097  8.30174  0.13957  0  0  0  0
111  -0.912844  0.0773064  -8.60584  8.65552  0.13498  0  0  0  0
1114  -0.667461  -0.742753  -5.16536  5.4178  1.29397  0  0  0  0
-2114  -0.655238  -0.811698  -8.3528  8.53139  1.38822  0  0  0  0
213  -0.565148  -0.82547  -3.14038  3.39137  0.799132  0  0  0  0
-211  -0.109403  -1.6388  -7.81733  7.98923  0.13957  0  0  0  0
113  0.0549874  -0.54587  -1.38106  1.6878  0.800211  0  0  0  0
223  0.00283341  -1.66708  -5.11011  5.43115  0.777837  0  0  0  0
223  0.709998  -1.72469  -8.7332  8.96345  0.771974  0  0  0  0
213  7.88164  -10.0433  -55.5855  57.0394  0.87074  0  0  0  0
311  3.38008  -4.60006  -24.6745  25.3311  0.49761  0  0  0  0
421  -3.49119  -1.11335  6.56395  7.74539  1.86486  0  0  0  0
321  -0.693847  0.429774  0.686586  1.17527  0.49368  0  0  0  0
-311  -1.28375  -0.29136  3.44578  3.72209  0.49761  0  0  0  0
-211  -0.464451  -0.49216  1.15458  1.34554  0.13957  0  0  0  0
3222  -1.41408  0.740524  6.48718  6.78573  1.18937  0  0  0  0
-3222  -1.92946  1.31238  14.3874  14.6239  1.18937  0  0  0  0
211  -0.0874188  0.242056  3.04339  3.05744  0.13957  0  0  0  0
111  -0.188369  0.236138  0.762253  0.83096  0.13498  0  0  0  0
-211  -0.0643687  -0.043779  1.641  1.64876  0.13957  0  0  0  0
213  -1.40104  1.34691  12.1568  12.3442  0.902805  0  0  0  0
-211  -0.80841  0.40763  7.88  7.93307  0.13957  0  0  0  0
211  -0.512583  0.503975  0.499512  0.886411  0.13957  0  0  0  0
-211  0.386137  -1.07249  -0.0918285  1.15206  0.13957  0  0  0  0
211  0.565087  0.0696423  -0.591256  0.832608  0.13957  0  0  0  0
111  -0.176403  -0.153208  0.427889  0.505865  0.13498  0  0  0  0
111  1.76085  -0.462647  -1.91561  2.64621  0.13498  0  0  0  0
-213  2.54487  -2.52011  -5.98936  7.01244  0.688885  0  0  0  0
113  4.07523  -2.59969  -6.07957  7.81617  0.874896  0  0  0  0
213  0.277586  -0.628235  -0.0599982  0.957185  0.663981  0  0  0  0
2214  0.646962  -0.112647  -2.39718  2.84908  1.39269  0  0  0  0
-2224  -0.751992  0.140076  -6.23164  6.46432  1.53917  0  0  0  0
211  0.130282  0.343149  -6.78344  6.7948  0.13957  0  0  0  0
-211  0.65949  -0.0960825  -20.1409  20.1524  0.13957  0  0  0  0
211  -0.461658  -0.204933  -72.2066  72.2085  0.13957  0  0  0  0
111  0.206892  -0.515626  -112.411  112.413  0.13498  0  0  0  0
2112  -0.533244  0.266917  -129.766  129.771  0.93957  0  0  0  0
-2212  0.0796704  0.0821929  -384.843  384.844  0.93827  0  0  0  0
211  0.275755  -0.0674025  -102.456  102.456  0.13957  0  0  0  0
2112  -0.171583  0.256017  -434.154  434.155  0.93957  0  0  0  0
-211  -0.0273132  0.0889729  6.1802  6.18247  0.13957  0  0  0  0
211  0.37933  -0.61953  145.526  145.528  0.13957  0  0  0  0
223  0.696546  0.364118  90.2654  90.2722  0.784238  0  0  0  0
223  0.369692  -0.369143  28.166  28.1817  0.783074  0  0  0  0
-211  -0.171129  0.16146  0.46864  0.542639  0.13957  0  0  0  0
2212  -0.241452  -0.419919  7.56745  7.64076  0.93827  0  0  0  0
-211  0.0281494  -0.116095  3.88292  3.88726  0.13957  0  0  0  0
-1114  -0.751087  0.414415  10.5374  10.6609  1.37184  0  0  0  0
-211  0.658825  -0.120065  0.682071  0.966005  0.13957  0  0  0  0
211  -0.0218574  0.115973  0.624352  0.650555  0.13957  0  0  0  0
113  -0.0541387  -0.189907  0.399798  0.847542  0.720758  0  0  0  0
-213  0.0496964  -0.222485  -18.2768  18.3155  1.1677  0  0  0  0
323  0.101902  1.09157  -20.2566  20.3169  1.11653  0  0  0  0
-321  0.47814  0.026426  -13.3734  13.3911  0.49368  0  0  0  0
321  0.163285  -0.22374  -16.7925  16.802  0.49368  0  0  0  0
-323  18.0367  8.62904  -143.833  145.22  1.005  0  0  0  0
211  1.48524  0.860819  -12.3639  12.4832  0.13957  0  0  0  0
111  1.28437  0.719467  -10.0625  10.1705  0.13498  0  0  0  0
221  4.56508  1.78554  -38.3541  38.67  0.54785  0  0  0  0
-211  2.88547  1.99759  -23.6764  23.9355  0.13957  0  0  0  0
213  2.62217  0.966045  -19.3746  19.589  0.736754  0  0  0  0
2112  0.367602  0.454859  -4.66989  4.79924  0.93957  0  0  0  0
111  -0.0657755  -0.116081  -2.61854  2.62541  0.13498  0  0  0  0
-2112  -0.121197  0.746083  -3.39519  3.60297  0.93957  0  0  0  0
221  0.512644  -0.128461  -1.70538  1.86756  0.54785  0  0  0  0
223  -0.28392  -0.27479  -0.490988  1.00818  0.786915  0  0  0  0
-213  -0.944562  -0.0662183  -0.235484  1.30439  0.865676  0  0  0  0
211  -0.107303  -1.43199  -0.612528  1.56741  0.13957  0  0  0  0
111  -0.586438  0.107515  0.311265  0.685984  0.13498  0  0  0  0
-211  -0.737546  -1.63621  -0.040342  1.80063  0.13957  0  0  0  0
211  -0.289265  0.180942  -0.0833362  0.37794  0.13957  0  0  0  0
111  0.149764  -0.990373  0.958878  1.39317  0.13498  0  0  0  0
-211  -0.139067  -0.440165  0.49023  0.68767  0.13957  0  0  0  0
111  -0.334667  0.00570667  0.89596  0.965919  0.13498  0  0  0  0
111  0.207054  0.325294  0.374893  0.554484  0.13498  0  0  0  0
221  0.403736  -0.80363  5.43635  5.53741  0.54785  0  0  0  0
211  -0.260982  -0.0911688  1.8444  1.87022  0.13957  0  0  0  0
-211  -0.0911988  0.415833  10.4558  10.4654  0.13957  0  0  0  0
213  1.12044  -1.33993  34.832  34.8831  0.714805  0  0  0  0
-211  0.135861  -0.320221  4.67917  4.69416  0.13957  0  0  0  0
221  -0.335893  -0.384926  19.0349  19.0496  0.54785  0  0  0  0
213  0.420056  -1.21729  32.5416  32.5785  0.863248  0  0  0  0
313  0.348973  -0.30646  22.1225  22.1449  0.881442  0  0  0  0
-321  -1.25776  -0.957153  19.9605  20.029  0.49368  0  0  0  0
211  -0.666043  -1.7448  18.7541  18.8474  0.13957  0  0  0  0
111  -0.201372  -1.11396  8.62856  8.70354  0.13498  0  0  0  0
113  -1.53022  -1.51218  15.5474  15.7153  0.788573  0  0  0  0
223  -0.256388  1.0565  12.4548  12.5283  0.809013  0  0  0  0
-211  -0.00547667  0.634302  3.35385  3.41616  0.13957  0  0  0  0
113  -1.41923  0.461489  12.329  12.4712  1.13982  0  0  0  0
213  -1.40954  0.996881  16.8936  16.9962  0.703139  0  0  0  0
1114  -2.92448  1.90064  30.4272  30.6513  1.23532  0  0  0  0
211  -0.685873  0.135556  6.89517  6.93193  0.13957  0  0  0  0
-2212  -2.22642  0.834799  18.8755  19.0478  0.93827  0  0  0  0
113  -2.23985  0.149459  15.8442  16.0355  1.02985  0  0  0  0
2212  -1.23939  0.701088  7.06684  7.26968  0.93827  0  0  0  0
-2212  -2.14892  0.942446  14.4225  14.6422  0.93827  0  0  0  0
113  -2.33699  -0.359744  6.44804  6.91135  0.773661  0  0  0  0
3222  0.152514  0.670097  4.23295  4.45025  1.18937  0  0  0  0
-213  2.08372  1.06572  3.01061  3.91493  0.886166  0  0  0  0
-3112  0.645244  0.911184  1.82447  2.45136  1.19745  0  0  0  0
111  1.70812  0.705645  1.63252  2.46961  0.13498  0  0  0  0
-211  1.02335  0.810196  0.926789  1.60688  0.13957  0  0  0  0
211  0.125258  0.305901  0.173649  0.398621  0.13957  0  0  0  0
-213  1.69789  0.554258  1.31476  2.39536  0.905057  0  0  0  0
211  0.419108  0.719779  0.790283  1.15662  0.13957  0  0  0  0
-211  0.291419  -0.275664  0.0105964  0.424862  0.13957  0  0  0  0
113  0.627544  0.75314  -0.434198  1.30035  0.73577  0  0  0  0
213  0.4252  1.27737  0.68395  1.69468  0.769209  0  0  0  0
223  -0.23511  1.11024  0.119946  1.39185  0.796824  0  0  0  0
-213  -1.29745  1.93293  0.645079  2.61376  0.998002  0  0  0  0
213  -0.53448  1.2977  -0.226848  1.57163  0.669979  0  0  0  0
-213  -1.83714  1.68345  0.356884  2.62299  0.737312  0  0  0  0
111  -0.350041  0.575801  -0.0744618  0.69126  0.13498  0  0  0  0
211  -0.0371256  0.22296  -0.145148  0.302716  0.13957  0  0  0  0
221  -0.660802  0.223665  0.082875  0.890894  0.54785  0  0  0  0
-211  0.0166882  0.725208  -0.101621  0.745662  0.13957  0  0  0  0
111  0.0554111  0.442137  0.152024  0.489782  0.13498  0  0  0  0
211  -0.289453  -0.0415543  -0.401133  0.515652  0.13957  0  0  0  0
113  -0.288857  -0.156932  -3.19637  3.34821  0.941096  0  0  0  0
311  -0.324278  -0.0151567  -7.79059  7.81322  0.49761  0  0  0  0
-311  -0.421814  0.479836  -4.2197  4.29671  0.49761  0  0  0  0
311  0.303336  -0.743727  -8.49013  8.54254  0.49761  0  0  0  0
-311  -0.504896  -0.106875  -23.6471  23.658  0.49761  0  0  0  0
1114  0.26964  0.175229  -34.4867  34.509  1.19705  0  0  0  0
-1114  -0.426541  1.07731  -89.5045  89.5221  1.34901  0  0  0  0
-213  -0.154377  0.383442  -37.816  37.8285  0.880185  0  0  0  0
211  0.325773  0.172038  -169.915  169.915  0.13957  0  0  0  0
-211  -0.172738  0.00467366  -11.4473  11.4495  0.13957  0  0  0  0
113  0.437378  1.20437  -66.5473  66.5629  0.661324  0  0  0  0
2112  -0.0469152  -0.282825  -16.9235  16.9519  0.93957  0  0  0  0
-311  0.199977  0.589489  -28.722  28.7331  0.49761  0  0  0  0
211  -0.260001  0.190483  103.325  103.325  0.13957  0  0  0  0
-211  0.21772  1.0809  102.763  102.769  0.13957  0  0  0  0
311  -0.108923  -0.501427  51.8459  51.8508  0.49761  0  0  0  0
211  0.249014  -0.261015  57.8304  57.8317  0.13957  0  0  0  0
-311  -0.167433  -0.0872134  20.7267  20.7336  0.49761  0  0  0  0
111  -0.463984  0.167568  30.2279  30.2322  0.13498  0  0  0  0
211  0.0876871  -0.158284  2.34514  2.35625  0.13957  0  0  0  0
111  -0.12714  0.699246  10.0538  10.0798  0.13498  0  0  0  0
-321  -0.205142  0.257339  2.20595  2.28435  0.49368  0  0  0  0
211  0.106369  0.126442  0.0816333  0.231183  0.13957  0  0  0  0
211  0.655698  -0.426156  16.877  16.8957  0.13957  0  0  0  0
-211  -0.175737  -0.397075  13.5278  13.5355  0.13957  0  0  0  0
2112  0.00479253  -0.543914  24.7496  24.7734  0.93957  0  0  0  0
111  0.27858  -0.618653  10.1205  10.1441  0.13498  0  0  0  0
-2112  0.368373  0.207636  1.673  1.96482  0.93957  0  0  0  0
111  0.00477899  -0.158695  0.392296  0.44421  0.13498  0  0  0  0
211  0.0314188  -0.39462  -0.714564  0.82873  0.13957  0  0  0  0
-211  -0.197595  -0.297543  0.0787332  0.391477  0.13957  0  0  0  0
211  0.522015  -1.97609  0.380829  2.08374  0.13957  0  0  0  0
-211  0.216932  -0.228944  -0.20159  0.399491  0.13957  0  0  0  0
-211  0.322764  -0.389225  -0.282337  0.595707  0.13957  0  0  0  0
111  0.118089  -0.696641  0.378136  0.812687  0.13498  0  0  0  0
-311  0.512657  0.0349561  3.61171  3.68186  0.49761  0  0  0  0
111  -0.000459959  -0.12741  0.215572  0.284472  0.13498  0  0  0  0
211  0.345374  -0.0752674  -0.14849  0.408016  0.13957  0  0  0  0
111  -0.145013  -0.152219  0.383043  0.45732  0.13498  0  0  0  0
211  0.199865  -0.815255  -16.9221  16.9435  0.13957  0  0  0  0
111  0.445782  -2.92677  -35.8811  36.0033  0.13498  0  0  0  0
-211  -0.180524  -0.736948  -5.41703  5.47168  0.13957  0  0  0  0
111  0.290077  0.0425002  -1.92348  1.95037  0.13498  0  0  0  0
-321  -1.92731  0.876571  -2.12032  3.03683  0.49368  0  0  0  0
111  -0.0206955  0.170117  -0.0262625  0.219721  0.13498  0  0  0  0
-211  -6.62747  4.46639  -17.0123  18.7965  0.13957  0  0  0  0
111  -0.916944  0.695806  -3.09453  3.30444  0.13498  0  0  0  0
211  -2.56007  1.73577  -7.03125  7.68276  0.13957  0  0  0  0
111  -4.85777  2.96749  -10.7692  12.1819  0.13498  0  0  0  0
-211  -2.04059  0.863518  -4.78532  5.27527  0.13957  0  0  0  0
111  -0.6683  0.644471  -2.63786  2.79974  0.13498  0  0  0  0
321  -0.162941  0.229226  -2.5741  2.63606  0.49368  0  0  0  0
-211  -0.446533  0.47691  -1.82653  1.94487  0.13957  0  0  0  0
-321  -0.985842  -0.108723  -4.60031  4.73183  0.49368  0  0  0  0
211  -0.394543  0.151237  -1.1711  1.25279  0.13957  0  0  0  0
2112  -0.404496  -0.701965  -3.24515  3.47421  0.93957  0  0  0  0
-211  -0.262965  -0.0407889  -1.92022  1.94359  0.13957  0  0  0  0
-2112  -0.665511  -0.344916  -4.93787  5.08205  0.93957  0  0  0  0
111  0.010273  -0.466781  -3.41492  3.44933  0.13498  0  0  0  0
211  -0.229582  -0.864898  -2.0291  2.22204  0.13957  0  0  0  0
111  -0.335566  0.0394277  -1.11128  1.16933  0.13498  0  0  0  0
211  0.26522  0.0649417  -0.380737  0.488876  0.13957  0  0  0  0
-211  -0.210233  -0.610811  -1.00032  1.19892  0.13957  0  0  0  0
211  0.424259  -0.544461  -3.75156  3.81708  0.13957  0  0  0  0
111  7.45738  -9.49884  -51.834  53.2224  0.13498  0  0  0  0
211  -1.4546  1.01193  10.1704  10.3246  0.13957  0  0  0  0
111  0.0535572  0.334976  1.98632  2.01959  0.13498  0  0  0  0
-211  1.74684  -1.92479  -4.75497  5.42084  0.13957  0  0  0  0
111  0.79803  -0.595318  -1.23439  1.5916  0.13498  0  0  0  0
211  0.288764  -0.421735  -0.840336  0.993423  0.13957  0  0  0  0
-211  3.78647  -2.17795  -5.23923  6.82275  0.13957  0  0  0  0
211  -0.000305997  -0.630051  -0.0197151  0.645626  0.13957  0  0  0  0
111  0.277892  0.00181526  -0.0402831  0.31156  0.13498  0  0  0  0
2112  0.419761  -0.434914  -1.83559  2.14885  0.93957  0  0  0  0
211  0.227202  0.322268  -0.561584  0.700238  0.13957  0  0  0  0
-2212  -0.421444  -0.238215  -2.78391  2.97739  0.93827  0  0  0  0
-211  -0.330548  0.378291  -3.44773  3.48694  0.13957  0  0  0  0
-2112  -0.606928  0.0117448  6.18872  6.289  0.93957  0  0  0  0
211  -0.144159  0.40267  4.34866  4.37187  0.13957  0  0  0  0
211  -0.187767  0.146429  -0.0190652  0.276661  0.13957  0  0  0  0
-211  0.133628  -0.336337  0.418864  0.570881  0.13957  0  0  0  0
-211  -0.343902  0.324629  -8.78463  8.79846  0.13957  0  0  0  0
111  0.393599  -0.547115  -9.49217  9.51703  0.13498  0  0  0  0
311  0.389681  0.733329  -9.39766  9.4474  0.49761  0  0  0  0
211  -0.287779  0.358242  -10.8589  10.8695  0.13957  0  0  0  0
-321  14.5191  6.77495  -117.156  118.247  0.49368  0  0  0  0
111  3.51766  1.85409  -26.6779  26.9729  0.13498  0  0  0  0
211  0.782022  0.197527  -3.83881  3.92511  0.13957  0  0  0  0
111  1.84015  0.768519  -15.5358  15.6639  0.13498  0  0  0  0
-211  -0.190817  -0.353677  0.0702956  0.431184  0.13957  0  0  0  0
111  -0.753745  0.287459  -0.30578  0.873204  0.13498  0  0  0  0
211  0.384599  -0.842065  21.8344  21.8544  0.13957  0  0  0  0
111  0.735844  -0.49786  12.9976  13.0287  0.13498  0  0  0  0
211  -0.224008  -0.378116  7.45083  7.46509  0.13957  0  0  0  0
111  0.644064  -0.839174  25.0907  25.1134  0.13498  0  0  0  0
321  0.496432  -0.168676  13.7681  13.7869  0.49368  0  0  0  0
-211  -0.147458  -0.137785  8.35438  8.35799  0.13957  0  0  0  0
211  -0.385522  -0.882862  7.08988  7.15639  0.13957  0  0  0  0
-211  -1.1447  -0.629313  8.45751  8.55893  0.13957  0  0  0  0
211  -0.289041  0.631614  3.88836  3.95238  0.13957  0  0  0  0
-211  -1.13019  -0.170125  8.44062  8.51879  0.13957  0  0  0  0
211  -1.27407  0.900798  16.0319  16.1083  0.13957  0  0  0  0
111  -0.135469  0.0960831  0.861717  0.887896  0.13498  0  0  0  0
2112  -2.51903  1.79837  27.7837  27.9713  0.93957  0  0  0  0
-211  -0.405459  0.102265  2.6435  2.68  0.13957  0  0  0  0
211  -1.7945  0.486268  10.9474  11.1051  0.13957  0  0  0  0
-211  -0.445349  -0.336808  4.89677  4.93048  0.13957  0  0  0  0
211  -0.90641  -0.0671047  3.49658  3.61547  0.13957  0  0  0  0
-211  -1.43058  -0.292639  2.95146  3.29588  0.13957  0  0  0  0
-211  1.1162  0.16156  1.06435  1.55703  0.13957  0  0  0  0
111  0.967524  0.904157  1.94625  2.35791  0.13498  0  0  0  0
-211  0.227191  -0.140304  0.00271771  0.301311  0.13957  0  0  0  0
111  1.4707  0.694562  1.31204  2.09405  0.13498  0  0  0  0
211  0.438469  0.338055  -0.567553  0.805066  0.13957  0  0  0  0
-211  0.189075  0.415085  0.133355  0.495286  0.13957  0  0  0  0
211  -0.0432641  0.173188  -0.108028  0.25103  0.13957  0  0  0  0
111  0.468464  1.10418  0.791978  1.44365  0.13498  0  0  0  0
-211  -0.111838  0.533321  -0.190116  0.59377  0.13957  0  0  0  0
111  -1.18562  1.39961  0.835195  2.01999  0.13498  0  0  0  0
211  0.119779  0.343646  -0.0362123  0.391447  0.13957  0  0  0  0
111  -0.654259  0.954052  -0.190635  1.18018  0.13498  0  0  0  0
-211  -1.25963  0.727761  0.0745201  1.46333  0.13957  0  0  0  0
111  -0.577508  0.955692  0.282364  1.15966  0.13498  0  0  0  0
211  0.0494245  -0.0489733  -2.77652  2.7809  0.13957  0  0  0  0
-211  -0.338281  -0.107959  -0.419846  0.567309  0.13957  0  0  0  0
2112  0.0347978  0.0803095  -24.7838  24.8017  0.93957  0  0  0  0
-211  0.234843  0.0949197  -9.70298  9.70729  0.13957  0  0  0  0
-2112  -0.475827  0.659571  -76.5493  76.5594  0.93957  0  0  0  0
211  0.0492865  0.417737  -12.9552  12.9628  0.13957  0  0  0  0
-211  -0.27673  -0.194141  -13.3924  13.3974  0.13957  0  0  0  0
111  0.122352  0.577584  -24.4236  24.4311  0.13498  0  0  0  0
211  0.29127  0.309509  -12.8507  12.8585  0.13957  0  0  0  0
-211  0.146108  0.894862  -53.6965  53.7044  0.13957  0  0  0  0
211  0.120748  0.510836  45.4325  45.4358  0.13957  0  0  0  0
-211  0.0523805  0.269937  2.52219  2.54097  0.13957  0  0  0  0
130  -0.0680634  -0.109232  22.9085  22.9143  0.49761  0  0  0  0
-421  0.826084  0.565476  20.9942  21.1006  1.86486  0  0  0  0
111  0.0969195  0.079455  1.69041  1.70041  0.13498  0  0  0  0
111  -0.129142  1.05877  104.163  104.169  0.13498  0  0  0  0
111  -0.00871686  0.628797  51.5171  51.5211  0.13498  0  0  0  0
111  0.0851536  0.88896  93.8118  93.8161  0.13498  0  0  0  0
211  0.0489125  -0.00949595  1.68473  1.69123  0.13957  0  0  0  0
-211  -0.102532  0.254819  8.41436  8.42  0.13957  0  0  0  0
111  0.290295  0.110468  14.9534  14.9573  0.13498  0  0  0  0
211  0.0233489  0.0743297  2.40612  2.41143  0.13957  0  0  0  0
-211  -0.0418984  0.0256795  0.665455  0.681707  0.13957  0  0  0  0
111  -0.195125  0.0577038  2.14025  2.15414  0.13498  0  0  0  0
111  0.687934  -0.366836  9.11417  9.14845  0.13498  0  0  0  0
111  0.725809  -0.249985  11.8183  11.8439  0.13498  0  0  0  0
111  0.295542  -0.23172  4.8857  4.90197  0.13498  0  0  0  0
-20213  1.71288  -0.968417  16.6604  16.8086  1.04404  0  0  0  0
321  1.28479  -0.164087  16.5952  16.653  0.49368  0  0  0  0
211  0.221089  -0.396243  25.7377  25.7421  0.13957  0  0  0  0
-211  1.09876  -2.21341  115.745  115.771  0.13957  0  0  0  0
111  0.690827  -0.676303  48.7865  48.7962  0.13498  0  0  0  0
211  -0.287214  0.274045  -2.9147  2.94492  0.13957  0  0  0  0
-211  -0.218257  -0.232697  -2.2731  2.29962  0.13957  0  0  0  0
111  -0.0415463  -0.0689815  -2.12471  2.13052  0.13498  0  0  0  0
211  -1.34263  0.82333  -2.78225  3.20014  0.13957  0  0  0  0
-211  -1.22406  1.00527  -2.63945  3.0814  0.13957  0  0  0  0
111  -1.42861  1.01656  -3.32993  3.76577  0.13498  0  0  0  0
211  -0.0465883  -0.0750283  -0.560124  0.583968  0.13957  0  0  0  0
-211  -0.0090137  -1.23762  -2.95641  3.20805  0.13957  0  0  0  0
111  0.0584354  -0.354427  -1.59358  1.63913  0.13498  0  0  0  0
111  0.18754  -0.0327882  -0.717865  0.754848  0.13498  0  0  0  0
-10313  -1.8274  -0.714108  4.40714  4.98901  1.272  0  0  0  0
111  -1.6638  -0.399243  2.1568  2.75638  0.13498  0  0  0  0
2212  -1.38791  0.58818  5.58238  5.85795  0.93827  0  0  0  0
111  -0.0261775  0.152345  0.904802  0.927783  0.13498  0  0  0  0
-2112  -1.40269  1.04467  10.0569  10.251  0.93957  0  0  0  0
-211  -0.526769  0.267706  4.33059  4.37295  0.13957  0  0  0  0
211  0.535897  0.34136  41.8944  41.8995  0.13957  0  0  0  0
-211  -0.0298567  -0.0753919  19.2304  19.231  0.13957  0  0  0  0
111  0.190507  0.0981505  29.1406  29.1417  0.13498  0  0  0  0
211  0.282143  -0.134561  12.2412  12.246  0.13957  0  0  0  0
-211  0.180255  -0.29221  7.49942  7.50857  0.13957  0  0  0  0
111  -0.0927065  0.0576285  8.42535  8.42714  0.13498  0  0  0  0
211  0.286013  -0.11607  -0.600307  0.689292  0.13957  0  0  0  0
-211  0.185371  0.0607486  -0.785984  0.821768  0.13957  0  0  0  0
111  0.0412607  -0.0731397  -0.319093  0.356499  0.13498  0  0  0  0
111  0.0492934  -0.339134  -0.551771  0.66341  0.13498  0  0  0  0
111  0.243892  -0.206877  1.32757  1.3722  0.13498  0  0  0  0
111  0.0835764  -0.394251  2.75815  2.7907  0.13498  0  0  0  0
111  0.076268  -0.202502  1.35064  1.37451  0.13498  0  0  0  0
111  -0.0663237  -0.206389  7.77261  7.77681  0.13498  0  0  0  0
111  -0.185587  -0.21408  8.44998  8.45581  0.13498  0  0  0  0
111  -0.0839813  0.0355427  2.8123  2.81702  0.13498  0  0  0  0
211  0.102751  0.030432  1.24452  1.2569  0.13957  0  0  0  0
-211  -0.246742  0.90499  8.49845  8.5512  0.13957  0  0  0  0
111  -0.112397  0.121081  2.71182  2.7202  0.13498  0  0  0  0
2212  0.0876993  0.486252  3.89941  4.04102  0.93827  0  0  0  0
111  0.0648148  0.183845  0.333542  0.409231  0.13498  0  0  0  0
-2112  0.44672  0.627877  1.11206  1.6472  0.93957  0  0  0  0
211  0.198524  0.283306  0.712405  0.804161  0.13957  0  0  0  0
211  0.126357  0.684389  0.0726174  0.713517  0.13957  0  0  0  0
-211  -0.199381  0.269297  -0.100859  0.376731  0.13957  0  0  0  0
111  -0.162086  0.156558  0.148187  0.301598  0.13498  0  0  0  0
211  -0.19546  -0.0355112  0.0607137  0.250263  0.13957  0  0  0  0
-211  -0.388695  0.248823  0.0411366  0.48391  0.13957  0  0  0  0
111  -0.0766463  0.0103528  -0.0189753  0.156721  0.13498  0  0  0  0
323  0.422911  0.0407736  7.204  7.27007  0.880776  0  0  0  0
-213  0.403173  0.524702  13.7902  13.8305  0.822662  0  0  0  0
-211  0.883179  -0.41057  7.04822  7.11656  0.13957  0  0  0  0
113  0.829698  -0.557846  9.61214  9.69205  0.736867  0  0  0  0
-323  -1.72432  -0.578737  3.46771  4.02415  0.927641  0  0  0  0
211  -0.103077  -0.135371  0.93943  0.964862  0.13957  0  0  0  0
311  0.509103  -0.122823  4.67607  4.73155  0.49761  0  0  0  0
211  -0.0861917  0.163597  2.52793  2.53852  0.13957  0  0  0  0
-211  0.346208  0.519495  5.21308  5.25218  0.13957  0  0  0  0
111  0.0569655  0.00520682  8.57709  8.57835  0.13498  0  0  0  0
211  0.384415  -0.638536  5.29681  5.35081  0.13957  0  0  0  0
-211  0.445283  0.0806899  4.31533  4.34124  0.13957  0  0  0  0
-321  -0.554571  -0.313982  1.72797  1.90676  0.49368  0  0  0  0
111  -1.16975  -0.264755  1.73975  2.11739  0.13498  0  0  0  0
14  188
2212  0  0  2510  2510  0.93827  0  0  0  0
2212  0  0  -2510  2510  0.93827  0  0  0  0
3122  -0.513161  -0.527917  -2301.73  2301.73  1.11568  0  0  0  0
211  -0.327411  0.00460666  -0.375366  0.517299  0.13957  0  0  0  0
313  0.891561  0.609404  -1.10515  1.82879  0.978193  0  0  0  0
-311  -0.387603  -0.594357  -0.98736  1.31377  0.49761  0  0  0  0
113  -1.56056  1.86938  -8.0682  8.44794  0.584759  0  0  0  0
223  -1.02394  1.52851  -4.75627  5.15848  0.776574  0  0  0  0
111  -0.0522893  1.61323  -3.75045  4.08526  0.13498  0  0  0  0
-211  -1.131  0.915802  -4.8237  5.04037  0.13957  0  0  0  0
211  -0.18612  0.934996  -2.04654  2.262  0.13957  0  0  0  0
313  -3.98948  7.23771  -22.5135  23.9986  0.880891  0  0  0  0
333  -2.32682  5.31104  -14.9244  16.0438  1.02089  0  0  0  0
-313  -1.48432  2.25221  -7.65058  8.15918  0.874766  0  0  0  0
-211  -0.0877334  0.0969288  -0.0466631  0.196849  0.13957  0  0  0  0
323  -0.88426  1.52623  -4.78802  5.17351  0.853728  0  0  0  0
-323  -0.118121  0.383849  -0.823119  1.27762  0.890782  0  0  0  0
113  -0.519568  0.981703  2.53468  2.91928  0.929457  0  0  0  0
211  -0.300648  -0.726586  3.29073  3.38626  0.13957  0  0  0  0
311  -0.531501  0.713252  12.8449  12.8853  0.49761  0  0  0  0
-321  0.0385293  0.348768  8.3488  8.37074  0.49368  0  0  0  0
111  -1.80449  2.13516  94.8764  94.9177  0.13498  0  0  0  0
2212  -0.447532  0.845926  42.8529  42.8739  0.93827  0  0  0  0
111  -0.215892  -0.134368  2.04156  2.06176  0.13498  0  0  0  0
-2212  -0.876027  2.90418  147.683  147.717  0.93827  0  0  0  0
211  0.538143  -0.0576138  14.4425  14.4533  0.13957  0  0  0  0
-211  0.245799  0.00116628  6.02325  6.02988  0.13957  0  0  0  0
111  -0.0114477  0.462909  23.4502  23.4552  0.13498  0  0  0  0
213  0.290168  0.08044  37.4678  37.4782  0.832108  0  0  0  0
-213  0.734307  0.408688  21.7269  21.759  0.829634  0  0  0  0
211  -1.12118  0.647909  23.4671  23.5032  0.13957  0  0  0  0
-213  -0.633102  0.442206  16.5394  16.572  0.69546  0  0  0  0
111  -1.04532  -0.0853618  17.9678  17.9989  0.13498  0  0  0  0
211  -0.0570831  0.163788  37.0412  37.0418  0.13957  0  0  0  0
-213  -0.069359  0.165553  32.7346  32.76  1.27741  0  0  0  0
211  0.0482725  0.154248  8.51528  8.51796  0.13957  0  0  0  0
311  0.207974  0.232153  49.9098  49.9132  0.49761  0  0  0  0
-313  -0.00318949  -0.030354  14.5355  14.5627  0.889411  0  0  0  0
113  1.06593  0.0264331  10.096  10.1772  0.712885  0  0  0  0
113  -0.3776  -0.11638  0.878289  1.2684  0.825427  0  0  0  0
-211  0.188633  0.163453  0.130077  0.314165  0.13957  0  0  0  0
111  -0.147451  -0.14647  -0.19429  0.314903  0.13498  0  0  0  0
2214  0.173836  -0.113843  1.0465  1.58641  1.17403  0  0  0  0
113  0.25019  0.315343  0.581085  1.11238  0.858895  0  0  0  0
-2114  -0.52224  -0.190129  -3.10124  3.36302  1.17615  0  0  0  0
111  0.0254402  -0.0901601  -1.19503  1.20627  0.13498  0  0  0  0
311  -0.0103286  -0.113005  -0.515388  0.725339  0.49761  0  0  0  0
-321  -0.497196  -0.0811813  -4.88523  4.93589  0.49368  0  0  0  0
321  -2.04928  -0.836176  -12.6047  12.807  0.49368  0  0  0  0
111  -0.10813  0.000254413  25.7182  25.7188  0.13498  0  0  0  0
111  0.0540579  -0.0351286  0.429611  0.454909  0.13498  0  0  0  0
223  0.384279  1.10921  27.0413  27.0782  0.784882  0  0  0  0
213  1.88059  4.36057  63.5761  63.7611  1.00364  0  0  0  0
-211  -0.259444  -0.0264403  5.4769  5.48488  0.13957  0  0  0  0
321  0.188617  0.41029  4.11156  4.16564  0.49368  0  0  0  0
-321  0.524737  0.6672  7.93818  7.99868  0.49368  0  0  0  0
211  0.437829  0.608809  8.22685  8.26213  0.13957  0  0  0  0
-211  0.798786  2.01427  35.6362  35.7023  0.13957  0  0  0  0
211  0.0352132  0.172478  2.56736  2.57717  0.13957  0  0  0  0
-213  1.11454  0.941701  13.792  13.8891  0.747833  0  0  0  0
111  0.0560799  -0.408526  3.21963  3.24874  0.13498  0  0  0  0
213  0.378964  0.531453  6.62633  6.70624  0.799563  0  0  0  0
111  -0.073658  -0.0668847  2.25777  2.26399  0.13498  0  0  0  0
2114  0.314546  0.120283  2.5914  2.86508  1.17469  0  0  0  0
211  0.284039  -0.0333443  0.588381  0.668926  0.13957  0  0  0  0
-2214  1.41191  -1.4621  4.84418  5.40483  1.27077  0  0  0  0
-211  0.210567  0.156211  0.150909  0.333157  0.13957  0  0  0  0
211  0.203473  -0.254261  0.317131  0.475502  0.13957  0  0  0  0
-211  -0.0826503  0.0247576  0.468059  0.495987  0.13957  0  0  0  0
211  -0.0330501  0.0716534  0.00347584  0.16037  0.13957  0  0  0  0
313  0.629602  -0.638167  -0.27329  1.30048  0.901616  0  0  0  0
-323  0.593565  -1.15452  0.0205099  1.58001  0.900435  0  0  0  0
221  0.0614425  -0.381209  -0.510121  0.842293  0.54785  0  0  0  0
323  0.976099  -1.94499  -2.58389  3.4856  0.858601  0  0  0  0
-311  1.52483  -2.0734  -2.02728  3.31385  0.49761  0  0  0  0
111  -0.0639495  -0.587645  -0.571596  0.833281  0.13498  0  0  0  0
-211  11.1971  -14.6113  -16.5602  24.7614  0.13957  0  0  0  0
2212  4.44771  -6.62594  -7.13516  10.746  0.93827  0  0  0  0
-2112  1.54551  -2.26489  -2.27147  3.68249  0.93957  0  0  0  0
313  0.932473  -2.2183  -3.64164  4.46303  0.930963  0  0  0  0
-311  -0.917362  -1.27977  -5.47909  5.72254  0.49761  0  0  0  0
111  -1.66168  -1.22928  -3.55529  4.11468  0.13498  0  0  0  0
313  -0.421141  -0.748096  -4.3101  4.50355  0.983835  0  0  0  0
-311  -1.64706  -1.51245  -6.82647  7.2006  0.49761  0  0  0  0
113  -1.20152  -1.25973  -5.44282  5.76506  0.762294  0  0  0  0
311  -0.102306  -0.124837  -6.23293  6.25484  0.49761  0  0  0  0
-313  -1.10301  -0.666705  -5.72195  5.93402  0.9004  0  0  0  0
113  -0.775042  -1  -4.85955  5.08918  0.826945  0  0  0  0
113  -0.0976339  -0.0641448  -8.62491  8.67489  0.922547  0  0  0  0
-211  -0.057219  0.574417  -3.09354  3.15003  0.13957  0  0  0  0
211  0.0966074  -0.297555  -0.0902329  0.354251  0.13957  0  0  0  0
311  0.000804659  0.242616  -1.02856  1.16809  0.49761  0  0  0  0
-311  -0.653637  -0.260804  -0.456229  0.975203  0.49761  0  0  0  0
111  0.436137  0.211067  0.0560715  0.506091  0.13498  0  0  0  0
-211  -0.160265  -0.352372  5.56431  5.5795  0.13957  0  0  0  0
211  0.2216  0.43051  6.83895  6.85749  0.13957  0  0  0  0
2214  0.127214  -0.143566  15.0009  15.0424  1.10051  0  0  0  0
-2224  -0.43428  -0.111852  30.6839  30.7122  1.23775  0  0  0  0
211  0.0197172  -0.0882897  16.3635  16.3644  0.13957  0  0  0  0
221  0.268645  0.398878  11.4092  11.4324  0.54785  0  0  0  0
-211  -0.539045  -0.393132  111.914  111.916  0.13957  0  0  0  0
111  0.567154  0.274782  66.3452  66.3483  0.13498  0  0  0  0
211  -0.276377  -0.133151  87.4255  87.4261  0.13957  0  0  0  0
2112  -0.00341373  0.0268055  451.515  451.516  0.93957  0  0  0  0
113  -0.638089  -0.52869  842.441  842.441  0.741749  0  0  0  0
321  0.592879  0.0241536  -0.466392  0.901849  0.49368  0  0  0  0
-211  0.298682  0.585251  -0.638759  0.926942  0.13957  0  0  0  0
211  -1.44099  1.78093  -7.54626  7.88756  0.13957  0  0  0  0
-211  -0.119573  0.0884426  -0.521939  0.560374  0.13957  0  0  0  0
321  -3.74628  6.90008  -21.504  22.8979  0.49368  0  0  0  0
-211  -0.243204  0.337623  -1.00948  1.10076  0.13957  0  0  0  0
-321  -1.27862  2.06475  -7.17327  7.58931  0.49368  0  0  0  0
211  -0.205694  0.187458  -0.477311  0.569874  0.13957  0  0  0  0
311  -0.393987  0.701694  -2.91183  3.0617  0.49761  0  0  0  0
211  -0.490273  0.824536  -1.87618  2.11182  0.13957  0  0  0  0
-311  0.161888  0.0598838  -0.436705  0.684193  0.49761  0  0  0  0
-211  -0.280008  0.323965  -0.386414  0.593425  0.13957  0  0  0  0
211  -0.237035  1.06846  1.74382  2.06354  0.13957  0  0  0  0
-211  -0.282533  -0.08676  0.790863  0.855743  0.13957  0  0  0  0
211  -0.02366  -0.210687  26.5659  26.5671  0.13957  0  0  0  0
111  0.313828  0.291127  10.9019  10.9111  0.13498  0  0  0  0
-211  0.309223  0.0690053  16.2018  16.2055  0.13957  0  0  0  0
111  0.425084  0.339682  5.52515  5.55352  0.13498  0  0  0  0
-211  -0.0528833  -0.106675  1.56329  1.57402  0.13957  0  0  0  0
111  -0.580218  0.548881  14.9761  14.998  0.13498  0  0  0  0
-211  0.110823  0.363322  3.41767  3.44154  0.13957  0  0  0  0
111  -0.180182  -0.197769  29.3169  29.3184  0.13498  0  0  0  0
-321  -0.0571436  -0.281087  11.1667  11.1813  0.49368  0  0  0  0
211  0.0539541  0.250733  3.3688  3.38143  0.13957  0  0  0  0
211  1.05151  0.141832  9.26003  9.32167  0.13957  0  0  0  0
-211  0.014412  -0.115399  0.835994  0.855506  0.13957  0  0  0  0
211  -0.460086  -0.0119567  0.948269  1.06326  0.13957  0  0  0  0
-211  0.0824856  -0.104423  -0.06998  0.205146  0.13957  0  0  0  0
2112  0.141633  0.0715264  0.895992  1.30796  0.93957  0  0  0  0
211  0.0322031  -0.185369  0.15051  0.278445  0.13957  0  0  0  0
211  -0.00847218  0.00378573  0.661893  0.676512  0.13957  0  0  0  0
-211  0.258663  0.311557  -0.0808077  0.435872  0.13957  0  0  0  0
-2112  -0.576015  -0.0715473  -2.49672  2.73008  0.93957  0  0  0  0
111  0.0537752  -0.118582  -0.604522  0.632946  0.13498  0  0  0  0
211  0.768397  1.0756  13.6731  13.7375  0.13957  0  0  0  0
111  1.11219  3.28497  49.903  50.0235  0.13498  0  0  0  0
-211  0.0948135  0.483511  4.58474  4.61325  0.13957  0  0  0  0
111  1.01973  0.45819  9.20722  9.27582  0.13498  0  0  0  0
211  0.0636589  0.31594  0.907698  0.973276  0.13957  0  0  0  0
111  0.315305  0.215512  5.71863  5.73296  0.13498  0  0  0  0
2212  0.349426  0.240468  2.27762  2.49957  0.93827  0  0  0  0
-211  -0.0348805  -0.120185  0.313778  0.36551  0.13957  0  0  0  0
-2212  1.28179  -0.964872  3.58581  4.03885  0.93827  0  0  0  0
111  0.13012  -0.497231  1.25838  1.36598  0.13498  0  0  0  0
321  0.0741022  -0.298847  -0.252974  0.634442  0.49368  0  0  0  0
-211  0.5555  -0.33932  -0.0203159  0.666041  0.13957  0  0  0  0
-311  0.490384  -0.514707  -0.182378  0.886723  0.49761  0  0  0  0
-211  0.103181  -0.639814  0.202888  0.693291  0.13957  0  0  0  0
311  0.682889  -1.028  -1.18577  1.78235  0.49761  0  0  0  0
211  0.29321  -0.916993  -1.39812  1.70325  0.13957  0  0  0  0
311  0.474622  -1.26857  -2.6069  2.97961  0.49761  0  0  0  0
111  0.457851  -0.949726  -1.03474  1.48341  0.13498  0  0  0  0
321  -0.198144  -0.0563617  -1.34487  1.44735  0.49368  0  0  0  0
-211  -0.222997  -0.691734  -2.96524  3.0562  0.13957  0  0  0  0
211  -0.761887  -0.602724  -1.97339  2.20397  0.13957  0  0  0  0
-211  -0.439628  -0.657002  -3.46943  3.56109  0.13957  0  0  0  0
-321  -0.60504  -0.689118  -4.16648  4.29468  0.49368  0  0  0  0
211  -0.497969  0.0224127  -1.55546  1.63934  0.13957  0  0  0  0
211  -0.393124  -1.01719  -3.35401  3.52961  0.13957  0  0  0  0
-211  -0.381918  0.0171894  -1.50554  1.55957  0.13957  0  0  0  0
211  0.248541  0.254178  -2.3492  2.38004  0.13957  0  0  0  0
-211  -0.346175  -0.318323  -6.27571  6.29486  0.13957  0  0  0  0
2112  0.0852889  -0.0999636  11.8742  11.9121  0.93957  0  0  0  0
211  0.0419252  -0.043602  3.12663  3.13033  0.13957  0  0  0  0
-2212  -0.574204  -0.06455  27.1955  27.2178  0.93827  0  0  0  0
-211  0.139924  -0.0473025  3.48844  3.49435  0.13957  0  0  0  0
211  -0.0851636  -0.516433  406.543  406.543  0.13957  0  0  0  0
-211  -0.552926  -0.012257  435.898  435.898  0.13957  0  0  0  0
2212  -0.375216  -0.425951  -2039.82  2039.82  0.93827  0  0  0  0
-211  -0.137945  -0.101966  -261.914  261.914  0.13957  0  0  0  0
211  -0.820022  0.771896  -2.88676  3.1018  0.13957  0  0  0  0
-211  -0.202826  0.435464  -0.955219  1.07828  0.13957  0  0  0  0
111  -0.00109115  0.321156  -0.914285  0.978406  0.13498  0  0  0  0
130  -1.32422  3.07007  -8.34916  9.0075  0.49761  0  0  0  0
310  -1.0026  2.24098  -6.57528  7.03627  0.49761  0  0  0  0
211  0.043633  0.00623274  3.64356  3.6465  0.13957  0  0  0  0
-211  -0.0269873  0.485244  11.8352  11.846  0.13957  0  0  0  0
111  0.367633  0.61773  11.5625  11.5856  0.13498  0  0  0  0
211  0.0806124  -0.299876  -0.179765  0.384992  0.13957  0  0  0  0
-211  0.0535556  -0.0206646  -0.146325  0.210205  0.13957  0  0  0  0
111  -0.0727255  -0.0606686  -0.184031  0.247096  0.13498  0  0  0  0
211  -0.2217  0.274796  -0.846344  0.9276  0.13957  0  0  0  0
-211  -0.7809  1.96618  -5.72894  6.10867  0.13957  0  0  0  0
15  325
2212  0  0  2510  2510  0.93827  0  0  0  0
2212  0  0  -2510  2510  0.93827  0  0  0  0
111  -0.0208897  -0.92923  30.9242  30.9384  0.13498  0  0  0  0
211  0.518607  -0.467781  24.0472  24.0578  0.13957  0  0  0  0
-211  0.184214  -1.43289  44.3518  44.3756  0.13957  0  0  0  0
223  -1.02129  0.122581  47.0658  47.0836  0.787632  0  0  0  0
311  -3.838  0.557355  -3.52911  5.26717  0.49761  0  0  0  0
-311  -0.515627  -1.0245  -2.26238  2.58485  0.49761  0  0  0  0
311  -0.900086  -0.299944  -3.17789  3.35361  0.49761  0  0  0  0
213  4.43866  0.571566  -86.4553  86.5749  0.816505  0  0  0  0
-213  2.16803  1.63223  -48.8706  48.9529  0.823158  0  0  0  0
113  0.400736  -0.159554  -8.70726  8.75333  0.786359  0  0  0  0
111  0.0693496  2.85865  -21.8746  22.0611  0.13498  0  0  0  0
213  -0.366093  0.720234  -8.03991  8.11296  0.726149  0  0  0  0
-211  -0.0629955  2.06093  -12.6633  12.8308  0.13957  0  0  0  0
211  -0.318484  0.913809  -7.36141  7.42605  0.13957  0  0  0  0
311  -0.336236  1.1488  -6.84737  6.96899  0.49761  0  0  0  0
-311  7.17177  -0.139093  -14.2947  16.0012  0.49761  0  0  0  0
311  0.913718  0.690592  -1.13952  1.69054  0.49761  0  0  0  0
-311  1.67969  0.680282  -2.94725  3.49543  0.49761  0  0  0  0
313  0.734279  -0.0921945  -0.284208  1.18083  0.875173  0  0  0  0
-321  0.201591  -0.839276  0.039417  0.995136  0.49368  0  0  0  0
213  1.9114  1.20697  -0.957496  2.63674  0.961964  0  0  0  0
223  1.77192  1.2522  6.36337  6.76921  0.788722  0  0  0  0
-211  0.389748  0.180047  0.960756  1.06153  0.13957  0  0  0  0
211  0.507404  0.054629  1.4272  1.52211  0.13957  0  0  0  0
-211  1.56223  0.512661  5.49896  5.7412  0.13957  0  0  0  0
111  1.58384  0.234713  2.24564  2.7613  0.13498  0  0  0  0
323  2.80574  0.986007  10.0524  10.535  1.04474  0  0  0  0
-311  0.724163  0.550504  2.02161  2.272  0.49761  0  0  0  0
111  0.549884  -0.0498427  1.48354  1.5887  0.13498  0  0  0  0
-213  3.14849  0.0943946  11.007  11.4719  0.726239  0  0  0  0
321  -0.173961  0.224057  4.41481  4.45138  0.49368  0  0  0  0
-321  -3.65727  0.161675  18.814  19.1732  0.49368  0  0  0  0
323  -0.18373  0.31606  6.99167  7.07816  1.04079  0  0  0  0
-321  -0.554818  -0.0415237  5.60977  5.65887  0.49368  0  0  0  0
113  -2.55927  0.354903  17.7614  17.9671  0.820419  0  0  0  0
111  -0.308766  0.648083  12.1468  12.1688  0.13498  0  0  0  0
221  -0.393256  -0.36917  39.442  39.4494  0.54785  0  0  0  0
211  -0.211829  0.18407  13.2418  13.2455  0.13957  0  0  0  0
321  0.445489  -4.39009  5.25012  6.87596  0.49368  0  0  0  0
-313  0.249424  -2.53678  2.99441  4.03855  0.919758  0  0  0  0
-211  0.496678  -0.480603  0.432421  0.827125  0.13957  0  0  0  0
213  0.346688  0.104507  -0.482849  0.862196  0.615732  0  0  0  0
-211  1.09642  1.0336  -1.74352  2.30864  0.13957  0  0  0  0
211  -0.607167  -0.306558  -15.6611  15.6765  0.13957  0  0  0  0
223  0.05909  -0.133492  -14.3105  14.3329  0.786558  0  0  0  0
111  0.275894  0.0848079  -44.3817  44.3829  0.13498  0  0  0  0
-211  -0.470696  0.203796  -8.02732  8.0449  0.13957  0  0  0  0
213  0.208362  0.0143092  -214.691  214.696  1.47719  0  0  0  0
-211  -0.00811736  0.275574  -250.584  250.584  0.13957  0  0  0  0
111  -0.015529  -0.258661  -13.4998  13.5029  0.13498  0  0  0  0
213  -0.304148  0.378445  -17.45  17.4807  0.915407  0  0  0  0
313  0.0158631  0.312778  -8.11865  8.16825  0.842517  0  0  0  0
-321  0.0774771  0.841286  -6.90534  6.97432  0.49368  0  0  0  0
321  -0.584  0.561824  -3.49696  3.62342  0.49368  0  0  0  0
-321  -0.353226  0.132239  -6.1484  6.17971  0.49368  0  0  0  0
223  0.0505389  0.803516  -6.24518  6.34528  0.782378  0  0  0  0
111  -0.545034  0.262509  -31.143  31.1492  0.13498  0  0  0  0
113  0.31684  -0.175481  -49.8374  49.8467  0.892518  0  0  0  0
213  0.307327  -0.68724  -247.792  247.794  0.78517  0  0  0  0
111  -0.133915  0.200263  -110.247  110.247  0.13498  0  0  0  0
-211  -0.147201  0.0461936  -17.0287  17.03  0.13957  0  0  0  0
2212  0.167257  -0.316286  -294.042  294.044  0.93827  0  0  0  0
221  -0.247557  0.337956  -6.41368  6.45066  0.54785  0  0  0  0
223  -0.0086668  0.00575435  -2.05368  2.198  0.783278  0  0  0  0
211  0.470273  0.137393  -4.34777  4.37751  0.13957  0  0  0  0
113  -0.340368  0.491676  -2.66614  2.83782  0.766386  0  0  0  0
111  -0.0899933  -0.101977  -2.60014  2.60719  0.13498  0  0  0  0
113  0.823457  0.40122  -1.42851  2.07641  1.19658  0  0  0  0
-211  -0.464644  -0.601447  -0.310196  0.832666  0.13957  0  0  0  0
111  -0.275068  0.280393  -0.275759  0.498543  0.13498  0  0  0  0
221  -0.38531  -0.171835  0.9061  1.1398  0.54785  0  0  0  0
213  0.149589  0.141945  8.49237  8.53156  0.790285  0  0  0  0
-213  0.0932097  0.218024  272.215  272.216  0.709356  0  0  0  0
213  0.124789  -0.213581  131.955  131.957  0.796134  0  0  0  0
2112  -0.717671  -0.0743631  631.048  631.049  0.93957  0  0  0  0
223  -0.0819278  0.279597  901.581  901.581  0.795697  0  0  0  0
-311  0.409831  -0.535703  -19.3041  19.3223  0.49761  0  0  0  0
111  -0.369807  -0.480853  -45.3179  45.3222  0.13498  0  0  0  0
-211  -0.784263  0.583572  -29.4227  29.4393  0.13957  0  0  0  0
213  0.131584  -0.176943  -36.7644  36.7722  0.721533  0  0  0  0
-211  0.163284  0.191139  -0.947228  0.989908  0.13957  0  0  0  0
111  -0.364394  -0.108932  -3.88277  3.90369  0.13498  0  0  0  0
221  0.0755429  0.891537  -11.5306  11.5783  0.54785  0  0  0  0
321  0.639006  0.449355  -3.01862  3.1569  0.49368  0  0  0  0
-323  0.80721  0.834343  -3.84274  4.11034  0.883461  0  0  0  0
111  -0.412477  0.46511  -1.00612  1.19036  0.13498  0  0  0  0
211  -0.0154233  -0.072549  -0.304588  0.343154  0.13957  0  0  0  0
113  0.291887  0.817602  -1.39809  1.96044  1.06537  0  0  0  0
223  0.0163716  0.232171  0.178648  0.832994  0.779611  0  0  0  0
223  0.10519  0.729533  0.149375  1.08415  0.780889  0  0  0  0
-211  -0.22076  -0.0527292  0.0624598  0.273672  0.13957  0  0  0  0
221  0.270921  -0.173888  1.34158  1.48446  0.54785  0  0  0  0
213  0.0973871  0.375893  1.18514  1.4634  0.765639  0  0  0  0
-213  -0.183388  -0.173816  2.0745  2.21314  0.728403  0  0  0  0
211  0.454632  0.0248785  7.35022  7.36564  0.13957  0  0  0  0
113  0.699206  -0.306466  22.3401  22.3685  0.827992  0  0  0  0
311  -0.130362  -0.210293  10.093  10.1083  0.49761  0  0  0  0
-321  2.72401  -0.346854  66.4016  66.4601  0.49368  0  0  0  0
213  -0.594746  0.0234804  2.40776  2.61889  0.840833  0  0  0  0
221  -1.50323  0.805142  4.07175  4.44828  0.54785  0  0  0  0
311  -1.25318  0.0508503  4.0782  4.29562  0.49761  0  0  0  0
-311  -4.39782  1.78856  7.58063  8.95842  0.49761  0  0  0  0
-211  -5.83166  1.24607  10.926  12.4482  0.13957  0  0  0  0
2212  -7.65244  2.81566  15.7442  17.7552  0.93827  0  0  0  0
211  -7.48905  2.26287  13.6453  15.7296  0.13957  0  0  0  0
-2212  -2.7295  0.787488  6.14682  6.83623  0.93827  0  0  0  0
-211  -2.26706  0.507488  3.45367  4.16466  0.13957  0  0  0  0
111  -2.99134  1.58343  6.89614  7.68312  0.13498  0  0  0  0
211  -2.01308  0.267278  4.19009  4.65835  0.13957  0  0  0  0
-213  -1.70902  0.935558  2.6869  3.43916  0.901304  0  0  0  0
111  -0.34122  0.311858  2.43387  2.48106  0.13498  0  0  0  0
223  -0.398652  0.685986  2.2113  2.47394  0.775244  0  0  0  0
111  0.00440743  0.230661  1.75588  1.77611  0.13498  0  0  0  0
211  -0.454446  0.0649611  0.444724  0.654218  0.13957  0  0  0  0
311  0.417155  -0.0970457  2.70289  2.78149  0.49761  0  0  0  0
-321  -0.000577256  0.307349  2.1732  2.24966  0.49368  0  0  0  0
321  0.643888  -1.5951  2.02557  2.70289  0.49368  0  0  0  0
-311  0.346755  -0.318983  1.84822  1.97118  0.49761  0  0  0  0
111  0.2247  -0.750438  0.530056  0.95542  0.13498  0  0  0  0
-211  0.292506  -0.719464  0.209891  0.816531  0.13957  0  0  0  0
211  1.41045  0.0647766  1.01969  1.74723  0.13957  0  0  0  0
-211  -0.308809  0.00450367  0.833981  0.900215  0.13957  0  0  0  0
111  1.1439  -0.362761  1.25555  1.74205  0.13498  0  0  0  0
213  0.828878  0.00300575  0.448858  1.21657  0.769103  0  0  0  0
-211  0.162279  0.486468  0.228678  0.578583  0.13957  0  0  0  0
321  2.07079  1.19355  3.27645  4.08554  0.49368  0  0  0  0
-311  1.22169  0.557769  1.70123  2.22383  0.49761  0  0  0  0
223  0.98691  0.698325  1.29011  1.93441  0.784802  0  0  0  0
311  0.261457  -0.0928837  0.186989  0.59964  0.49761  0  0  0  0
-323  0.945653  0.82931  2.05653  2.56482  0.875771  0  0  0  0
2212  0.0452095  -0.0438613  0.611203  1.12156  0.93827  0  0  0  0
-3122  -0.772477  -1.15242  -0.672971  1.90327  1.11568  0  0  0  0
-313  -0.919651  -0.339904  -0.381652  1.38587  0.902041  0  0  0  0
223  -1.00038  -0.653457  -1.2084  1.87158  0.784101  0  0  0  0
-213  -0.908988  -0.424478  -1.45575  1.95505  0.834615  0  0  0  0
211  -0.251477  -0.800522  -1.37309  1.61522  0.13957  0  0  0  0
-211  -0.257744  -0.530308  -0.69816  0.924428  0.13957  0  0  0  0
321  -0.74084  -0.467973  -1.08868  1.48215  0.49368  0  0  0  0
-311  -1.43027  -0.948531  -1.70744  2.47151  0.49761  0  0  0  0
2112  -0.220582  -0.412177  -3.79993  3.94219  0.93957  0  0  0  0
-3122  -1.24934  -0.868121  -4.65306  5.02097  1.11568  0  0  0  0
-311  -1.13386  -1.18396  -5.14334  5.42115  0.49761  0  0  0  0
221  -1.69105  -1.76789  -8.14219  8.51942  0.54785  0  0  0  0
-211  -1.16678  -1.64443  -8.5813  8.8161  0.13957  0  0  0  0
213  0.539016  0.0404947  -4.14203  4.29347  0.992643  0  0  0  0
-211  -0.101147  -0.0151532  -0.273848  0.323934  0.13957  0  0  0  0
331  0.592143  -0.329947  -4.02778  4.19516  0.957497  0  0  0  0
213  0.991338  0.354957  -8.56696  8.6965  1.06185  0  0  0  0
-211  0.0353026  -0.00201132  -0.894633  0.906145  0.13957  0  0  0  0
321  3.02813  -0.336038  -8.90836  9.42789  0.49368  0  0  0  0
333  2.53243  -0.972439  -11.1836  11.5529  1.01916  0  0  0  0
3122  3.57904  -0.78234  -12.0754  12.6681  1.11568  0  0  0  0
223  2.18301  -1.30102  -9.0933  9.4754  0.798038  0  0  0  0
-2212  2.53345  -0.823582  -8.60195  9.05376  0.93827  0  0  0  0
223  1.8568  -5.13878  -21.7068  22.3977  0.783601  0  0  0  0
213  1.46314  -0.626788  -6.18506  6.44942  0.897995  0  0  0  0
-213  1.10913  -2.70843  -11.0764  11.4953  0.943488  0  0  0  0
211  0.268804  -0.496394  -6.06311  6.09093  0.13957  0  0  0  0
111  0.287028  -0.936449  -2.4846  2.6741  0.13498  0  0  0  0
113  0.199273  -1.05527  -11.6006  11.6824  0.866726  0  0  0  0
113  -0.161884  -0.72927  -8.98979  9.05837  0.824393  0  0  0  0
313  0.182176  0.05175  -10.1389  10.1842  0.940731  0  0  0  0
-323  0.213133  -0.469382  -49.4393  49.4501  0.892255  0  0  0  0
211  -0.687692  0.24722  -135.706  135.708  0.13957  0  0  0  0
-211  0.633261  -0.354362  -41.022  41.0286  0.13957  0  0  0  0
223  -0.711327  0.460142  -66.1103  66.1203  0.781579  0  0  0  0
113  -0.304403  -0.544933  -237.753  237.755  0.955482  0  0  0  0
211  1.87538  0.22019  -29.4906  29.5513  0.13957  0  0  0  0
111  2.56328  0.351375  -56.9647  57.0236  0.13498  0  0  0  0
-211  0.866439  0.755161  -27.4263  27.4508  0.13957  0  0  0  0
111  1.30159  0.877064  -21.4443  21.5021  0.13498  0  0  0  0
211  -0.0256259  -0.0032427  -6.19029  6.19192  0.13957  0  0  0  0
-211  0.426362  -0.156311  -2.51697  2.56141  0.13957  0  0  0  0
211  -0.0238505  0.50033  -6.28497  6.30644  0.13957  0  0  0  0
111  -0.342242  0.219904  -1.75493  1.80652  0.13498  0  0  0  0
321  0.11871  -0.000579192  -0.144344  0.527871  0.49368  0  0  0  0
-211  0.615569  -0.0916153  -0.139864  0.652962  0.13957  0  0  0  0
211  1.8463  1.05407  -0.588878  2.21046  0.13957  0  0  0  0
111  0.0651033  0.152907  -0.368618  0.426284  0.13498  0  0  0  0
311  0.992793  0.121284  3.01732  3.21748  0.49761  0  0  0  0
211  1.81295  0.864723  7.0351  7.31756  0.13957  0  0  0  0
-211  2.89624  0.243449  9.87575  10.2955  0.13957  0  0  0  0
111  0.252246  -0.149054  1.13129  1.17638  0.13498  0  0  0  0
311  0.0739791  0.406743  6.11962  6.15372  0.49761  0  0  0  0
211  -0.25771  -0.0906828  0.872057  0.924446  0.13957  0  0  0  0
211  -1.22459  -0.0598786  10.3938  10.4667  0.13957  0  0  0  0
-211  -1.33467  0.414781  7.36762  7.50032  0.13957  0  0  0  0
-321  0.408944  -1.60353  2.18571  2.7856  0.49368  0  0  0  0
211  -0.159521  -0.933255  0.808696  1.25295  0.13957  0  0  0  0
211  0.19944  -0.22327  -0.21449  0.393842  0.13957  0  0  0  0
111  0.147248  0.327777  -0.268359  0.468355  0.13498  0  0  0  0
211  -0.210606  0.512432  -161.767  161.768  0.13957  0  0  0  0
111  0.418968  -0.498123  -52.9238  52.928  0.13498  0  0  0  0
211  -0.0809119  0.629568  -12.8953  12.9117  0.13957  0  0  0  0
111  -0.223236  -0.251123  -4.5547  4.56907  0.13498  0  0  0  0
321  -0.0768868  0.327549  -3.83073  3.87703  0.49368  0  0  0  0
-211  0.0927499  -0.0147712  -4.28792  4.29122  0.13957  0  0  0  0
211  0.189255  -0.394997  -12.9287  12.9369  0.13957  0  0  0  0
-211  0.127585  0.219516  -36.9087  36.9099  0.13957  0  0  0  0
211  0.544922  -0.394062  -158.655  158.656  0.13957  0  0  0  0
111  -0.237595  -0.293178  -89.1375  89.1384  0.13498  0  0  0  0
211  -0.423248  0.00898349  -1.51169  1.57604  0.13957  0  0  0  0
-211  0.0828807  0.482693  -1.15445  1.26178  0.13957  0  0  0  0
211  0.542326  -0.231133  -1.18279  1.32891  0.13957  0  0  0  0
-211  0.281132  0.632353  -0.245722  0.747505  0.13957  0  0  0  0
211  0.110024  0.423679  3.62339  3.65241  0.13957  0  0  0  0
111  0.039565  -0.281734  4.86898  4.87915  0.13498  0  0  0  0
-211  0.17512  0.382267  228.868  228.869  0.13957  0  0  0  0
111  -0.0819102  -0.164243  43.3464  43.347  0.13498  0  0  0  0
211  0.124936  0.2098  86.5974  86.5978  0.13957  0  0  0  0
111  -0.000147559  -0.423381  45.3573  45.3594  0.13498  0  0  0  0
211  0.304881  -0.316623  -28.2454  28.2492  0.13957  0  0  0  0
111  -0.173296  0.13968  -8.519  8.52298  0.13498  0  0  0  0
-311  0.806105  0.448892  -2.81486  3.00373  0.49761  0  0  0  0
-211  0.00110517  0.385451  -1.02788  1.10661  0.13957  0  0  0  0
211  0.423304  -0.0180419  -0.204191  0.490597  0.13957  0  0  0  0
-211  -0.131417  0.835644  -1.1939  1.46984  0.13957  0  0  0  0
211  -0.206981  0.345648  0.31169  0.528152  0.13957  0  0  0  0
111  0.304368  0.0302458  0.873454  0.935252  0.13498  0  0  0  0
-211  0.0501543  0.178373  1.30041  1.32094  0.13957  0  0  0  0
111  -0.233543  -0.352189  0.774094  0.8922  0.13498  0  0  0  0
211  0.305759  -0.101033  18.0145  18.0179  0.13957  0  0  0  0
-211  0.393447  -0.205433  4.3256  4.35055  0.13957  0  0  0  0
211  -0.183986  -0.292563  0.426003  0.566041  0.13957  0  0  0  0
111  -0.41076  0.316044  1.98175  2.05284  0.13498  0  0  0  0
-211  -1.42848  0.936447  1.73939  2.44182  0.13957  0  0  0  0
111  -0.28054  -0.000889566  0.947505  0.997341  0.13498  0  0  0  0
211  0.333441  -0.0632636  0.576432  0.683329  0.13957  0  0  0  0
111  0.495437  0.0662693  -0.127574  0.53324  0.13498  0  0  0  0
-321  0.956636  0.60717  1.88197  2.25152  0.49368  0  0  0  0
111  -0.0109828  0.22214  0.174558  0.3133  0.13498  0  0  0  0
-321  -0.327891  -0.00643362  -0.357185  0.691994  0.49368  0  0  0  0
211  -0.591759  -0.333471  -0.0244671  0.693874  0.13957  0  0  0  0
-211  -0.897398  -0.513029  -1.45859  1.79318  0.13957  0  0  0  0
111  -0.0115909  0.0885512  0.00284142  0.161874  0.13498  0  0  0  0
211  0.189759  0.186883  -3.63019  3.64262  0.13957  0  0  0  0
111  0.349256  -0.146388  -0.511835  0.650849  0.13498  0  0  0  0
211  0.214228  -0.349011  -2.1607  2.20359  0.13957  0  0  0  0
111  0.77711  0.703969  -6.40626  6.49291  0.13498  0  0  0  0
211  0.552414  0.109725  -2.94238  2.99905  0.13957  0  0  0  0
111  0.91073  -0.736513  -3.24267  3.45037  0.13498  0  0  0  0
-211  1.20382  -2.12557  -9.38605  9.69973  0.13957  0  0  0  0
111  -0.0946883  -0.582861  -1.69035  1.7956  0.13498  0  0  0  0
211  0.14736  -0.366778  -1.50603  1.56328  0.13957  0  0  0  0
-211  0.0519138  -0.688488  -10.0946  10.1191  0.13957  0  0  0  0
211  0.0240393  0.0471182  -4.03272  4.03548  0.13957  0  0  0  0
-211  -0.185923  -0.776389  -4.95707  5.02289  0.13957  0  0  0  0
311  0.122688  0.351072  -7.06058  7.08785  0.49761  0  0  0  0
111  0.0594877  -0.299322  -3.07836  3.09639  0.13498  0  0  0  0
-311  0.0676617  -0.0937041  -36.8072  36.8107  0.49761  0  0  0  0
-211  0.145471  -0.375678  -12.6322  12.6393  0.13957  0  0  0  0
211  0.163126  -0.17007  -162.284  162.284  0.13957  0  0  0  0
-211  -0.467529  -0.374863  -75.4688  75.4714  0.13957  0  0  0  0
211  -0.180667  -0.00276003  16.2923  16.2939  0.13957  0  0  0  0
-211  -0.36955  -0.0224598  20.1711  20.1749  0.13957  0  0  0  0
111  -0.471078  0.147801  10.6025  10.6148  0.13498  0  0  0  0
211  0.667284  0.357624  2.81254  2.916  0.13957  0  0  0  0
-211  0.72058  0.424924  1.68147  1.88325  0.13957  0  0  0  0
111  0.38406  0.469648  1.86935  1.96996  0.13498  0  0  0  0
111  -0.187542  -0.257585  14.3624  14.3666  0.13498  0  0  0  0
111  -0.200165  -0.015475  15.5652  15.5671  0.13498  0  0  0  0
111  -0.00554864  -0.0961104  9.51431  9.51575  0.13498  0  0  0  0
211  -0.0586857  -0.214198  -9.09325  9.09703  0.13957  0  0  0  0
-211  -0.0235069  0.162537  -1.99592  2.00752  0.13957  0  0  0  0
111  0.141283  -0.0818319  -3.22135  3.22831  0.13498  0  0  0  0
211  0.154239  0.146843  -2.66785  2.67998  0.13957  0  0  0  0
-211  0.0371321  0.393003  -2.62253  2.65574  0.13957  0  0  0  0
111  -0.140832  0.26367  -0.954795  1.00956  0.13498  0  0  0  0
111  0.0336984  0.14665  -1.51661  1.53003  0.13498  0  0  0  0
111  -0.154662  0.0203777  -2.97161  2.97876  0.13498  0  0  0  0
111  -0.126594  0.170928  -1.92546  1.94187  0.13498  0  0  0  0
211  -0.0146787  -0.145768  -0.169993  0.264275  0.13957  0  0  0  0
-211  0.0971019  0.0939526  -1.50539  1.51787  0.13957  0  0  0  0
111  -0.09109  0.0575696  -0.378293  0.415857  0.13498  0  0  0  0
211  -0.308965  -0.0143385  0.574298  0.667056  0.13957  0  0  0  0
-211  -0.018453  -0.106772  0.215391  0.278593  0.13957  0  0  0  0
111  -0.0578915  -0.050725  0.11641  0.194153  0.13498  0  0  0  0
211  -0.029439  0.156534  184.761  184.761  0.13957  0  0  0  0
-211  0.190182  0.0773514  148.786  148.786  0.13957  0  0  0  0
111  -0.24267  0.0457117  568.035  568.035  0.13498  0  0  0  0
211  0.0743277  -0.221862  0.0469727  0.276466  0.13957  0  0  0  0
-211  -0.0103895  0.254632  0.107851  0.309931  0.13957  0  0  0  0
111  -0.0475665  0.1994  0.0238241  0.246597  0.13498  0  0  0  0
211  -0.0896031  0.0272651  -0.0807685  0.186482  0.13957  0  0  0  0
-211  0.0356462  0.135771  0.21713  0.293819  0.13957  0  0  0  0
111  0.159147  0.566497  0.0130131  0.60385  0.13498  0  0  0  0
111  -0.0234908  0.050989  0.220474  0.264537  0.13498  0  0  0  0
111  0.226336  -0.119884  0.577677  0.646166  0.13498  0  0  0  0
111  0.0680758  -0.104993  0.543435  0.573758  0.13498  0  0  0  0
111  -0.384975  0.245297  1.05326  1.15584  0.13498  0  0  0  0
111  -0.190122  0.190533  0.831636  0.88447  0.13498  0  0  0  0
111  -0.928135  0.369312  2.18685  2.40798  0.13498  0  0  0  0
211  0.0205309  -0.0445627  0.301646  0.335973  0.13957  0  0  0  0
-211  -0.168693  0.141324  0.881852  0.91955  0.13957  0  0  0  0
111  -0.25049  0.589224  1.0278  1.21841  0.13498  0  0  0  0
211  0.488434  0.224514  0.654482  0.858371  0.13957  0  0  0  0
-211  0.449253  0.478391  0.351083  0.757248  0.13957  0  0  0  0
111  0.0492238  -0.00457948  0.28454  0.31879  0.13498  0  0  0  0
-2212  -0.549432  -0.933408  -0.485799  1.5131  0.93827  0  0  0  0
211  -0.223045  -0.21901  -0.187172  0.390164  0.13957  0  0  0  0
211  -0.547039  -0.471804  -0.438901  0.856718  0.13957  0  0  0  0
-211  -0.249695  -0.153624  -0.679319  0.752929  0.13957  0  0  0  0
111  -0.20365  -0.028029  -0.0901836  0.261939  0.13498  0  0  0  0
-2112  -1.16677  -0.819902  -4.38719  4.70785  0.93957  0  0  0  0
111  -0.0825655  -0.0482189  -0.265863  0.313121  0.13498  0  0  0  0
113  0.614372  -0.342789  -3.42323  3.59006  0.821619  0  0  0  0
130  1.01613  -0.400669  -4.40738  4.5679  0.49761  0  0  0  0
310  1.5163  -0.57177  -6.77618  6.98501  0.49761  0  0  0  0
2212  3.3349  -0.765318  -11.1747  11.7244  0.93827  0  0  0  0
-211  0.24414  -0.0170214  -0.900695  0.943729  0.13957  0  0  0  0
211  0.656461  -0.32041  -3.02208  3.11224  0.13957  0  0  0  0
-211  0.805931  -0.217127  -2.62424  2.75732  0.13957  0  0  0  0
111  0.720614  -0.76348  -3.44698  3.60584  0.13498  0  0  0  0
211  0.271686  -1.1762  -4.08345  4.26043  0.13957  0  0  0  0
-211  0.86509  -1.78467  -8.01666  8.25952  0.13957  0  0  0  0
111  0.720027  -2.17791  -9.60673  9.87771  0.13498  0  0  0  0
211  -0.400246  0.321457  -30.0875  30.0922  0.13957  0  0  0  0
-211  -0.108935  0.0408319  -3.85691  3.86119  0.13957  0  0  0  0
111  -0.202145  0.0978529  -32.1659  32.167  0.13498  0  0  0  0
211  0.319514  0.00606583  -0.405753  0.535016  0.13957  0  0  0  0
-211  0.294858  -0.348854  -3.01748  3.05504  0.13957  0  0  0  0
111  0.961967  -0.489949  -3.75936  3.91362  0.13498  0  0  0  0
111  0.554331  -0.0818211  -3.01682  3.07139  0.13498  0  0  0  0
16  317
2212  0  0  2510  2510  0.93827  0  0  0  0
2212  0  0  -2510  2510  0.93827  0  0  0  0
213  -0.980446  1.11587  7.74987  7.92757  0.761208  0  0  0  0
513  -8.60016  3.76227  56.2464  57.2724  5.3252  0  0  0  0
3212  -0.31879  0.731442  16.7624  16.8238  1.19264  0  0  0  0
-3222  0.950307  2.4028  31.141  31.2706  1.18937  0  0  0  0
211  0.0786129  0.0758153  0.921032  0.937928  0.13957  0  0  0  0
3122  -1.43401  1.33755  -6.26867  6.66231  1.11568  0  0  0  0
-2212  -1.64738  0.286615  -3.85908  4.30916  0.93827  0  0  0  0
223  -0.226283  0.196553  -2.6188  2.74933  0.7816  0  0  0  0
211  0.073707  0.520508  -10.7648  10.7785  0.13957  0  0  0  0
313  -1.04232  -0.112143  -29.9704  30.0043  0.966911  0  0  0  0
-323  0.563371  -0.223249  -45.3056  45.3173  0.834167  0  0  0  0
111  -0.0822897  0.0911429  -23.0481  23.0489  0.13498  0  0  0  0
111  0.0224167  -0.106394  -232.482  232.482  0.13498  0  0  0  0
2212  -0.749057  0.215556  -453.447  453.449  0.93827  0  0  0  0
223  -0.431783  0.559054  -9.20265  9.26305  0.785093  0  0  0  0
211  -0.364653  0.685773  -3.29212  3.38538  0.13957  0  0  0  0
-213  -0.362149  1.47448  -12.4835  12.5978  0.74987  0  0  0  0
111  -0.414237  -0.135145  -4.0276  4.05335  0.13498  0  0  0  0
213  -0.450027  0.536019  -5.79037  5.87163  0.676638  0  0  0  0
111  -0.609313  0.576306  -3.37169  3.47705  0.13498  0  0  0  0
-213  0.417892  -0.199666  -1.31504  1.56974  0.721287  0  0  0  0
213  -0.764424  1.01324  1.73831  2.28314  0.761596  0  0  0  0
111  -0.363003  2.6905  8.54587  8.96776  0.13498  0  0  0  0
-211  0.85043  -0.0775441  72.5202  72.5254  0.13957  0  0  0  0
211  -0.0893819  0.913897  24.3124  24.3301  0.13957  0  0  0  0
111  -0.0516624  0.258246  4.21018  4.22056  0.13498  0  0  0  0
-213  -0.367292  -0.0557779  33.4771  33.4999  1.17977  0  0  0  0
111  0.288026  -0.46553  7.29432  7.31608  0.13498  0  0  0  0
213  -0.102204  0.222763  22.2052  22.2377  1.17605  0  0  0  0
113  -1.92436  0.223234  20.7976  20.9008  0.740678  0  0  0  0
311  -0.925952  -0.221878  2.2974  2.53619  0.49761  0  0  0  0
-311  -0.533287  -0.137549  4.5576  4.61765  0.49761  0  0  0  0
111  -0.624796  0.0337031  2.3915  2.47568  0.13498  0  0  0  0
-211  -0.282404  -0.528255  4.03258  4.07921  0.13957  0  0  0  0
211  -1.14526  -0.0218294  2.71137  2.94671  0.13957  0  0  0  0
-211  -1.6263  -0.956628  9.62277  9.807  0.13957  0  0  0  0
113  -4.31789  -1.63672  20.786  21.3188  1.05266  0  0  0  0
211  -0.0371034  0.00062869  0.843895  0.856163  0.13957  0  0  0  0
-213  -6.76718  -2.57925  34.7638  35.5183  0.763257  0  0  0  0
2224  -5.85534  -3.36352  33.4714  34.1701  1.29199  0  0  0  0
-211  -7.06047  -2.55816  40.4758  41.1668  0.13957  0  0  0  0
-2112  -6.42362  -2.36869  31.1955  31.9518  0.93957  0  0  0  0
221  -3.12949  -1.31226  21.1824  21.4595  0.54785  0  0  0  0
111  -0.580081  -0.0587062  0.83833  1.03003  0.13498  0  0  0  0
111  -0.0341881  -0.285184  0.955624  1.00694  0.13498  0  0  0  0
-211  0.0393881  0.169054  0.662995  0.699409  0.13957  0  0  0  0
211  0.0602766  -0.149456  0.961896  0.985238  0.13957  0  0  0  0
223  -0.679047  0.372877  -0.147549  1.1096  0.78058  0  0  0  0
221  -0.622012  0.470825  0.872575  1.29232  0.54785  0  0  0  0
-211  0.00623764  -0.0775597  0.0721108  0.175312  0.13957  0  0  0  0
213  0.159723  0.698969  0.873267  1.41638  0.854082  0  0  0  0
111  -0.403862  0.325408  24.6185  24.6243  0.13498  0  0  0  0
-213  0.197827  -0.44129  13.1362  13.1721  0.843055  0  0  0  0
213  -0.279726  0.532239  27.1886  27.2048  0.723451  0  0  0  0
111  0.0466884  -0.172813  1.81461  1.82841  0.13498  0  0  0  0
113  0.0500284  -0.302484  4.44574  4.55014  0.919356  0  0  0  0
221  -0.523544  -0.0761756  1.38541  1.58095  0.54785  0  0  0  0
223  -0.0597245  0.149718  1.14887  1.3992  0.782229  0  0  0  0
211  -0.0373862  0.00834949  0.119803  0.187883  0.13957  0  0  0  0
-211  -0.584575  -0.232245  2.39942  2.48443  0.13957  0  0  0  0
321  -0.528974  0.420352  1.0484  1.34141  0.49368  0  0  0  0
-311  -0.831575  -0.948867  0.957593  1.66026  0.49761  0  0  0  0
-213  0.158704  -0.465124  1.96755  2.10254  0.554896  0  0  0  0
211  -1.66913  -0.564424  2.21011  2.82996  0.13957  0  0  0  0
111  1.60652  0.994655  3.39395  3.88682  0.13498  0  0  0  0
-211  0.240161  -0.235694  0.726382  0.812613  0.13957  0  0  0  0
111  -0.00711528  0.393787  1.3976  1.4583  0.13498  0  0  0  0
223  2.309  1.57038  5.26386  6.0166  0.832857  0  0  0  0
111  -0.182798  0.0275829  1.66267  1.67835  0.13498  0  0  0  0
223  0.22747  0.567985  14.6969  14.7306  0.785229  0  0  0  0
211  -0.76091  -0.568616  9.75962  9.80673  0.13957  0  0  0  0
221  -1.35087  -0.880758  32.8434  32.8875  0.54785  0  0  0  0
223  0.165606  -0.851305  29.6087  29.6318  0.784174  0  0  0  0
-211  -0.61968  -0.41163  30.882  30.8912  0.13957  0  0  0  0
111  0.075671  -0.630184  10.9281  10.9473  0.13498  0  0  0  0
211  -0.989024  -0.630787  47.457  47.4717  0.13957  0  0  0  0
223  -0.288539  -0.460211  80.2689  80.2746  0.786486  0  0  0  0
-211  0.819279  -0.998242  261.835  261.838  0.13957  0  0  0  0
211  -0.260832  -0.352966  61.7129  61.7146  0.13957  0  0  0  0
-213  0.475488  -0.257832  343.692  343.693  0.765957  0  0  0  0
223  0.632887  -0.0593599  171.72  171.723  0.780469  0  0  0  0
211  1.02895  -0.371056  151.391  151.395  0.13957  0  0  0  0
-213  0.245759  0.351788  105.047  105.05  0.756149  0  0  0  0
-211  -0.0745281  -0.345166  -1.90083  1.93838  0.13957  0  0  0  0
223  -0.775077  -0.164426  -1.18066  1.62638  0.789528  0  0  0  0
211  0.224964  0.153362  -0.323677  0.445393  0.13957  0  0  0  0
-213  -0.265552  0.0357426  0.245206  0.624189  0.507633  0  0  0  0
223  0.187652  -0.366139  0.379508  0.945996  0.762634  0  0  0  0
3122  0.946623  0.332733  0.794097  1.69769  1.11568  0  0  0  0
-3122  2.86291  1.0803  4.54646  5.59271  1.11568  0  0  0  0
223  1.5061  0.251882  2.1358  2.73986  0.783193  0  0  0  0
321  0.708949  -0.312701  2.0121  2.21193  0.49368  0  0  0  0
-321  4.53532  0.960886  6.73259  8.18926  0.49368  0  0  0  0
113  4.71761  1.1511  6.21825  7.93072  0.805493  0  0  0  0
321  3.39759  0.459  6.06345  6.98308  0.49368  0  0  0  0
-323  3.14466  1.76062  3.26642  4.94744  0.905008  0  0  0  0
223  5.35598  1.99709  3.58022  6.78863  0.769844  0  0  0  0
213  3.16486  0.841757  1.97078  4.06687  1.38946  0  0  0  0
-213  2.85278  1.50057  0.857108  3.42497  0.778304  0  0  0  0
213  2.78554  0.858408  1.5561  3.38457  0.73333  0  0  0  0
2114  4.4152  1.5809  1.22461  4.99198  1.19457  0  0  0  0
213  0.842274  0.428825  0.738882  1.48224  0.870505  0  0  0  0
-2224  0.620325  0.412351  1.35212  2.28371  1.68293  0  0  0  0
211  0.325067  0.0408127  0.532903  0.640936  0.13957  0  0  0  0
-211  -0.0113322  -0.0549192  0.12293  0.194258  0.13957  0  0  0  0
223  0.0490475  0.0748665  1.1718  1.41277  0.784093  0  0  0  0
211  0.101299  0.453656  5.76911  5.78949  0.13957  0  0  0  0
111  0.14088  0.0885824  2.16677  2.17734  0.13498  0  0  0  0
313  -0.515036  -0.0756953  14.1673  14.2061  0.910461  0  0  0  0
-321  -0.160788  0.0191329  15.4333  15.442  0.49368  0  0  0  0
211  0.0728921  -0.152599  32.6115  32.6122  0.13957  0  0  0  0
-211  0.375621  0.549491  25.0876  25.0968  0.13957  0  0  0  0
111  -0.352547  -0.106306  23.6163  23.6195  0.13498  0  0  0  0
111  0.0585302  -0.0177571  4.64797  4.65033  0.13498  0  0  0  0
211  0.000786787  -0.129879  43.0467  43.0471  0.13957  0  0  0  0
-211  -0.435323  0.179278  58.0292  58.0312  0.13957  0  0  0  0
2212  -0.21434  0.664974  216.976  216.98  0.93827  0  0  0  0
-513  7.53558  -0.187758  18.3497  20.54  5.3252  0  0  0  0
111  0.393688  -0.101325  1.08415  1.1657  0.13498  0  0  0  0
111  0.215595  -0.34048  0.365286  0.560412  0.13498  0  0  0  0
-211  0.859172  -0.61232  0.426449  1.14649  0.13957  0  0  0  0
213  2.52695  -2.85935  5.12654  6.43794  0.777384  0  0  0  0
-211  1.72339  -3.15057  1.00335  3.73127  0.13957  0  0  0  0
2214  1.16902  -1.30745  0.743151  2.21587  1.13215  0  0  0  0
113  0.0607294  -0.320502  0.306948  1.01333  0.908961  0  0  0  0
-2212  0.374415  -0.120083  -0.108315  1.02308  0.93827  0  0  0  0
211  0.963044  -0.461663  -0.576597  1.22169  0.13957  0  0  0  0
-213  -0.264569  -0.597356  -0.360658  1.17608  0.908983  0  0  0  0
213  1.20757  0.212646  -3.30765  3.62924  0.852874  0  0  0  0
-213  2.02602  0.740928  -10.9739  11.2134  0.812757  0  0  0  0
211  -0.123995  -0.161676  -1.06812  1.0963  0.13957  0  0  0  0
-211  1.67366  -0.813325  -14.4803  14.6  0.13957  0  0  0  0
113  1.16532  -0.554821  -16.0119  16.0915  0.94331  0  0  0  0
223  0.758195  0.691748  -20.9171  20.957  0.786198  0  0  0  0
211  2.49686  -2.2142  -42.4055  42.5368  0.13957  0  0  0  0
-211  0.351687  -0.668384  -25.7129  25.7244  0.13957  0  0  0  0
321  0.885767  0.400886  -45.0734  45.0866  0.49368  0  0  0  0
-323  -0.0633422  -0.498746  -114.748  114.753  0.894985  0  0  0  0
211  0.265192  0.442565  -25.354  25.3596  0.13957  0  0  0  0
-211  -0.288379  -0.251913  -37.9387  37.9408  0.13957  0  0  0  0
223  -0.085214  -0.914621  -347.868  347.871  0.833864  0  0  0  0
211  -0.667247  0.417812  -84.085  84.0888  0.13957  0  0  0  0
-213  -1.39136  -1.70223  -263.655  263.666  0.891944  0  0  0  0
113  -0.427429  -0.424157  -183.455  183.459  0.965261  0  0  0  0
211  -1.08555  -1.72966  -210.522  210.532  0.13957  0  0  0  0
-211  -0.283713  -0.690592  -62.5143  62.5189  0.13957  0  0  0  0
213  -1.08199  0.0390728  -40.3993  40.4266  1.01829  0  0  0  0
111  -0.0667789  -0.0826038  -4.06616  4.06979  0.13498  0  0  0  0
-211  0.117181  0.0156854  -19.4771  19.4779  0.13957  0  0  0  0
2112  -0.746541  0.422127  -25.2805  25.3125  0.93957  0  0  0  0
113  -0.700597  0.263818  -4.69748  4.79507  0.604902  0  0  0  0
-2114  -0.307357  1.42357  -16.1484  16.2614  1.24238  0  0  0  0
111  -0.150004  -0.263749  -2.44762  2.47004  0.13498  0  0  0  0
211  0.0744969  1.58458  -5.61228  5.83383  0.13957  0  0  0  0
311  -0.0908975  0.788573  -2.61081  2.77381  0.49761  0  0  0  0
211  -0.900284  0.992526  5.26317  5.43287  0.13957  0  0  0  0
111  -0.0801617  0.123345  2.4867  2.4947  0.13498  0  0  0  0
321  -0.173856  -0.0177752  -8.95381  8.96911  0.49368  0  0  0  0
-211  -0.868463  -0.0943675  -21.0166  21.0352  0.13957  0  0  0  0
-311  0.174235  0.0225841  -18.9695  18.9768  0.49761  0  0  0  0
-211  0.389136  -0.245833  -26.3361  26.3405  0.13957  0  0  0  0
-211  -0.0385637  0.70917  -8.2342  8.26595  0.13957  0  0  0  0
111  -0.323585  0.765312  -4.24928  4.33186  0.13498  0  0  0  0
211  0.122755  0.264307  -1.74484  1.7745  0.13957  0  0  0  0
111  -0.572782  0.271712  -4.04553  4.09713  0.13498  0  0  0  0
-211  -0.120633  -0.00461804  -0.0789226  0.200704  0.13957  0  0  0  0
111  0.538525  -0.195048  -1.23612  1.36904  0.13498  0  0  0  0
211  -0.231424  0.244485  1.05694  1.118  0.13957  0  0  0  0
111  -0.533  0.768754  0.681374  1.16514  0.13498  0  0  0  0
-211  -0.444187  0.46742  14.51  14.525  0.13957  0  0  0  0
111  0.076895  -0.523198  18.9671  18.9749  0.13498  0  0  0  0
211  0.132081  0.149624  0.953011  0.983638  0.13957  0  0  0  0
111  -0.234286  0.073139  21.2522  21.254  0.13498  0  0  0  0
211  -0.330942  0.293652  5.53679  5.55619  0.13957  0  0  0  0
-211  -1.59342  -0.0704182  15.2609  15.3446  0.13957  0  0  0  0
211  -1.56139  -0.536422  9.74922  9.889  0.13957  0  0  0  0
-211  -2.7565  -1.10029  11.0368  11.4298  0.13957  0  0  0  0
-211  -3.4349  -1.09601  18.722  19.0666  0.13957  0  0  0  0
111  -3.33228  -1.48325  16.0418  16.4518  0.13498  0  0  0  0
2212  -4.9065  -3.08759  28.1534  28.7594  0.93827  0  0  0  0
211  -0.948836  -0.275931  5.31795  5.41078  0.13957  0  0  0  0
211  0.339556  0.592035  0.241468  0.737286  0.13957  0  0  0  0
111  -0.179832  0.106934  0.631799  0.67909  0.13498  0  0  0  0
-211  0.186012  -0.611937  6.62593  6.65819  0.13957  0  0  0  0
111  0.0118155  0.170647  6.51027  6.51392  0.13498  0  0  0  0
211  -0.436971  0.530639  23.4873  23.4977  0.13957  0  0  0  0
111  0.157244  0.00159998  3.7013  3.7071  0.13498  0  0  0  0
211  0.0425896  -0.157438  4.29042  4.29579  0.13957  0  0  0  0
-211  0.00743881  -0.145046  0.155319  0.254357  0.13957  0  0  0  0
-211  -0.0735716  -0.0361247  0.975352  0.988691  0.13957  0  0  0  0
111  0.232275  -0.428999  0.992198  1.11385  0.13498  0  0  0  0
-211  0.419334  -0.485533  218.368  218.369  0.13957  0  0  0  0
111  0.0561549  0.227701  125.324  125.324  0.13498  0  0  0  0
-211  0.120589  -0.0666426  7.61346  7.61599  0.13957  0  0  0  0
111  0.12517  0.418431  97.4333  97.4344  0.13498  0  0  0  0
-211  0.0907866  0.0404413  0.000557475  0.171341  0.13957  0  0  0  0
111  -0.356338  -0.00469876  0.244648  0.452848  0.13498  0  0  0  0
211  2.90356  0.897019  4.37149  5.32585  0.13957  0  0  0  0
-211  1.81405  0.254079  1.84676  2.60486  0.13957  0  0  0  0
-311  1.15213  0.779065  1.10162  1.84269  0.49761  0  0  0  0
-211  1.99253  0.981557  2.1648  3.10475  0.13957  0  0  0  0
211  2.40561  0.337536  0.767508  2.55136  0.13957  0  0  0  0
111  0.759247  0.50422  1.20327  1.51551  0.13498  0  0  0  0
-211  2.12357  0.874895  0.855019  2.4547  0.13957  0  0  0  0
111  0.729202  0.625679  0.00208884  0.970275  0.13498  0  0  0  0
211  1.16943  0.710958  0.766443  1.57479  0.13957  0  0  0  0
111  1.61611  0.14745  0.789656  1.80978  0.13498  0  0  0  0
2112  3.88268  1.27962  1.20817  4.36522  0.93957  0  0  0  0
111  0.532514  0.301281  0.0164321  0.626762  0.13498  0  0  0  0
211  0.580728  0.642583  0.335976  0.939424  0.13957  0  0  0  0
111  0.261546  -0.213758  0.402906  0.542818  0.13498  0  0  0  0
-2212  0.468307  -0.270541  0.565368  1.22168  0.93827  0  0  0  0
-211  0.152018  0.682892  0.786754  1.06203  0.13957  0  0  0  0
321  -0.181984  0.0771602  11.2459  11.2585  0.49368  0  0  0  0
-211  -0.333052  -0.152855  2.92138  2.94758  0.13957  0  0  0  0
211  2.12555  -2.27414  3.68705  4.82737  0.13957  0  0  0  0
111  0.4014  -0.58521  1.43949  1.61058  0.13498  0  0  0  0
2212  0.858177  -0.922891  0.502072  1.64943  0.93827  0  0  0  0
111  0.310842  -0.384563  0.241079  0.566436  0.13498  0  0  0  0
211  0.0288735  0.194044  0.404186  0.47046  0.13957  0  0  0  0
-211  0.0318559  -0.514546  -0.0972377  0.54287  0.13957  0  0  0  0
-211  -0.563644  -0.269405  -0.112402  0.649913  0.13957  0  0  0  0
111  0.299074  -0.327951  -0.248256  0.526163  0.13498  0  0  0  0
211  1.02554  0.148351  -3.20689  3.37304  0.13957  0  0  0  0
111  0.182025  0.0642948  -0.100755  0.256199  0.13498  0  0  0  0
-211  1.78054  0.566697  -10.2222  10.3925  0.13957  0  0  0  0
111  0.245488  0.174231  -0.751722  0.82093  0.13498  0  0  0  0
211  0.95054  -0.388837  -7.18889  7.26321  0.13957  0  0  0  0
-211  0.214777  -0.165984  -8.823  8.82828  0.13957  0  0  0  0
-321  -0.174679  -0.560228  -69.8702  69.8744  0.49368  0  0  0  0
111  0.111337  0.0614814  -44.8781  44.8784  0.13498  0  0  0  0
-211  -0.353176  -0.819078  -144.123  144.126  0.13957  0  0  0  0
111  -1.03819  -0.883153  -119.533  119.541  0.13498  0  0  0  0
211  0.193495  -0.411932  -60.0947  60.0966  0.13957  0  0  0  0
-211  -0.620924  -0.0122255  -123.36  123.362  0.13957  0  0  0  0
211  0.120885  -0.163841  -8.92192  8.92533  0.13957  0  0  0  0
111  -1.20288  0.202914  -31.4774  31.5013  0.13498  0  0  0  0
211  -0.247225  0.203172  -0.863918  0.93179  0.13957  0  0  0  0
-211  -0.453373  0.0606459  -3.83357  3.86328  0.13957  0  0  0  0
-2112  -0.129475  1.06062  -10.3367  10.4342  0.93957  0  0  0  0
111  -0.177882  0.362957  -5.81163  5.82723  0.13498  0  0  0  0
511  -8.50455  3.69264  55.4293  56.4468  5.27958  0  0  0  0
3122  -0.227529  0.707272  15.6103  15.6677  1.11568  0  0  0  0
-2112  0.568021  1.92189  23.8726  23.975  0.93957  0  0  0  0
-211  0.382286  0.480917  7.26833  7.29558  0.13957  0  0  0  0
2212  -1.09508  1.10331  -4.86534  5.19311  0.93827  0  0  0  0
-211  -0.338929  0.234244  -1.40333  1.4692  0.13957  0  0  0  0
211  -0.0505049  0.218965  -0.691756  0.74061  0.13957  0  0  0  0
-211  -0.317341  -0.0632857  -0.996764  1.05723  0.13957  0  0  0  0
111  0.141563  0.0408728  -0.930277  0.951497  0.13498  0  0  0  0
211  -0.213883  0.210748  -1.55217  1.58709  0.13957  0  0  0  0
-211  -0.287178  0.128628  -5.07948  5.09113  0.13957  0  0  0  0
111  0.0692781  0.219678  -2.57101  2.58483  0.13498  0  0  0  0
111  -1.57407  -0.619654  11.1837  11.3117  0.13498  0  0  0  0
111  -0.636181  -0.377087  4.30227  4.36746  0.13498  0  0  0  0
111  -0.919242  -0.315522  5.69645  5.78034  0.13498  0  0  0  0
211  -0.562535  0.218339  -0.231943  0.661358  0.13957  0  0  0  0
-211  -0.137403  0.0210578  0.148613  0.246756  0.13957  0  0  0  0
111  0.0208908  0.133481  -0.0642195  0.201488  0.13498  0  0  0  0
211  -0.401795  -0.0442606  0.719039  0.836597  0.13957  0  0  0  0
-211  -0.0993825  0.0247304  0.264977  0.316514  0.13957  0  0  0  0
111  -0.022367  -0.0566454  0.401395  0.427839  0.13498  0  0  0  0
211  -0.127002  0.0778647  0.326792  0.385312  0.13957  0  0  0  0
-211  0.087054  -0.102978  0.0363186  0.197438  0.13957  0  0  0  0
111  -0.0197765  0.174831  0.78576  0.816453  0.13498  0  0  0  0
211  1.52321  1.02696  3.5292  3.98115  0.13957  0  0  0  0
-211  0.0745267  0.222419  0.448783  0.525272  0.13957  0  0  0  0
111  0.711256  0.321001  1.28588  1.51018  0.13498  0  0  0  0
211  -0.0027318  0.275615  2.5224  2.54125  0.13957  0  0  0  0
-211  0.307257  0.272645  9.84994  9.85949  0.13957  0  0  0  0
111  -0.0770552  0.0197257  2.32458  2.32985  0.13498  0  0  0  0
111  -0.276241  -0.287821  14.4765  14.4826  0.13498  0  0  0  0
211  0.021725  0.0287042  23.6811  23.6816  0.13957  0  0  0  0
-211  -0.222131  -0.114967  12.1049  12.1083  0.13957  0  0  0  0
111  -0.0881335  -0.373948  44.4828  44.4847  0.13498  0  0  0  0
211  0.584702  -0.17694  119.511  119.512  0.13957  0  0  0  0
-211  -0.0645128  0.0123045  28.6794  28.6799  0.13957  0  0  0  0
111  0.112697  0.105276  23.5301  23.531  0.13498  0  0  0  0
211  -0.474035  -0.128757  -0.880468  1.01784  0.13957  0  0  0  0
-211  -0.0280085  0.0808554  0.00231377  0.163729  0.13957  0  0  0  0
111  -0.273034  -0.116524  -0.302507  0.44481  0.13498  0  0  0  0
211  -0.0132129  -0.22079  0.011933  0.261811  0.13957  0  0  0  0
-211  -0.063772  -0.186176  0.284498  0.373024  0.13957  0  0  0  0
111  0.264637  0.0408264  0.0830773  0.311161  0.13498  0  0  0  0
2212  0.752011  0.191899  0.590773  1.35341  0.93827  0  0  0  0
-211  0.194612  0.140834  0.203324  0.34428  0.13957  0  0  0  0
-2212  2.23923  0.88539  3.72843  4.53647  0.93827  0  0  0  0
211  0.623686  0.194911  0.818036  1.05624  0.13957  0  0  0  0
211  0.581614  0.0376923  1.22592  1.36457  0.13957  0  0  0  0
-211  0.319768  0.189972  0.247978  0.468309  0.13957  0  0  0  0
111  0.60472  0.0242182  0.661901  0.906976  0.13498  0  0  0  0
211  1.33327  0.731755  0.850699  1.74821  0.13957  0  0  0  0
-211  0.510117  0.16862  0.354598  0.658689  0.13957  0  0  0  0
111  3.51259  1.09672  2.37492  4.38173  0.13498  0  0  0  0
211  -0.156176  -0.0588632  0.491892  0.53786  0.13957  0  0  0  0
-211  0.00762082  0.22848  0.214784  0.343327  0.13957  0  0  0  0
111  0.197603  -0.0947505  0.465119  0.531582  0.13498  0  0  0  0
-511  7.5338  -0.164063  18.2602  20.4474  5.27958  0  0  0  0
111  -0.0205416  0.0256411  -7.33413  7.33544  0.13498  0  0  0  0
111  0.34836  -0.2851  -149.838  149.838  0.13498  0  0  0  0
-211  -1.97716  0.355865  7.36452  7.63489  0.13957  0  0  0  0
431  -1.31836  0.412647  10.5528  10.8233  1.96849  0  0  0  0
221  -5.20903  2.92412  37.512  37.9887  0.54785  0  0  0  0
2212  -0.278974  0.668353  14.0337  14.0836  0.93827  0  0  0  0
-211  0.0514444  0.038919  1.57661  1.58409  0.13957  0  0  0  0
-415  5.7204  -0.303105  12.7763  14.2201  2.48297  0  0  0  0
333  -1.57301  -0.0133855  8.62735  8.83006  1.03165  0  0  0  0
211  0.25465  0.426032  1.9254  1.99324  0.13957  0  0  0  0
-411  4.90297  0.226817  10.4933  11.7343  1.86962  0  0  0  0
111  0.817431  -0.529923  2.28297  2.4858  0.13498  0  0  0  0
321  -0.629297  0.0875806  4.07766  4.15629  0.49368  0  0  0  0
-321  -0.943718  -0.100966  4.54969  4.67378  0.49368  0  0  0  0
313  2.38923  0.68695  4.76325  5.44683  0.893916  0  0  0  0
321  1.47318  0.126472  2.83106  3.23186  0.49368  0  0  0  0
-211  0.916047  0.560478  1.93219  2.21498  0.13957  0  0  0  0
17  424
2212  0  0  2510  2510  0.93827  0  0  0  0
2212  0  0  -2510  2510  0.93827  0  0  0  0
-323  0.487517  -0.0734293  3.3503  3.50229  0.893547  0  0  0  0
111  1.69522  -0.533468  5.3255  5.61583  0.13498  0  0  0  0
211  0.0868777  -0.42976  6.85222  6.86765  0.13957  0  0  0  0
311  -0.0804265  0.9693  55.8179  55.8286  0.49761  0  0  0  0
-313  -0.822885  -0.900109  -39.3876  39.4174  0.926962  0  0  0  0
223  -0.41111  -0.258911  -25.2808  25.2975  0.779461  0  0  0  0
111  -0.294895  -0.369031  -7.45702  7.47319  0.13498  0  0  0  0
223  -0.253143  -0.132852  -25.2778  25.2921  0.799132  0  0  0  0
-213  -0.404647  0.504746  -7.18903  7.26212  0.798564  0  0  0  0
211  0.0505568  0.394303  -10.0057  10.0146  0.13957  0  0  0  0
-211  -0.452551  0.302549  -4.09449  4.13288  0.13957  0  0  0  0
211  -0.306611  1.25785  -10.6927  10.7717  0.13957  0  0  0  0
-211  0.321592  -0.234299  -4.56289  4.58233  0.13957  0  0  0  0
223  0.386722  0.592565  -26.1079  26.1292  0.782957  0  0  0  0
211  -0.138296  -0.0822681  -30.9273  30.928  0.13957  0  0  0  0
311  -0.0605957  -0.304244  -13.3674  13.3803  0.49761  0  0  0  0
-311  -0.452082  0.21242  -53.1169  53.1216  0.49761  0  0  0  0
313  0.605838  -0.435053  -207.053  207.056  0.912308  0  0  0  0
111  -0.458044  -0.133164  9.89011  9.90252  0.13498  0  0  0  0
213  -0.0266684  0.458812  22.2926  22.3101  0.756125  0  0  0  0
111  -1.04534  0.308281  8.95398  9.02107  0.13498  0  0  0  0
111  -0.20445  -0.0338277  5.68462  5.69  0.13498  0  0  0  0
313  -2.01969  1.16749  24.2529  24.3798  0.853771  0  0  0  0
3224  -5.44254  2.63122  50.4547  50.8335  1.34973  0  0  0  0
-213  -0.919884  0.770786  17.8028  17.8574  0.710652  0  0  0  0
-2112  -3.79244  1.87669  30.9124  31.2148  0.93957  0  0  0  0
-213  -1.43083  0.805331  16.4158  16.5176  0.811351  0  0  0  0
213  -1.23546  0.791038  9.72974  9.86649  0.726428  0  0  0  0
-213  -0.270884  -0.3237  3.85621  3.94705  0.72849  0  0  0  0
113  1.34144  1.37502  6.1032  6.47345  0.983035  0  0  0  0
223  0.462678  0.247355  3.97478  4.08581  0.787201  0  0  0  0
223  0.0121204  0.457093  3.65397  3.76537  0.785738  0  0  0  0
211  0.604824  0.441573  1.04821  1.29577  0.13957  0  0  0  0
311  2.61822  1.04289  5.54256  6.23781  0.49761  0  0  0  0
-311  0.238628  0.077311  -0.168031  0.58204  0.49761  0  0  0  0
2112  0.208445  -0.0512283  0.327128  1.01778  0.93957  0  0  0  0
-2212  0.310516  -0.0957433  0.15819  1.00547  0.93827  0  0  0  0
211  0.458276  -2.10468  -2.89891  3.61426  0.13957  0  0  0  0
-211  -0.289006  -0.943281  -1.53947  1.83378  0.13957  0  0  0  0
213  0.751756  0.464214  -0.508445  1.28429  0.781182  0  0  0  0
-213  0.0990999  -0.654189  -1.5042  1.75408  0.613499  0  0  0  0
321  0.0371393  -0.233681  -0.551888  0.777359  0.49368  0  0  0  0
321  0.0229998  -0.0612598  -5.16276  5.18672  0.49368  0  0  0  0
-313  -0.436716  -0.120605  -29.9411  29.9567  0.853847  0  0  0  0
-211  -0.55778  1.17421  -23.5634  23.5996  0.13957  0  0  0  0
111  0.0383668  0.158193  -9.95088  9.95312  0.13498  0  0  0  0
111  -0.163057  0.144253  -6.28029  6.28551  0.13498  0  0  0  0
321  -0.441021  0.183169  -10.9847  11.0061  0.49368  0  0  0  0
113  0.153405  0.00549483  11.4448  11.4794  0.877504  0  0  0  0
111  -0.543338  -0.32507  3.25475  3.31851  0.13498  0  0  0  0
113  0.613122  0.418929  1.72671  2.36357  1.43301  0  0  0  0
-213  -0.468867  -0.0866752  0.929842  1.31344  0.795719  0  0  0  0
211  0.342862  0.489999  -0.509295  0.797818  0.13957  0  0  0  0
221  -0.104789  -0.120071  -0.415452  0.705789  0.54785  0  0  0  0
111  0.118885  -0.42586  -6.60934  6.62548  0.13498  0  0  0  0
111  -0.326851  1.20961  -9.79985  9.88055  0.13498  0  0  0  0
1114  0.3559  -0.474888  -26.9847  27.0188  1.22049  0  0  0  0
-313  -0.315988  0.236647  -10.6571  10.6945  0.801983  0  0  0  0
-311  -0.133647  -0.139912  -1.98431  2.05488  0.49761  0  0  0  0
-213  0.40722  0.554202  -1.80767  2.07655  0.755934  0  0  0  0
111  0.0452058  -0.415602  -0.39913  0.593543  0.13498  0  0  0  0
321  0.00475783  0.167334  -0.0495136  0.523636  0.49368  0  0  0  0
-323  -0.177087  0.289436  0.494992  1.10998  0.933761  0  0  0  0
111  0.011958  -0.389701  0.417229  0.586779  0.13498  0  0  0  0
223  0.0183507  0.241707  0.794334  1.1355  0.774368  0  0  0  0
211  -0.0199468  -0.109079  4.00356  4.00753  0.13957  0  0  0  0
-211  -0.113558  0.424957  47.345  47.3473  0.13957  0  0  0  0
221  0.130626  -0.218793  22.4729  22.4811  0.54785  0  0  0  0
211  -0.116586  -0.725273  56.2081  56.2131  0.13957  0  0  0  0
-211  0.169686  0.29309  178.748  178.749  0.13957  0  0  0  0
321  -0.419506  0.0189041  466.566  466.567  0.49368  0  0  0  0
-321  -0.364632  -0.377122  8.45821  8.48883  0.49368  0  0  0  0
221  -0.376132  -1.1013  22.7223  22.7586  0.54785  0  0  0  0
223  -0.178469  -0.340697  5.22557  5.30062  0.801265  0  0  0  0
321  -0.296636  -0.0549184  1.92454  2.00962  0.49368  0  0  0  0
-313  0.00508414  -0.230202  1.36101  1.7174  1.02181  0  0  0  0
221  0.211201  -0.0597653  0.17845  0.616573  0.54785  0  0  0  0
111  0.214648  -0.243327  -0.376658  0.515143  0.13498  0  0  0  0
-211  -0.190634  0.557222  0.283846  0.668496  0.13957  0  0  0  0
111  -0.0823963  -0.711446  0.0758618  0.732748  0.13498  0  0  0  0
213  0.143891  0.115515  -0.621654  0.918972  0.651158  0  0  0  0
223  0.175395  0.261596  -3.29505  3.4021  0.785988  0  0  0  0
111  -0.426827  0.323941  -1.93295  2.01038  0.13498  0  0  0  0
313  1.5255  0.0370745  -12.1774  12.3221  1.10391  0  0  0  0
-311  0.927707  0.129609  -6.67149  6.75528  0.49761  0  0  0  0
111  0.497043  -0.376873  -2.81819  2.88955  0.13498  0  0  0  0
-213  0.47401  -0.0331266  -11.1805  11.2194  0.804254  0  0  0  0
111  2.9046  0.33819  -17.4551  17.6989  0.13498  0  0  0  0
223  1.99378  -0.648389  -4.98693  5.46533  0.777697  0  0  0  0
211  0.153577  -0.0775418  -0.589102  0.62938  0.13957  0  0  0  0
111  0.126247  0.209906  -0.484993  0.559854  0.13498  0  0  0  0
1114  1.22247  0.290754  -2.61084  3.11922  1.15503  0  0  0  0
-1114  1.33897  -0.290479  -2.75805  3.29305  1.16623  0  0  0  0
111  1.69414  0.222614  -1.68363  2.4026  0.13498  0  0  0  0
221  1.60567  0.822944  -0.7041  2.01279  0.54785  0  0  0  0
-211  1.11326  0.878258  -0.287834  1.45362  0.13957  0  0  0  0
113  3.85835  1.77336  -1.90352  4.69962  0.656803  0  0  0  0
323  17.6653  8.95108  -6.25875  20.7874  0.873173  0  0  0  0
-311  4.60666  2.21038  -1.75239  5.42453  0.49761  0  0  0  0
-311  -0.12017  -0.139451  26.9487  26.9539  0.49761  0  0  0  0
113  -0.945817  0.0898264  60.0046  60.0176  0.809276  0  0  0  0
-211  -0.622802  -0.00302114  31.4382  31.4446  0.13957  0  0  0  0
211  -0.75123  0.322942  69.4525  69.4575  0.13957  0  0  0  0
-211  -0.127527  -0.427102  15.7976  15.8045  0.13957  0  0  0  0
321  -0.708548  0.500291  104.702  104.706  0.49368  0  0  0  0
-313  -1.14667  0.386381  55.3773  55.3986  0.947799  0  0  0  0
-211  0.440992  0.182395  8.85363  8.86758  0.13957  0  0  0  0
213  0.167535  0.300133  15.8745  15.8932  0.689238  0  0  0  0
111  1.01323  1.42183  29.0067  29.0595  0.13498  0  0  0  0
313  0.444548  -0.613912  7.74932  7.84127  0.92684  0  0  0  0
-311  0.0899422  -0.712766  6.01658  6.07972  0.49761  0  0  0  0
111  -0.178493  -0.103409  1.6287  1.64725  0.13498  0  0  0  0
-213  -0.62725  -0.0456017  5.94229  6.07459  1.09284  0  0  0  0
113  -1.54758  0.501534  4.50551  4.92621  1.14949  0  0  0  0
113  -0.756379  0.0532115  2.1266  2.40808  0.837556  0  0  0  0
321  -1.99074  0.672614  2.07578  2.99467  0.49368  0  0  0  0
-311  0.124314  0.288898  0.73165  0.939065  0.49761  0  0  0  0
111  0.0737366  -0.0635721  -0.00525548  0.16651  0.13498  0  0  0  0
223  -0.125536  0.35059  0.401892  0.939252  0.762891  0  0  0  0
-213  -0.367184  0.905832  -0.460353  1.57911  1.15165  0  0  0  0
213  -1.42149  1.22418  -1.05284  2.28946  0.783526  0  0  0  0
-211  -0.128739  1.03276  -1.18749  1.58518  0.13957  0  0  0  0
211  -0.0950383  -0.108386  -0.0773067  0.215025  0.13957  0  0  0  0
-211  -0.253087  1.40729  -1.24753  1.90271  0.13957  0  0  0  0
2212  -0.916698  1.62424  -1.53261  2.58993  0.93827  0  0  0  0
-2112  -1.13331  0.887189  -3.04935  3.50041  0.93957  0  0  0  0
111  -0.90008  2.34652  -6.0306  6.53473  0.13498  0  0  0  0
311  -0.575583  0.999783  -5.25319  5.40134  0.49761  0  0  0  0
323  0.612837  -0.534659  -185.386  185.39  0.912136  0  0  0  0
-311  -0.154084  0.203577  -47.582  47.5852  0.49761  0  0  0  0
-211  0.217349  -0.219701  -20.0921  20.0949  0.13957  0  0  0  0
213  -0.194819  0.125496  -32.3048  32.3147  0.764201  0  0  0  0
111  0.81946  0.404299  -39.2601  39.271  0.13498  0  0  0  0
-313  1.34563  1.14901  -1.49438  2.47839  0.882212  0  0  0  0
-211  0.741874  1.43257  -1.09938  1.95723  0.13957  0  0  0  0
321  0.272303  0.555724  -2.65825  2.77363  0.49368  0  0  0  0
-311  -0.164074  -0.21741  -0.610463  0.833348  0.49761  0  0  0  0
-213  -2.00503  -0.36847  -12.1917  12.3847  0.765669  0  0  0  0
211  -5.36054  -1.10087  -23.747  24.3698  0.13957  0  0  0  0
-211  -1.02305  -1.28447  -6.80359  7.00035  0.13957  0  0  0  0
213  -1.18828  -0.926353  -5.55985  5.80194  0.693083  0  0  0  0
-213  -0.242832  -0.214167  -4.63275  4.72662  0.879591  0  0  0  0
2212  -0.733815  -0.671693  -4.8548  5.04371  0.93827  0  0  0  0
-2112  -0.281518  -0.823682  -16.5902  16.6395  0.93957  0  0  0  0
111  0.0248323  -0.361908  -8.08538  8.09464  0.13498  0  0  0  0
313  0.304438  -0.855127  -14.8439  14.9001  0.920956  0  0  0  0
-321  -0.0976213  -0.045413  -16.7471  16.7548  0.49368  0  0  0  0
113  0.115452  -0.924599  -34.2523  34.2705  0.618078  0  0  0  0
211  -0.328877  0.186731  -5.71542  5.72962  0.13957  0  0  0  0
-211  -0.348012  0.0628236  -25.1466  25.1495  0.13957  0  0  0  0
223  0.508335  -0.712318  -49.7743  49.7882  0.789654  0  0  0  0
111  -1.0168  -0.824327  -415.417  415.419  0.13498  0  0  0  0
211  0.448614  0.40548  -45.8915  45.8957  0.13957  0  0  0  0
-211  0.11433  -0.251763  -40.4113  40.4125  0.13957  0  0  0  0
323  -0.467102  0.213425  -131.566  131.571  0.972465  0  0  0  0
-311  0.161907  0.301769  -130.547  130.548  0.49761  0  0  0  0
221  0.241265  0.0588989  -13.5847  13.598  0.54785  0  0  0  0
113  0.752324  0.581826  -87.4837  87.4933  0.882628  0  0  0  0
311  0.552432  0.122488  -53.4386  53.4439  0.49761  0  0  0  0
-321  0.273733  0.573342  -70.3136  70.3182  0.49368  0  0  0  0
211  -0.189001  0.628798  -33.3937  33.4005  0.13957  0  0  0  0
-213  1.14107  1.11883  -65.409  65.4343  0.865953  0  0  0  0
111  0.710239  0.362787  -7.17213  7.2176  0.13498  0  0  0  0
111  2.78454  -3.559  16.2779  16.894  0.13498  0  0  0  0
213  -0.0730373  -0.545657  1.76512  2.01596  0.803341  0  0  0  0
111  -0.0729271  0.427149  -0.442985  0.634217  0.13498  0  0  0  0
-213  0.287481  -0.329697  -0.82062  1.49866  1.17525  0  0  0  0
113  0.0164718  -0.0344636  -10.1674  10.1878  0.64364  0  0  0  0
2224  -0.814029  1.05284  -44.4062  44.4434  1.2399  0  0  0  0
-211  0.0458989  0.167205  -2.83416  2.84289  0.13957  0  0  0  0
-211  -7.57529  -10.0403  -2.70441  12.8657  0.13957  0  0  0  0
211  -3.39424  -5.49282  -1.2276  6.57407  0.13957  0  0  0  0
-211  -1.91307  -2.46544  -0.941399  3.26251  0.13957  0  0  0  0
211  -0.188859  -0.0665913  0.332704  0.412642  0.13957  0  0  0  0
-211  -1.9238  -1.15447  -0.326611  2.27155  0.13957  0  0  0  0
111  -1.84357  -1.34406  1.03124  2.50738  0.13498  0  0  0  0
111  -0.380278  -0.694979  -0.508338  0.950912  0.13498  0  0  0  0
2212  -1.21482  -0.255067  0.925489  1.81045  0.93827  0  0  0  0
-2212  -5.73778  -0.783974  3.71705  6.94504  0.93827  0  0  0  0
111  -0.899334  -0.639794  0.933767  1.45199  0.13498  0  0  0  0
213  -3.58335  0.393385  3.16799  4.87714  0.86901  0  0  0  0
-213  -1.9495  0.23662  2.02939  2.93174  0.787492  0  0  0  0
111  -1.76549  -0.292531  1.13942  2.1258  0.13498  0  0  0  0
211  -1.92986  0.770279  3.63506  4.18937  0.13957  0  0  0  0
2112  0.0988669  -0.158462  2.39309  2.5777  0.93957  0  0  0  0
-2112  -1.55968  0.851673  5.71687  6.05998  0.93957  0  0  0  0
113  -0.599863  -0.0713461  2.16003  2.37893  0.792883  0  0  0  0
-213  -0.546708  0.223709  5.66669  5.75331  0.800141  0  0  0  0
211  -0.0290662  -0.410273  25.4092  25.4129  0.13957  0  0  0  0
111  1.44905  -0.539417  31.8377  31.8755  0.13498  0  0  0  0
-211  -0.531899  -0.0208595  5.54694  5.57417  0.13957  0  0  0  0
211  2.03595  -1.11626  131.788  131.809  0.13957  0  0  0  0
-211  0.197981  -0.251117  9.23017  9.23677  0.13957  0  0  0  0
221  0.941892  -0.301624  86.1366  86.1441  0.54785  0  0  0  0
213  0.749644  -1.07715  43.7332  43.762  0.892866  0  0  0  0
111  0.754787  0.248769  27.3619  27.3738  0.13498  0  0  0  0
-211  0.267367  -0.103967  30.6674  30.669  0.13957  0  0  0  0
321  0.496791  -0.445064  26.6349  26.6478  0.49368  0  0  0  0
-311  0.0831634  -0.246922  10.3325  10.3477  0.49761  0  0  0  0
111  0.41667  0.433244  13.5868  13.6008  0.13498  0  0  0  0
223  -0.387931  -0.465175  3.01959  3.17828  0.785276  0  0  0  0
1114  -0.327119  0.110701  5.45762  5.64332  1.39359  0  0  0  0
213  0.674772  -0.355869  1.25353  1.69237  0.843104  0  0  0  0
-2114  -0.349229  -0.155047  -1.18628  1.81218  1.31556  0  0  0  0
111  -1.04273  0.569637  -6.13632  6.25175  0.13498  0  0  0  0
-213  1.03714  0.660292  -2.61167  2.98549  0.762032  0  0  0  0
111  0.0176821  0.67362  -2.07791  2.18861  0.13498  0  0  0  0
213  1.67978  1.27259  -3.93967  4.60567  1.11805  0  0  0  0
-213  0.874558  -0.653595  -1.74179  2.19676  0.774504  0  0  0  0
321  0.301259  -0.421979  -1.50886  1.67009  0.49368  0  0  0  0
-311  0.113284  -0.789679  -0.688104  1.16513  0.49761  0  0  0  0
-211  0.0750699  -1.73654  -1.7723  2.48631  0.13957  0  0  0  0
321  0.503184  -0.222463  0.09169  0.744856  0.49368  0  0  0  0
-311  -0.540915  -1.11995  -1.17398  1.78121  0.49761  0  0  0  0
223  -0.251236  -3.89885  -1.50873  4.26296  0.795246  0  0  0  0
313  -0.181067  -0.7438  -0.10475  1.17505  0.8853  0  0  0  0
-321  -0.208553  -0.91403  0.43258  1.14446  0.49368  0  0  0  0
111  -0.283961  -0.199018  -0.113434  0.38901  0.13498  0  0  0  0
111  0.825775  -0.108316  0.382999  0.926577  0.13498  0  0  0  0
211  -0.647817  -0.490369  1.20917  1.46346  0.13957  0  0  0  0
313  0.99331  -0.12918  3.64221  3.88522  0.908778  0  0  0  0
3222  0.0687446  -0.0022791  5.76631  5.88809  1.18937  0  0  0  0
-211  0.406018  0.0824166  0.859367  0.964176  0.13957  0  0  0  0
-2112  1.48641  -0.143172  8.30345  8.48882  0.93957  0  0  0  0
111  2.20329  -0.694054  37.0817  37.1539  0.13498  0  0  0  0
2112  1.80206  0.338923  21.472  21.5706  0.93957  0  0  0  0
-2112  0.959909  -0.127642  30.7062  30.7359  0.93957  0  0  0  0
-213  1.72428  -0.145638  31.6835  31.7362  0.587234  0  0  0  0
213  1.13827  0.269141  82.5138  82.5259  0.788291  0  0  0  0
311  4.157  1.94704  157.537  157.605  0.49761  0  0  0  0
-321  0.432981  -0.321482  2.30844  2.42145  0.49368  0  0  0  0
111  0.0545365  0.248053  1.04187  1.08084  0.13498  0  0  0  0
-321  -0.91097  -0.872212  -36.2816  36.3069  0.49368  0  0  0  0
211  0.088085  -0.0278971  -3.10604  3.11055  0.13957  0  0  0  0
-211  -0.208179  0.684052  -5.23745  5.28788  0.13957  0  0  0  0
111  -0.196468  -0.179307  -1.95158  1.97424  0.13498  0  0  0  0
321  0.493073  -0.0109188  -105.396  105.398  0.49368  0  0  0  0
-211  0.112765  -0.424134  -101.657  101.658  0.13957  0  0  0  0
211  -0.143554  0.130964  2.0203  2.03442  0.13957  0  0  0  0
111  0.116886  0.327847  20.2723  20.2757  0.13498  0  0  0  0
311  -1.24669  0.833075  13.2433  13.3372  0.49761  0  0  0  0
111  -0.773  0.334413  11.0096  11.0426  0.13498  0  0  0  0
3122  -4.13011  1.97968  37.3019  37.5986  1.11568  0  0  0  0
211  -1.31242  0.651545  13.1528  13.2349  0.13957  0  0  0  0
-211  -0.810866  0.452905  15.2621  15.291  0.13957  0  0  0  0
111  -0.109018  0.317881  2.54072  2.5664  0.13498  0  0  0  0
-211  -1.1947  0.621031  9.72245  9.81624  0.13957  0  0  0  0
111  -0.236128  0.1843  6.69335  6.7014  0.13498  0  0  0  0
211  -0.942875  0.701107  8.78383  8.86317  0.13957  0  0  0  0
111  -0.29259  0.0899306  0.945909  1.00332  0.13498  0  0  0  0
-211  -0.143567  -0.273205  0.631445  0.716558  0.13957  0  0  0  0
111  -0.127317  -0.0504949  3.22476  3.23049  0.13498  0  0  0  0
211  0.0462125  0.611576  1.42606  1.55862  0.13957  0  0  0  0
-211  1.29523  0.763446  4.67714  4.91484  0.13957  0  0  0  0
211  0.750497  0.167973  -0.142526  0.794515  0.13957  0  0  0  0
111  0.00125826  0.29624  -0.365918  0.489771  0.13498  0  0  0  0
-211  0.110287  0.0404463  -0.436879  0.473437  0.13957  0  0  0  0
111  -0.0111876  -0.694636  -1.06733  1.28064  0.13498  0  0  0  0
-311  -0.469843  0.0122632  -27.3125  27.3211  0.49761  0  0  0  0
111  0.0331269  -0.132868  -2.62865  2.63567  0.13498  0  0  0  0
211  -0.265307  -0.0123179  1.8264  1.85088  0.13957  0  0  0  0
-211  0.418712  0.0178127  9.61836  9.6285  0.13957  0  0  0  0
211  -0.0501623  0.60063  1.5057  1.62785  0.13957  0  0  0  0
-211  0.663285  -0.181701  0.221011  0.735722  0.13957  0  0  0  0
-211  0.0569026  0.246416  0.329947  0.438524  0.13957  0  0  0  0
111  -0.52577  -0.333091  0.599895  0.874916  0.13498  0  0  0  0
2112  0.140715  -0.28965  -16.9144  16.9435  0.93957  0  0  0  0
-211  0.215185  -0.185239  -10.0703  10.0752  0.13957  0  0  0  0
-321  -0.391573  0.0270423  -7.63889  7.66489  0.49368  0  0  0  0
211  0.0755848  0.209605  -3.01822  3.02965  0.13957  0  0  0  0
-211  0.112691  0.479673  -1.61066  1.69012  0.13957  0  0  0  0
111  0.294529  0.0745287  -0.19701  0.386438  0.13498  0  0  0  0
-311  -0.291805  0.265273  0.621206  0.888275  0.49761  0  0  0  0
-211  0.114717  0.0241639  -0.126214  0.221707  0.13957  0  0  0  0
-321  0.14463  -0.109105  0.249557  0.582083  0.49368  0  0  0  0
211  -0.139546  -0.121097  1.11145  1.13532  0.13957  0  0  0  0
211  0.365427  0.102164  -0.289264  0.49712  0.13957  0  0  0  0
111  -0.221536  0.013352  -0.33239  0.421852  0.13498  0  0  0  0
321  1.22695  -0.256466  -7.17691  7.30226  0.49368  0  0  0  0
-211  0.298549  0.29354  -5.00044  5.01988  0.13957  0  0  0  0
-211  -0.180276  -0.0788374  -4.19626  4.20319  0.13957  0  0  0  0
111  0.654286  0.0457108  -6.98422  7.01625  0.13498  0  0  0  0
2112  0.948718  0.128044  -2.23974  2.61069  0.93957  0  0  0  0
-211  0.273752  0.16271  -0.3711  0.508537  0.13957  0  0  0  0
-2112  0.925507  -0.140355  -1.87482  2.29652  0.93957  0  0  0  0
211  0.413465  -0.150124  -0.883226  0.996523  0.13957  0  0  0  0
211  0.625124  0.140762  -0.148622  0.67243  0.13957  0  0  0  0
-211  3.23322  1.6326  -1.7549  4.02719  0.13957  0  0  0  0
321  15.0816  7.4458  -5.18511  17.6075  0.49368  0  0  0  0
111  2.58369  1.50528  -1.07364  3.17998  0.13498  0  0  0  0
211  -0.455022  -0.326949  32.1659  32.1711  0.13957  0  0  0  0
-211  -0.490794  0.416775  27.8387  27.8465  0.13957  0  0  0  0
-321  -0.763741  0.121638  45.6245  45.6337  0.49368  0  0  0  0
211  -0.382928  0.264743  9.75282  9.76492  0.13957  0  0  0  0
211  0.305879  0.0720996  3.95352  3.96845  0.13957  0  0  0  0
111  -0.138344  0.228034  11.921  11.9248  0.13498  0  0  0  0
321  0.216289  -0.418129  6.83029  6.86427  0.49368  0  0  0  0
-211  0.228259  -0.195783  0.919032  0.977002  0.13957  0  0  0  0
-211  -0.453404  0.341981  4.97845  5.01268  0.13957  0  0  0  0
111  -0.173846  -0.387583  0.963842  1.06191  0.13498  0  0  0  0
211  -0.141375  0.370707  2.02682  2.07  0.13957  0  0  0  0
-211  -1.40621  0.130828  2.47869  2.85621  0.13957  0  0  0  0
211  0.0373928  -0.187105  0.826763  0.859898  0.13957  0  0  0  0
-211  -0.793772  0.240317  1.29984  1.54819  0.13957  0  0  0  0
-211  -0.502028  0.663775  -0.769887  1.14229  0.13957  0  0  0  0
111  0.134844  0.242057  0.309534  0.436813  0.13498  0  0  0  0
211  -1.13751  1.18321  -0.636067  1.76578  0.13957  0  0  0  0
111  -0.283979  0.040971  -0.416777  0.523684  0.13498  0  0  0  0
311  0.553136  -0.680197  -147.587  147.59  0.49761  0  0  0  0
211  0.0597006  0.145538  -37.7995  37.8001  0.13957  0  0  0  0
211  -0.305067  -0.0507814  -6.6335  6.64217  0.13957  0  0  0  0
111  0.110248  0.176277  -25.6713  25.6725  0.13498  0  0  0  0
-321  0.757691  0.367363  -0.885083  1.31763  0.49368  0  0  0  0
211  0.587937  0.78165  -0.609302  1.16076  0.13957  0  0  0  0
-211  -1.10524  -0.251675  -8.69279  8.76749  0.13957  0  0  0  0
111  -0.899789  -0.116795  -3.49891  3.61716  0.13498  0  0  0  0
211  -1.00103  -0.408449  -3.76586  3.92047  0.13957  0  0  0  0
111  -0.18724  -0.517904  -1.794  1.88147  0.13498  0  0  0  0
-211  -0.258338  -0.0985101  -4.48297  4.49365  0.13957  0  0  0  0
111  0.0155063  -0.115657  -0.149785  0.232964  0.13498  0  0  0  0
311  0.446839  -0.681909  -9.04011  9.09043  0.49761  0  0  0  0
111  -0.142402  -0.173218  -5.80377  5.80967  0.13498  0  0  0  0
211  0.214035  -0.84794  -31.1578  31.1704  0.13957  0  0  0  0
-211  -0.0985834  -0.0766593  -3.09446  3.10012  0.13957  0  0  0  0
311  -0.519239  -0.107285  -99.1825  99.1852  0.49761  0  0  0  0
211  0.0521369  0.32071  -32.3838  32.3857  0.13957  0  0  0  0
211  0.0973672  0.581989  -33.7231  33.7286  0.13957  0  0  0  0
-211  0.654957  -0.00016337  -53.7606  53.7648  0.13957  0  0  0  0
-211  0.329213  0.503609  -39.5795  39.5843  0.13957  0  0  0  0
111  0.81186  0.615223  -25.8295  25.85  0.13498  0  0  0  0
211  0.115217  -0.139122  1.41051  1.42887  0.13957  0  0  0  0
111  -0.188254  -0.406536  0.354608  0.587092  0.13498  0  0  0  0
-211  0.699423  -0.335132  -0.685783  1.04464  0.13957  0  0  0  0
111  -0.411942  0.00543531  -0.134838  0.454011  0.13498  0  0  0  0
211  0.243514  -0.177979  -4.43334  4.44578  0.13957  0  0  0  0
-211  -0.227042  0.143516  -5.73403  5.74202  0.13957  0  0  0  0
2212  -0.530561  0.621463  -34.9404  34.9625  0.93827  0  0  0  0
211  -0.283468  0.431379  -9.46579  9.48088  0.13957  0  0  0  0
211  -1.56263  0.514906  1.12585  1.99849  0.13957  0  0  0  0
111  -2.02073  -0.121521  2.04214  2.87866  0.13498  0  0  0  0
-211  -1.17486  -0.215417  1.26759  1.74727  0.13957  0  0  0  0
111  -0.774649  0.452037  0.761795  1.18447  0.13498  0  0  0  0
211  0.000625657  0.195218  0.218655  0.324654  0.13957  0  0  0  0
-211  -0.600489  -0.266564  1.94138  2.05428  0.13957  0  0  0  0
-211  -0.683384  0.0931736  3.2404  3.31593  0.13957  0  0  0  0
111  0.136676  0.130535  2.42629  2.43738  0.13498  0  0  0  0
211  0.871368  -1.08231  39.9998  40.0241  0.13957  0  0  0  0
111  -0.121725  0.00515899  3.7334  3.73782  0.13498  0  0  0  0
2112  -0.578646  0.19925  4.58975  4.72474  0.93957  0  0  0  0
-211  0.251526  -0.0885489  0.86787  0.918577  0.13957  0  0  0  0
211  0.201791  -0.394249  1.06923  1.16571  0.13957  0  0  0  0
111  0.472981  0.0383799  0.184302  0.52666  0.13498  0  0  0  0
-2112  -0.41986  0.103108  -1.0768  1.49305  0.93957  0  0  0  0
111  0.0706315  -0.258155  -0.109482  0.319121  0.13498  0  0  0  0
-211  0.612581  0.699462  -2.12965  2.32796  0.13957  0  0  0  0
111  0.424562  -0.0391698  -0.48202  0.657533  0.13498  0  0  0  0
211  0.4867  0.108511  -0.295756  0.596324  0.13957  0  0  0  0
111  1.19309  1.16408  -3.64391  4.00935  0.13498  0  0  0  0
-211  0.0549905  -0.107254  0.00763547  0.184568  0.13957  0  0  0  0
111  0.819568  -0.546341  -1.74943  2.01219  0.13498  0  0  0  0
311  -0.263843  -0.352988  -0.276278  0.719832  0.49761  0  0  0  0
111  0.0827756  -0.390812  0.171528  0.455222  0.13498  0  0  0  0
311  0.672699  -0.271705  1.78115  1.98657  0.49761  0  0  0  0
111  0.320611  0.142525  1.86106  1.89865  0.13498  0  0  0  0
-211  0.33669  -0.179762  5.13825  5.15429  0.13957  0  0  0  0
111  1.38759  0.0341235  26.5453  26.5819  0.13498  0  0  0  0
211  0.39671  -0.24324  23.5431  23.5481  0.13957  0  0  0  0
111  0.741564  0.512381  58.9707  58.9777  0.13498  0  0  0  0
211  -0.364261  0.0686525  -12.935  12.9411  0.13957  0  0  0  0
-211  0.0582157  -0.0980286  -7.50263  7.5048  0.13957  0  0  0  0
111  -0.105065  -0.229535  -4.84322  4.85167  0.13498  0  0  0  0
211  -0.151109  -0.00408356  -2.41774  2.42647  0.13957  0  0  0  0
-211  0.137532  -0.0989176  -11.8487  11.8507  0.13957  0  0  0  0
111  -0.239566  -0.0298513  -11.0114  11.0149  0.13498  0  0  0  0
111  0.380634  0.114141  -5.58589  5.60164  0.13498  0  0  0  0
211  0.362929  0.0240029  1.3223  1.37849  0.13957  0  0  0  0
-211  -0.0373644  -0.0856866  0.613202  0.635795  0.13957  0  0  0  0
111  0.137114  0.309039  2.03928  2.07152  0.13498  0  0  0  0
211  -0.134884  0.026347  0.888171  0.909514  0.13957  0  0  0  0
-211  0.258931  0.0764995  1.47058  1.50166  0.13957  0  0  0  0
111  -0.111926  0.354246  1.29522  1.35419  0.13498  0  0  0  0
111  -0.111072  -0.179211  -0.177865  0.307098  0.13498  0  0  0  0
111  -0.00712298  -0.0519174  -0.111403  0.182692  0.13498  0  0  0  0
111  0.0134062  0.111057  -0.126184  0.215998  0.13498  0  0  0  0
211  -0.0960742  -0.0623982  0.218129  0.283167  0.13957  0  0  0  0
-211  0.111599  -0.0620678  0.0472386  0.194982  0.13957  0  0  0  0
111  0.00282576  0.366173  0.528966  0.657355  0.13498  0  0  0  0
211  -0.0644397  -0.0746502  8.90096  8.90261  0.13957  0  0  0  0
-211  0.0200873  -0.0163199  7.14879  7.1502  0.13957  0  0  0  0
111  0.174978  -0.127823  6.42318  6.42825  0.13498  0  0  0  0
111  -0.088438  -0.229965  6.26137  6.26767  0.13498  0  0  0  0
111  -0.210321  -0.74569  13.9343  13.9564  0.13498  0  0  0  0
111  -0.0773729  -0.125645  2.52663  2.53454  0.13498  0  0  0  0
211  0.113014  -0.0892801  1.22168  1.23804  0.13957  0  0  0  0
-211  -0.12219  -0.272962  1.04894  1.09963  0.13957  0  0  0  0
111  -0.169293  0.021545  2.95495  2.96295  0.13498  0  0  0  0
111  0.0408517  0.0816179  -0.0842148  0.183418  0.13498  0  0  0  0
211  0.703434  -0.122999  -1.97894  2.10847  0.13957  0  0  0  0
-211  0.388732  0.0314457  -0.694576  0.808713  0.13957  0  0  0  0
111  0.901618  -0.556836  -2.31341  2.54815  0.13498  0  0  0  0
211  0.338596  0.133634  -0.0486964  0.392882  0.13957  0  0  0  0
-211  0.598733  0.426842  -0.28601  0.801222  0.13957  0  0  0  0
111  0.668344  0.262467  -0.369393  0.818684  0.13498  0  0  0  0
211  -0.0187402  0.0216714  0.273377  0.308279  0.13957  0  0  0  0
-211  -0.193096  0.0256476  -0.0492726  0.244645  0.13957  0  0  0  0
111  0.0862999  0.303271  0.177788  0.386328  0.13498  0  0  0  0
211  0.136967  -0.081015  -3.26426  3.27112  0.13957  0  0  0  0
-211  0.0910012  -0.353405  -19.9924  19.9962  0.13957  0  0  0  0
111  0.280366  -0.277898  -26.5176  26.5209  0.13498  0  0  0  0
111  0.058867  0.00679044  11.0635  11.0645  0.13498  0  0  0  0
111  0.574644  -0.249899  47.8226  47.8269  0.13498  0  0  0  0
111  0.308381  -0.0585148  27.2506  27.2527  0.13498  0  0  0  0
211  0.0145167  -0.141164  0.393684  0.44114  0.13957  0  0  0  0
-211  -0.253831  -0.427274  2.13948  2.20088  0.13957  0  0  0  0
111  -0.148616  0.103263  0.486425  0.536264  0.13498  0  0  0  0
211  0.148152  -0.813224  -0.339617  0.90449  0.13957  0  0  0  0
-211  -0.151475  -2.1717  -0.937112  2.37421  0.13957  0  0  0  0
111  -0.247913  -0.913931  -0.232005  0.984265  0.13498  0  0  0  0
2112  0.0779544  0.169364  4.31914  4.42409  0.93957  0  0  0  0
211  -0.00920982  -0.171644  1.44716  1.46401  0.13957  0  0  0  0
2112  -3.8325  1.88908  34.606  34.8814  0.93957  0  0  0  0
111  -0.297611  0.0905995  2.69589  2.71713  0.13498  0  0  0  0
18  155
2212  0  0  2510  2510  0.93827  0  0  0  0
2212  0  0  -2510  2510  0.93827  0  0  0  0
213  -0.382129  0.242402  -148.438  148.441  0.826028  0  0  0  0
111  -0.310407  -0.199876  -62.4658  62.467  0.13498  0  0  0  0
-211  0.0737951  -0.120573  -13.894  13.8955  0.13957  0  0  0  0
2214  -0.362707  -0.125542  -101.51  101.519  1.25406  0  0  0  0
211  0.236574  0.280394  -8.3018  8.31107  0.13957  0  0  0  0
-2224  -0.0597189  0.0810636  -8.475  8.5622  1.21468  0  0  0  0
221  -0.266389  -0.0492897  -7.26051  7.28618  0.54785  0  0  0  0
211  -0.111239  -0.134675  -0.34959  0.414975  0.13957  0  0  0  0
221  0.348039  0.182648  -8.14417  8.17203  0.54785  0  0  0  0
111  0.0982018  -0.0259939  0.145691  0.22308  0.13498  0  0  0  0
-211  -0.338544  -0.0355307  -0.0669293  0.373944  0.13957  0  0  0  0
2214  0.213744  0.0937509  -0.601216  1.38509  1.22578  0  0  0  0
-313  0.638179  -0.303382  2.63871  2.8852  0.928597  0  0  0  0
-3212  -0.734923  0.159534  20.5038  20.5522  1.19264  0  0  0  0
223  0.317844  0.163442  21.4505  21.4675  0.775658  0  0  0  0
111  -0.195749  0.193724  17.6419  17.6446  0.13498  0  0  0  0
113  0.227221  0.604124  419.759  419.761  0.838891  0  0  0  0
2112  0.250432  0.427797  486.01  486.011  0.93957  0  0  0  0
213  21.1942  7.27629  145.051  146.774  0.82702  0  0  0  0
311  12.3675  4.48488  89.3892  90.3534  0.49761  0  0  0  0
-311  14.7578  5.53086  103.625  104.818  0.49761  0  0  0  0
-211  0.229571  0.00260156  1.76432  1.78466  0.13957  0  0  0  0
223  8.18476  2.5879  57.3814  58.0253  0.785206  0  0  0  0
211  0.582883  -0.422227  2.4993  2.60461  0.13957  0  0  0  0
113  -0.378208  0.572033  6.51511  6.66129  1.20655  0  0  0  0
-211  0.530262  -0.398621  3.18535  3.25669  0.13957  0  0  0  0
213  -1.2118  0.340748  3.56006  3.86075  0.804247  0  0  0  0
111  -1.14418  -0.467974  2.33625  2.64659  0.13498  0  0  0  0
111  -0.621293  -0.221683  1.0507  1.24793  0.13498  0  0  0  0
221  -2.46807  0.532284  4.05887  4.81137  0.54785  0  0  0  0
221  -5.36728  -0.700449  9.77585  11.1877  0.54785  0  0  0  0
-213  -3.82716  0.386764  5.81263  7.02103  0.84347  0  0  0  0
211  -7.54559  -1.4998  13.186  15.2668  0.13957  0  0  0  0
-211  -2.78353  -0.0723098  3.87498  4.7737  0.13957  0  0  0  0
211  -4.09968  -0.882169  7.55754  8.64416  0.13957  0  0  0  0
221  -6.04299  -0.63693  10.8601  12.4565  0.54785  0  0  0  0
111  -2.00611  -0.0385721  2.81372  3.4585  0.13498  0  0  0  0
2112  -2.98689  -1.05101  4.77191  5.80346  0.93957  0  0  0  0
-213  -1.14197  -0.244273  1.07086  1.76748  0.783257  0  0  0  0
-1114  -2.26722  -0.628915  5.61421  6.23547  1.35126  0  0  0  0
-211  -2.69332  -0.382298  2.03581  3.40061  0.13957  0  0  0  0
223  -0.478641  -1.16574  5.09336  5.30424  0.777538  0  0  0  0
3222  -3.35717  -1.17979  29.3998  29.6383  1.18937  0  0  0  0
-3222  -2.88045  -1.24478  41.1976  41.334  1.18937  0  0  0  0
211  -0.173066  0.534615  6.5212  6.54686  0.13957  0  0  0  0
-211  -0.653375  -0.408963  19.276  19.2919  0.13957  0  0  0  0
211  -0.126919  0.051028  1.54093  1.55327  0.13957  0  0  0  0
313  -0.219103  -0.232418  133.679  133.683  0.89586  0  0  0  0
-323  -0.95768  0.119875  232.543  232.546  0.872091  0  0  0  0
213  -0.156834  0.482015  126.283  126.287  0.846229  0  0  0  0
111  -0.512103  -0.170004  208.239  208.239  0.13498  0  0  0  0
311  0.52477  -0.221732  40.6432  40.6502  0.49761  0  0  0  0
-313  -0.570136  0.368858  137.497  137.502  0.887647  0  0  0  0
-211  0.636394  -0.425311  24.8235  24.8357  0.13957  0  0  0  0
321  0.190243  0.293584  4.92442  4.96146  0.49368  0  0  0  0
-321  0.0170957  -0.0107037  24.5939  24.5989  0.49368  0  0  0  0
213  0.693944  -0.592848  3.35266  3.523  0.58155  0  0  0  0
111  -0.0490605  0.700535  1.1254  1.33338  0.13498  0  0  0  0
111  0.102179  -0.46  0.203825  0.530852  0.13498  0  0  0  0
-213  0.392814  0.290865  -0.297802  1.23948  1.09941  0  0  0  0
211  0.58783  0.208717  0.128965  0.652088  0.13957  0  0  0  0
-211  -0.0789324  -0.00845005  -0.0153834  0.161301  0.13957  0  0  0  0
211  0.0100072  0.0184225  -0.105933  0.176468  0.13957  0  0  0  0
-213  -0.0798866  -0.599944  -1.24021  1.56961  0.74783  0  0  0  0
213  1.01214  -0.0665652  -1.55725  2.10247  0.983107  0  0  0  0
311  0.0812225  -0.568765  -0.74313  1.06299  0.49761  0  0  0  0
-323  -0.590877  -0.422114  -3.38731  3.6323  1.09198  0  0  0  0
221  -0.0400145  -1.51264  -8.45697  8.60872  0.54785  0  0  0  0
111  -0.940948  -0.569249  -4.13598  4.28182  0.13498  0  0  0  0
111  0.124661  -0.0690136  -0.392316  0.438674  0.13498  0  0  0  0
223  -0.396167  -0.61257  -4.29558  4.42711  0.78428  0  0  0  0
2224  -0.965751  -1.47845  -53.6852  53.7296  1.28417  0  0  0  0
111  -0.53645  -2.80243  -63.8993  63.9631  0.13498  0  0  0  0
-2214  -1.09089  -3.50713  -103.6  103.673  1.30285  0  0  0  0
223  0.247941  0.012516  -107.722  107.725  0.776856  0  0  0  0
2112  -0.670696  -0.252574  -1783.96  1783.96  0.93957  0  0  0  0
211  0.112599  0.200938  -97.8782  97.8786  0.13957  0  0  0  0
111  -0.494728  0.0414636  -50.5599  50.5626  0.13498  0  0  0  0
2212  -0.48232  -0.0347481  -93.3762  93.3822  0.93827  0  0  0  0
111  0.119613  -0.0907935  -8.13425  8.13675  0.13498  0  0  0  0
-2212  -0.0239191  0.203154  -7.87084  7.92921  0.93827  0  0  0  0
-211  -0.0357998  -0.12209  -0.604156  0.632986  0.13957  0  0  0  0
2212  0.365541  0.0640481  -0.367068  1.07369  0.93827  0  0  0  0
111  -0.151798  0.0297028  -0.234148  0.311399  0.13498  0  0  0  0
-321  0.701098  -0.434686  2.08684  2.29763  0.49368  0  0  0  0
211  -0.0629185  0.131304  0.551871  0.587572  0.13957  0  0  0  0
211  0.494384  0.323704  303.071  303.072  0.13957  0  0  0  0
-211  -0.267163  0.280419  116.688  116.689  0.13957  0  0  0  0
211  3.03404  1.1518  19.5365  19.8047  0.13957  0  0  0  0
111  18.1602  6.1245  125.515  126.969  0.13498  0  0  0  0
211  -0.383154  0.574955  6.4787  6.51693  0.13957  0  0  0  0
-211  0.00494561  -0.00292173  0.0364177  0.144357  0.13957  0  0  0  0
211  -0.183097  0.371693  0.795157  0.907433  0.13957  0  0  0  0
111  -1.0287  -0.0309454  2.7649  2.95332  0.13498  0  0  0  0
-211  -1.2216  -0.0369507  2.4721  2.76124  0.13957  0  0  0  0
111  -2.60555  0.423715  3.34053  4.25979  0.13498  0  0  0  0
-211  -0.768503  -0.455343  0.475999  1.02176  0.13957  0  0  0  0
111  -0.373465  0.21107  0.594857  0.745722  0.13498  0  0  0  0
-2112  -2.13358  -0.7901  5.10625  5.6686  0.93957  0  0  0  0
211  -0.133642  0.161185  0.507954  0.566867  0.13957  0  0  0  0
321  -0.343707  -0.248159  67.9623  67.9654  0.49368  0  0  0  0
-211  0.124603  0.0157411  65.7171  65.7174  0.13957  0  0  0  0
-311  -0.636379  0.262766  120.235  120.238  0.49761  0  0  0  0
-211  -0.321301  -0.142891  112.308  112.308  0.13957  0  0  0  0
211  -0.0432617  -0.0972297  6.63678  6.6391  0.13957  0  0  0  0
111  -0.113573  0.579245  119.646  119.648  0.13498  0  0  0  0
-321  -0.119333  -0.000490846  72.5218  72.5236  0.49368  0  0  0  0
211  -0.450803  0.369349  64.9755  64.9782  0.13957  0  0  0  0
211  0.00363017  -0.276535  0.886912  0.939456  0.13957  0  0  0  0
111  0.690314  -0.316313  2.46575  2.58355  0.13498  0  0  0  0
-211  0.29076  0.694346  -0.194577  0.789936  0.13957  0  0  0  0
111  0.102053  -0.403481  -0.103225  0.449541  0.13498  0  0  0  0
-211  0.116552  -0.486605  -1.19342  1.30158  0.13957  0  0  0  0
111  -0.196438  -0.113339  -0.0467869  0.268034  0.13498  0  0  0  0
211  0.96377  -0.0142556  -0.623685  1.15651  0.13957  0  0  0  0
111  0.0483678  -0.0523096  -0.933563  0.945957  0.13498  0  0  0  0
-311  -0.738413  -0.277673  -3.16073  3.29548  0.49761  0  0  0  0
-211  0.147536  -0.144441  -0.226581  0.336822  0.13957  0  0  0  0
2212  -0.462349  -1.19722  -38.6329  38.6656  0.93827  0  0  0  0
211  -0.503402  -0.281229  -15.0523  15.0639  0.13957  0  0  0  0
-2112  -0.835648  -2.00533  -63.6858  63.7297  0.93957  0  0  0  0
-211  -0.255239  -1.5018  -39.9141  39.9434  0.13957  0  0  0  0
211  -0.135868  -0.102892  -1.81177  1.82511  0.13957  0  0  0  0
-211  -0.157858  0.0133392  -3.89712  3.90283  0.13957  0  0  0  0
111  0.0273372  0.0402626  -1.55162  1.55824  0.13498  0  0  0  0
211  0.180155  0.0333553  -1.63436  1.65051  0.13957  0  0  0  0
-211  0.0325179  0.023702  -1.66713  1.67344  0.13957  0  0  0  0
111  0.135367  0.125591  -4.84268  4.84807  0.13498  0  0  0  0
-3122  -0.683313  0.223296  19.1502  19.1961  1.11568  0  0  0  0
211  0.00319407  0.257209  7.47456  7.48028  0.13957  0  0  0  0
-211  0.0024899  -0.119053  7.5463  7.54853  0.13957  0  0  0  0
111  0.31216  0.0252858  6.42962  6.43866  0.13498  0  0  0  0
211  0.553053  0.209236  4.19712  4.24086  0.13957  0  0  0  0
-211  4.86591  1.72283  33.6404  34.0344  0.13957  0  0  0  0
111  2.76579  0.655827  19.5439  19.75  0.13498  0  0  0  0
211  -0.104722  -0.42458  1.68012  1.7417  0.13957  0  0  0  0
-211  -0.140497  -0.200202  2.07633  2.09533  0.13957  0  0  0  0
111  -0.233422  -0.540963  1.33692  1.46721  0.13498  0  0  0  0
2212  -2.83819  -0.802534  24.5365  24.731  0.93827  0  0  0  0
111  -0.518981  -0.377259  4.86329  4.90729  0.13498  0  0  0  0
-2212  -2.46217  -0.88843  33.0023  33.1193  0.93827  0  0  0  0
111  -0.418273  -0.356349  8.19526  8.21477  0.13498  0  0  0  0
111  -0.0463376  -0.196915  -0.92745  0.958804  0.13498  0  0  0  0
111  -0.0578463  -0.721488  -3.85986  3.92946  0.13498  0  0  0  0
111  0.0641695  -0.594241  -3.66966  3.72046  0.13498  0  0  0  0
211  -0.226582  -0.525953  -1.96709  2.05351  0.13957  0  0  0  0
-211  0.033532  0.0525147  -0.475515  0.499476  0.13957  0  0  0  0
111  -0.203117  -0.139132  -1.85297  1.87412  0.13498  0  0  0  0
211  0.0530855  0.107808  -61.1119  61.1122  0.13957  0  0  0  0
-211  0.140339  -0.203786  -37.0287  37.0298  0.13957  0  0  0  0
111  0.0545168  0.108494  -9.58137  9.58309  0.13498  0  0  0  0
-2212  -0.52182  0.0941305  15.5681  15.6054  0.93827  0  0  0  0
211  -0.161493  0.129165  3.58208  3.59076  0.13957  0  0  0  0
19  398
2212  0  0  2510  2510  0.93827  0  0  0  0
2212  0  0  -2510  2510  0.93827  0  0  0  0
-213  -0.749556  0.149823  186.496  186.499  0.678977  0  0  0  0
321  -0.31707  0.0885813  11.6704  11.6855  0.49368  0  0  0  0
-323  2.81092  1.13905  15.5632  15.8804  0.881218  0  0  0  0
213  2.65496  3.87605  28.4836  28.878  0.741347  0  0  0  0
313  3.48224  5.79436  41.5628  42.1187  0.90254  0  0  0  0
-313  1.47758  2.23134  14.9357  15.2006  0.906286  0  0  0  0
-211  0.297609  0.121401  2.87218  2.89348  0.13957  0  0  0  0
111  1.59262  2.34105  10.5653  10.939  0.13498  0  0  0  0
3224  8.78378  7.81143  37.0408  38.8856  1.37579  0  0  0  0
-3224  7.37174  7.09874  30.6621  32.3539  1.36893  0  0  0  0
323  7.41359  7.07907  30.6875  32.3658  0.866242  0  0  0  0
-311  1.56176  1.8601  7.07955  7.50112  0.49761  0  0  0  0
111  0.301758  0.472826  1.36095  1.47819  0.13498  0  0  0  0
-213  0.520066  0.760996  2.55431  2.82853  0.791505  0  0  0  0
213  1.80268  1.12526  5.95895  6.37822  0.810362  0  0  0  0
311  0.453145  0.972721  4.85399  4.99603  0.49761  0  0  0  0
-313  1.16909  0.875582  3.08836  3.53192  0.896157  0  0  0  0
111  0.676655  0.968875  0.00641248  1.18947  0.13498  0  0  0  0
-211  -0.320514  0.120413  0.701081  0.792605  0.13957  0  0  0  0
211  0.527734  0.419717  -0.929687  1.15692  0.13957  0  0  0  0
221  -0.325449  -0.0909443  -0.556239  0.850723  0.54785  0  0  0  0
2112  -0.732825  0.552045  -4.03185  4.24033  0.93957  0  0  0  0
-2112  -0.236548  0.141333  -5.10908  5.20206  0.93957  0  0  0  0
223  -0.390451  0.588155  -22.4192  22.4438  0.777188  0  0  0  0
-213  -0.283533  0.579149  -5.69697  5.78284  0.754967  0  0  0  0
111  -0.339918  -0.0952956  -7.1489  7.15889  0.13498  0  0  0  0
111  -0.374426  0.540807  -13.9547  13.9708  0.13498  0  0  0  0
323  -0.126359  0.122058  -2.35538  2.531  0.909552  0  0  0  0
-313  0.181848  -0.146088  -1.00267  1.31412  0.816783  0  0  0  0
-211  -0.0970643  -0.376925  -1.52404  1.57914  0.13957  0  0  0  0
223  0.415188  0.431912  -1.21749  1.56648  0.782712  0  0  0  0
321  -0.32972  -0.0953942  1.14347  1.29192  0.49368  0  0  0  0
-321  0.226017  0.280218  0.235016  0.654644  0.49368  0  0  0  0
113  0.503895  1.04084  23.7623  23.8039  0.802523  0  0  0  0
213  -0.312542  -0.111576  10.3971  10.4403  0.888593  0  0  0  0
113  -0.499952  -0.11251  38.9677  38.9789  0.779904  0  0  0  0
113  -0.223537  0.0445139  70.1877  70.1933  0.853875  0  0  0  0
211  0.356634  -0.162401  20.5504  20.5546  0.13957  0  0  0  0
111  -0.475381  0.717871  16.5149  16.5379  0.13498  0  0  0  0
311  0.597455  -0.430205  3.41997  3.53353  0.49761  0  0  0  0
-321  0.602156  -1.32587  3.16528  3.51898  0.49368  0  0  0  0
111  -0.0556755  -0.58145  0.66316  0.893971  0.13498  0  0  0  0
111  0.0549164  -0.265307  0.0994205  0.318602  0.13498  0  0  0  0
111  0.422579  -0.439748  0.742097  0.969989  0.13498  0  0  0  0
321  -0.266393  -0.412634  2.65707  2.74681  0.49368  0  0  0  0
-323  0.512576  -0.775656  -0.0114395  1.37064  1.00705  0  0  0  0
113  0.141528  -0.241637  -0.153693  0.874835  0.814429  0  0  0  0
211  -1.09527  -0.179717  -0.404439  1.18952  0.13957  0  0  0  0
223  0.747689  -0.346176  -0.340856  1.19309  0.792723  0  0  0  0
311  -0.15517  -0.618587  -11.67  11.698  0.49761  0  0  0  0
-311  0.272127  0.407504  -2.46973  2.56657  0.49761  0  0  0  0
-213  -1.58015  -0.541502  -23.3397  23.4102  0.713663  0  0  0  0
223  -0.48762  -0.0207623  -1.0019  1.36157  0.782213  0  0  0  0
111  0.130385  -0.424375  -0.207979  0.508497  0.13498  0  0  0  0
111  0.500368  0.285351  0.0640803  0.595079  0.13498  0  0  0  0
211  -0.454299  -0.0898747  -0.0658211  0.488136  0.13957  0  0  0  0
113  -0.0820876  0.265294  0.845482  1.42259  1.10987  0  0  0  0
-211  -0.332909  0.411278  0.369547  0.66032  0.13957  0  0  0  0
111  0.129346  -0.00195555  -0.0299682  0.189346  0.13498  0  0  0  0
213  0.238891  -0.228838  3.45542  3.52583  0.618175  0  0  0  0
223  -0.0633037  0.166863  1.33976  1.55792  0.774793  0  0  0  0
2212  0.531687  0.673363  -280.039  280.042  0.93827  0  0  0  0
-2212  0.553988  0.337727  -174.145  174.149  0.93827  0  0  0  0
221  -0.0964155  -0.0820146  -33.4336  33.4383  0.54785  0  0  0  0
211  -0.214382  -0.635338  -22.7053  22.7156  0.13957  0  0  0  0
-211  0.440351  0.626518  -13.8211  13.843  0.13957  0  0  0  0
111  -0.131721  -0.520787  -5.39995  5.42828  0.13498  0  0  0  0
211  0.834723  -0.216056  -5.90939  5.97359  0.13957  0  0  0  0
-211  1.13685  -3.19136  -7.71644  8.42853  0.13957  0  0  0  0
211  1.24862  -1.23734  -4.36193  4.70488  0.13957  0  0  0  0
-213  0.546178  -1.02987  -3.52038  3.77096  0.684151  0  0  0  0
211  0.110619  -0.605269  -0.43599  0.766912  0.13957  0  0  0  0
-213  1.02633  -0.390724  -2.16782  2.52636  0.69067  0  0  0  0
321  0.502118  -0.975053  -0.650806  1.36752  0.49368  0  0  0  0
-311  -0.0323265  -0.181985  -0.6989  0.877633  0.49761  0  0  0  0
113  0.795231  -1.01392  -2.06505  2.56736  0.816372  0  0  0  0
313  0.0529909  -0.521088  0.318005  1.34487  1.19717  0  0  0  0
-311  -2.18716  -0.534046  1.10005  2.55472  0.49761  0  0  0  0
-213  -5.93802  -1.63234  3.62177  7.18277  0.741779  0  0  0  0
3224  -4.57044  -1.66786  3.00405  5.89178  1.42061  0  0  0  0
-3224  -6.98338  -1.38255  4.65583  8.6178  1.38228  0  0  0  0
211  -3.65342  -0.560945  1.99807  4.20403  0.13957  0  0  0  0
-211  -0.213145  -0.412682  0.0269212  0.485738  0.13957  0  0  0  0
2214  -3.31499  -0.748049  2.51006  4.45366  1.40922  0  0  0  0
-213  -1.83418  -0.18524  1.30517  2.50406  1.08091  0  0  0  0
-1114  -0.857988  -0.975719  1.18897  2.14927  1.23188  0  0  0  0
313  0.0103499  -1.17618  -0.0914439  1.48401  0.900231  0  0  0  0
-311  -0.640588  -0.903132  1.42022  1.86833  0.49761  0  0  0  0
-211  0.126496  -0.171998  0.308386  0.400207  0.13957  0  0  0  0
223  -0.0396737  -0.50508  -0.0925742  0.94767  0.795505  0  0  0  0
213  -0.73003  -3.32911  5.98604  6.95903  0.989682  0  0  0  0
2112  -1.08233  -1.76852  4.97557  5.47158  0.93957  0  0  0  0
-2212  -3.95577  -10.9526  23.2738  26.0415  0.93827  0  0  0  0
113  -3.79922  -9.1692  20.3211  22.6278  0.74759  0  0  0  0
213  -0.247209  -1.07734  3.66886  3.90513  0.75347  0  0  0  0
223  -0.787109  -1.63175  2.58043  3.2485  0.7823  0  0  0  0
331  -0.150456  -0.775156  4.78884  4.9471  0.957786  0  0  0  0
-211  -0.894424  1.96402  26.4315  26.5199  0.13957  0  0  0  0
213  0.668507  0.8541  21.1044  21.1477  0.807327  0  0  0  0
1114  -0.429385  1.40606  32.3798  32.4365  1.23007  0  0  0  0
113  0.0794609  -0.100147  13.9799  14.0121  0.941097  0  0  0  0
223  -1.6009  -0.238869  -315.917  315.922  0.787566  0  0  0  0
111  0.307478  0.147788  -18.0497  18.0535  0.13498  0  0  0  0
311  -0.0717539  0.0600359  -36.8656  36.869  0.49761  0  0  0  0
-321  -0.829223  -0.543406  -40.9821  40.9971  0.49368  0  0  0  0
213  -0.0728121  0.233737  -47.1  47.1092  0.894338  0  0  0  0
-213  -0.431162  -0.0405827  -3.26739  3.48736  1.13943  0  0  0  0
211  0.32332  0.00860393  -1.27123  1.31914  0.13957  0  0  0  0
111  -0.193713  0.190162  0.729073  0.789591  0.13498  0  0  0  0
113  -0.00136406  -0.206147  0.770099  1.39296  1.14227  0  0  0  0
311  0.198208  -0.0761153  0.575339  0.789753  0.49761  0  0  0  0
-311  0.230721  -0.12554  2.0166  2.09363  0.49761  0  0  0  0
-211  -0.161236  0.470491  1.58184  1.66405  0.13957  0  0  0  0
211  0.293025  -0.0139738  5.36367  5.3735  0.13957  0  0  0  0
111  -0.291104  -0.236022  9.85338  9.86143  0.13498  0  0  0  0
223  0.270035  0.187234  59.2241  59.2302  0.784765  0  0  0  0
-211  -0.0409787  -0.247655  80.7278  80.7284  0.13957  0  0  0  0
2212  -0.36318  0.536281  242.947  242.95  0.93827  0  0  0  0
-2112  -0.185208  -0.376465  444.835  444.836  0.93957  0  0  0  0
211  0.6059  -0.177178  -116.707  116.708  0.13957  0  0  0  0
2212  0.120154  0.0535193  -237.199  237.2  0.93827  0  0  0  0
111  -0.207742  0.318819  -140.307  140.307  0.13498  0  0  0  0
-211  0.8369  0.047613  -66.1341  66.1396  0.13957  0  0  0  0
223  -0.855645  -0.309064  -18.8109  18.8512  0.83236  0  0  0  0
-311  1.04863  0.274084  -9.38836  9.4638  0.49761  0  0  0  0
313  -0.454967  0.351388  -2.52109  2.72623  0.863712  0  0  0  0
213  0.00142859  -0.3674  0.76243  1.17857  0.820209  0  0  0  0
-213  0.23099  0.177636  0.526508  1.24291  1.08752  0  0  0  0
211  -0.187456  -0.0253627  0.500741  0.553176  0.13957  0  0  0  0
-213  -0.0754799  -0.32831  1.27781  1.53421  0.77943  0  0  0  0
211  0.646912  0.546097  4.1413  4.22925  0.13957  0  0  0  0
-211  -0.199099  -0.712138  14.4195  14.4392  0.13957  0  0  0  0
211  -0.0429554  -0.540529  25.887  25.8931  0.13957  0  0  0  0
-211  0.535034  -0.420715  40.7184  40.7244  0.13957  0  0  0  0
113  -1.05653  -0.400914  46.5246  46.5472  0.909484  0  0  0  0
211  0.168238  0.0138004  7.77234  7.77542  0.13957  0  0  0  0
-213  -0.387991  -0.264729  60.9773  60.9841  0.776068  0  0  0  0
223  0.426521  -0.105801  73.0601  73.0656  0.789252  0  0  0  0
-1114  -1.39735  -0.140651  110.399  110.418  1.47631  0  0  0  0
1114  -0.806505  0.0718673  36.26  36.2921  1.29134  0  0  0  0
213  0.23585  0.957643  79.3866  79.4043  1.35411  0  0  0  0
-211  -1.17403  0.15074  16.2911  16.3346  0.13957  0  0  0  0
213  -0.130921  0.110359  10.8532  10.876  0.683131  0  0  0  0
-211  -0.277924  -0.0230418  0.470356  0.564347  0.13957  0  0  0  0
211  -0.18393  -0.0175163  3.95798  3.96474  0.13957  0  0  0  0
-213  -0.316467  -0.439304  3.35359  3.43791  0.528732  0  0  0  0
221  0.521662  0.068462  0.744143  1.06335  0.54785  0  0  0  0
111  -0.165136  -0.336733  0.071384  0.404937  0.13498  0  0  0  0
211  -0.232329  0.105509  0.115341  0.312878  0.13957  0  0  0  0
-2212  -0.222157  -1.05322  1.32593  1.9486  0.93827  0  0  0  0
2212  0.532814  0.00168372  -1.05473  1.50887  0.93827  0  0  0  0
-211  0.176613  0.343816  -0.394131  0.569404  0.13957  0  0  0  0
113  0.863228  -0.205084  -0.513042  1.30909  0.814419  0  0  0  0
213  -0.00247786  0.197437  -1.25495  1.50289  0.802985  0  0  0  0
223  -1.24877  1.57377  -5.36582  5.78101  0.769282  0  0  0  0
-213  -1.10732  0.20363  -2.03628  2.46721  0.820403  0  0  0  0
211  -1.57123  1.23992  -6.59883  6.89711  0.13957  0  0  0  0
-211  -0.306806  0.0281839  -0.196841  0.391345  0.13957  0  0  0  0
-311  -0.391142  0.590691  -3.56793  3.67147  0.49761  0  0  0  0
321  -0.899035  -0.128703  -1.33362  1.68733  0.49368  0  0  0  0
223  1.47989  0.387955  -2.31306  2.88139  0.782024  0  0  0  0
111  -0.492486  -1.33768  -5.85355  6.02612  0.13498  0  0  0  0
-211  -0.0258742  0.361954  -1.46874  1.51933  0.13957  0  0  0  0
211  0.111814  -0.292503  -0.534286  0.634824  0.13957  0  0  0  0
-323  0.0896674  0.188132  -5.39873  5.47531  0.888429  0  0  0  0
323  1.46248  -0.534709  -5.75807  6.03157  0.894283  0  0  0  0
-211  -0.0249169  0.45168  -2.24825  2.29755  0.13957  0  0  0  0
-2114  0.542501  0.146428  -38.7863  38.81  1.23358  0  0  0  0
223  -0.189344  0.21215  -60.4828  60.4887  0.795302  0  0  0  0
3122  0.396815  -0.0305913  -117.29  117.296  1.11568  0  0  0  0
221  0.352624  0.19466  -51.1731  51.1776  0.54785  0  0  0  0
311  0.617843  0.051322  -167.738  167.74  0.49761  0  0  0  0
223  0.468865  -0.146509  -130.403  130.407  0.802933  0  0  0  0
111  0.808516  -0.10562  -89.5721  89.5759  0.13498  0  0  0  0
211  -0.102189  0.169682  -7.63508  7.63892  0.13957  0  0  0  0
-213  -0.210466  -0.214932  -37.8203  37.8311  0.854283  0  0  0  0
221  -0.126722  0.156551  -3.27733  3.32891  0.54785  0  0  0  0
221  0.182289  -0.244695  -3.04777  3.11162  0.54785  0  0  0  0
223  -0.0416829  -0.0278441  -2.66379  2.77349  0.770683  0  0  0  0
211  0.32473  0.473962  -1.24691  1.37998  0.13957  0  0  0  0
-211  -0.254476  -0.817167  -0.668991  1.09524  0.13957  0  0  0  0
211  0.195066  0.705618  -0.00533474  0.745289  0.13957  0  0  0  0
-323  0.0818182  -0.282747  -1.10717  1.46542  0.913787  0  0  0  0
311  0.0288872  -0.223672  0.0739653  0.551317  0.49761  0  0  0  0
221  0.0794069  0.348532  0.832383  1.05867  0.54785  0  0  0  0
211  -0.297942  0.168882  0.740141  0.827393  0.13957  0  0  0  0
-321  -0.237438  0.111167  0.937329  1.09135  0.49368  0  0  0  0
321  0.194064  -0.207796  3.10925  3.16102  0.49368  0  0  0  0
-213  0.139963  -0.212036  11.8138  11.8381  0.713302  0  0  0  0
211  -0.110021  0.136342  34.9093  34.91  0.13957  0  0  0  0
-211  -0.262691  -0.26039  16.5868  16.5915  0.13957  0  0  0  0
211  0.502044  0.403999  33.941  33.9474  0.13957  0  0  0  0
113  -0.0994843  -0.291931  62.7107  62.7168  0.820293  0  0  0  0
-213  0.284481  0.14813  35.878  35.8865  0.710149  0  0  0  0
111  -0.402206  -0.114676  70.6017  70.6031  0.13498  0  0  0  0
-211  -0.3245  -0.209591  104.18  104.181  0.13957  0  0  0  0
111  -0.425056  0.359414  82.3157  82.3177  0.13498  0  0  0  0
-311  1.40416  0.552722  9.16727  9.30396  0.49761  0  0  0  0
-211  1.40676  0.586324  6.39593  6.57649  0.13957  0  0  0  0
211  1.68839  2.99752  20.6404  20.9256  0.13957  0  0  0  0
111  0.96657  0.87853  7.84317  7.95234  0.13498  0  0  0  0
311  3.05985  4.60871  33.8059  34.2592  0.49761  0  0  0  0
111  0.422395  1.18565  7.75684  7.85945  0.13498  0  0  0  0
-321  0.649006  1.38613  9.56625  9.70049  0.49368  0  0  0  0
211  0.828573  0.845206  5.3694  5.50008  0.13957  0  0  0  0
3122  6.17735  5.66536  26.4758  27.7933  1.11568  0  0  0  0
211  2.60643  2.14607  10.565  11.0922  0.13957  0  0  0  0
-3122  5.47385  5.38415  22.61  23.9042  1.11568  0  0  0  0
-211  1.89789  1.71459  8.05208  8.44969  0.13957  0  0  0  0
321  5.07541  4.78286  20.034  21.2189  0.49368  0  0  0  0
111  2.33817  2.2962  10.6535  11.1469  0.13498  0  0  0  0
-211  0.210918  0.831363  1.8881  2.07847  0.13957  0  0  0  0
111  0.309148  -0.0703673  0.666207  0.750051  0.13498  0  0  0  0
211  0.814226  0.522056  3.81083  3.93413  0.13957  0  0  0  0
111  0.988454  0.603206  2.14812  2.44408  0.13498  0  0  0  0
-321  0.770806  0.879702  2.54338  2.84262  0.49368  0  0  0  0
211  0.398288  -0.00412027  0.544982  0.689301  0.13957  0  0  0  0
-211  -0.0837878  -0.151664  -1.37862  1.39646  0.13957  0  0  0  0
111  -0.199745  0.730813  -4.31835  4.38639  0.13498  0  0  0  0
311  -0.264551  0.26931  -2.02672  2.12079  0.49761  0  0  0  0
211  0.138192  -0.147252  -0.328655  0.410212  0.13957  0  0  0  0
-321  -0.0323347  -0.200526  -0.433069  0.687405  0.49368  0  0  0  0
211  0.214182  0.0544386  -0.569604  0.626711  0.13957  0  0  0  0
211  0.533087  0.255839  10.9353  10.9522  0.13957  0  0  0  0
-211  -0.0291924  0.785  12.827  12.8517  0.13957  0  0  0  0
211  -0.365128  0.160598  2.37834  2.41559  0.13957  0  0  0  0
111  0.0525856  -0.272174  8.01873  8.02466  0.13498  0  0  0  0
211  0.17165  0.0490486  8.46113  8.46416  0.13957  0  0  0  0
-211  -0.671602  -0.161559  30.5066  30.5147  0.13957  0  0  0  0
211  -0.262968  -0.0646422  8.76032  8.76561  0.13957  0  0  0  0
-211  0.0394303  0.109156  61.4274  61.4277  0.13957  0  0  0  0
-311  0.534636  -0.878626  0.124297  1.1493  0.49761  0  0  0  0
-211  -0.0220599  0.10297  -0.135737  0.221345  0.13957  0  0  0  0
211  -0.294124  -0.230013  -0.118575  0.415878  0.13957  0  0  0  0
-211  0.435652  -0.0116243  -0.0351185  0.458957  0.13957  0  0  0  0
-211  -0.0429137  -0.093882  -1.21906  1.23136  0.13957  0  0  0  0
111  -1.53724  -0.44762  -22.1206  22.1789  0.13498  0  0  0  0
211  -0.150823  -0.310615  0.723444  0.813683  0.13957  0  0  0  0
-211  0.068735  0.575909  0.122038  0.608908  0.13957  0  0  0  0
211  0.274959  -0.133095  0.835944  0.900888  0.13957  0  0  0  0
111  -0.0360672  -0.095743  2.61948  2.62495  0.13498  0  0  0  0
-211  -0.0954907  -0.308678  -0.643958  0.733868  0.13957  0  0  0  0
111  0.641669  -0.721194  -2.87642  3.03709  0.13498  0  0  0  0
-211  0.68234  0.0563633  -1.39361  1.55897  0.13957  0  0  0  0
111  0.343991  -0.447087  -0.774212  0.967388  0.13498  0  0  0  0
211  0.252983  0.0733651  -0.485091  0.569365  0.13957  0  0  0  0
-211  0.542248  -1.08729  -1.57996  1.99799  0.13957  0  0  0  0
321  0.250455  -0.712598  0.451214  1.00888  0.49368  0  0  0  0
-211  -0.197464  0.19151  -0.133209  0.335995  0.13957  0  0  0  0
-211  -5.6744  -1.55652  3.53209  6.86416  0.13957  0  0  0  0
111  -0.263626  -0.0758166  0.0896789  0.318604  0.13498  0  0  0  0
3222  -4.19005  -1.44429  2.86555  5.41004  1.18937  0  0  0  0
111  -0.380391  -0.223567  0.138493  0.481746  0.13498  0  0  0  0
-3122  -6.58887  -1.18151  4.31675  8.0429  1.11568  0  0  0  0
-211  -0.394501  -0.201037  0.339081  0.574894  0.13957  0  0  0  0
2212  -1.81176  -0.301953  1.75471  2.70795  0.93827  0  0  0  0
111  -1.50323  -0.446096  0.755349  1.7457  0.13498  0  0  0  0
-211  -0.968797  0.260217  1.10933  1.50212  0.13957  0  0  0  0
111  -0.86538  -0.445457  0.195836  1.00194  0.13498  0  0  0  0
-2112  -0.823204  -0.621471  1.03445  1.73688  0.93957  0  0  0  0
211  -0.0347842  -0.354248  0.154522  0.412382  0.13957  0  0  0  0
321  -0.140809  -0.445582  0.132674  0.692598  0.49368  0  0  0  0
-211  0.151159  -0.7306  -0.224118  0.791413  0.13957  0  0  0  0
211  -0.824959  -3.01267  5.70163  6.50268  0.13957  0  0  0  0
111  0.0949289  -0.316444  0.284406  0.456349  0.13498  0  0  0  0
211  -2.72938  -6.8723  14.4874  16.266  0.13957  0  0  0  0
-211  -1.06983  -2.2969  5.8337  6.36175  0.13957  0  0  0  0
211  0.192292  -0.105111  0.811498  0.852076  0.13957  0  0  0  0
111  -0.439502  -0.972226  2.85737  3.05305  0.13498  0  0  0  0
211  -0.106209  0.0646618  1.49597  1.50761  0.13957  0  0  0  0
111  0.774717  0.789438  19.6084  19.6401  0.13498  0  0  0  0
2112  -0.108667  1.02026  24.5558  24.5952  0.93957  0  0  0  0
-211  -0.320718  0.385799  7.82398  7.84129  0.13957  0  0  0  0
211  -0.25472  0.122145  10.7219  10.7265  0.13957  0  0  0  0
-211  0.334181  -0.222292  3.258  3.2856  0.13957  0  0  0  0
211  -0.412244  0.315921  -31.7891  31.7936  0.13957  0  0  0  0
111  0.339432  -0.0821839  -15.3109  15.3155  0.13498  0  0  0  0
-211  -0.683128  0.00909705  -1.11207  1.31261  0.13957  0  0  0  0
111  0.251966  -0.0496797  -2.15532  2.17476  0.13498  0  0  0  0
211  0.540581  -0.0389058  0.258387  0.616429  0.13957  0  0  0  0
-211  -0.541945  -0.167241  0.511712  0.776532  0.13957  0  0  0  0
321  -0.279851  0.269721  -0.961881  1.14891  0.49368  0  0  0  0
-211  -0.175116  0.0816671  -1.55921  1.57732  0.13957  0  0  0  0
211  -0.152852  0.0177989  0.70918  0.738984  0.13957  0  0  0  0
111  0.15428  -0.385199  0.0532493  0.439586  0.13498  0  0  0  0
-211  0.190424  0.584101  0.101435  0.638125  0.13957  0  0  0  0
111  0.0405661  -0.406465  0.425072  0.604786  0.13498  0  0  0  0
-211  -0.277929  -0.179387  1.17876  1.23223  0.13957  0  0  0  0
111  0.202449  -0.148923  0.0990523  0.301984  0.13498  0  0  0  0
211  -0.223531  -0.0913866  2.91099  2.92433  0.13957  0  0  0  0
-211  -0.832995  -0.309528  43.6136  43.6229  0.13957  0  0  0  0
-211  0.0956275  -0.0283486  36.7165  36.7169  0.13957  0  0  0  0
111  -0.483618  -0.236381  24.2609  24.2672  0.13498  0  0  0  0
-2112  -1.52384  -0.0043066  101.382  101.397  0.93957  0  0  0  0
211  0.126482  -0.136345  9.01713  9.02012  0.13957  0  0  0  0
2112  -0.685281  0.155306  22.5342  22.5648  0.93957  0  0  0  0
-211  -0.121224  -0.0834388  13.7258  13.7273  0.13957  0  0  0  0
211  -0.171888  1.08432  67.7867  67.7957  0.13957  0  0  0  0
111  0.407738  -0.126674  11.6  11.6086  0.13498  0  0  0  0
211  -0.0597485  -0.254362  5.69357  5.70127  0.13957  0  0  0  0
111  -0.0711723  0.364722  5.15962  5.17474  0.13498  0  0  0  0
-211  -0.0221989  -0.0153739  1.56596  1.5724  0.13957  0  0  0  0
111  -0.294268  -0.42393  1.78763  1.86552  0.13498  0  0  0  0
211  0.460927  0.184068  -0.519891  0.73219  0.13957  0  0  0  0
-211  0.402301  -0.389152  0.00684942  0.576899  0.13957  0  0  0  0
211  0.0703452  0.142649  -1.31304  1.32998  0.13957  0  0  0  0
111  -0.0728231  0.0547877  0.0580848  0.172911  0.13498  0  0  0  0
-211  -0.766855  0.307007  -1.87548  2.05408  0.13957  0  0  0  0
111  -0.340466  -0.103377  -0.160801  0.413135  0.13498  0  0  0  0
-321  0.277578  0.286984  -3.21186  3.27401  0.49368  0  0  0  0
111  -0.18791  -0.0988519  -2.18687  2.20129  0.13498  0  0  0  0
321  0.404204  -0.177883  -1.85979  1.97423  0.49368  0  0  0  0
111  1.05827  -0.356826  -3.89828  4.05735  0.13498  0  0  0  0
-2112  0.354581  0.297405  -26.7238  26.7443  0.93957  0  0  0  0
111  0.187921  -0.150977  -12.0625  12.0656  0.13498  0  0  0  0
-211  0.24263  -0.276183  -22.4751  22.4785  0.13957  0  0  0  0
111  -0.453095  0.0612503  -15.3452  15.3526  0.13498  0  0  0  0
-311  -0.0983306  0.0669069  -0.790092  0.941279  0.49761  0  0  0  0
-211  0.180149  -0.349654  -0.317077  0.524146  0.13957  0  0  0  0
-211  -0.149158  -0.0893815  1.32185  1.34052  0.13957  0  0  0  0
111  0.28912  -0.122654  10.492  10.4975  0.13498  0  0  0  0
211  -0.175008  0.152369  41.4702  41.4711  0.13957  0  0  0  0
-211  0.0755237  -0.4443  21.2405  21.2457  0.13957  0  0  0  0
-211  0.0729089  0.3956  20.5202  20.5247  0.13957  0  0  0  0
111  0.211572  -0.24747  15.3578  15.3618  0.13498  0  0  0  0
111  -0.148508  -0.0555285  -0.031737  0.21063  0.13498  0  0  0  0
111  -0.0843792  -0.0489138  -0.402259  0.435367  0.13498  0  0  0  0
111  -0.0925619  0.0134979  -0.122243  0.204727  0.13498  0  0  0  0
211  -0.0712313  0.103796  -1.78082  1.79071  0.13957  0  0  0  0
-211  -0.215024  0.539426  -15.1951  15.2068  0.13957  0  0  0  0
111  -0.104196  -0.0550671  -5.4433  5.44625  0.13498  0  0  0  0
211  0.1759  0.00800866  -0.0226927  0.225831  0.13957  0  0  0  0
-211  0.1815  0.201861  -0.86221  0.914646  0.13957  0  0  0  0
111  0.057788  0.222042  -0.332588  0.426001  0.13498  0  0  0  0
211  0.262853  -0.283522  -0.0691586  0.41682  0.13957  0  0  0  0
-211  0.299585  0.0379736  0.0823039  0.342705  0.13957  0  0  0  0
111  0.185251  -0.100628  -0.354001  0.433567  0.13498  0  0  0  0
211  -0.335757  -0.190063  -0.503497  0.649496  0.13957  0  0  0  0
-211  -0.187894  0.164808  -0.123143  0.311624  0.13957  0  0  0  0
111  0.03603  0.0044926  -0.375258  0.400446  0.13498  0  0  0  0
211  0.117319  0.207092  0.72277  0.773646  0.13957  0  0  0  0
-211  -0.0686339  -0.00872129  0.582244  0.602723  0.13957  0  0  0  0
111  -0.111989  -0.0315069  0.0347476  0.181552  0.13498  0  0  0  0
111  -0.0457608  -0.0652522  -22.4566  22.4571  0.13498  0  0  0  0
111  -0.0466431  -0.0409431  -7.50709  7.50856  0.13498  0  0  0  0
111  -0.00401169  0.0241808  -3.4699  3.47261  0.13498  0  0  0  0
111  -0.402957  -0.29922  0.00108404  0.519739  0.13498  0  0  0  0
211  -0.103185  -0.600872  0.705571  0.94287  0.13957  0  0  0  0
-211  -0.12688  -0.0780224  0.481388  0.522877  0.13957  0  0  0  0
111  -0.557044  -0.952852  1.39348  1.78276  0.13498  0  0  0  0
211  0.0273563  -0.10386  0.703223  0.724939  0.13957  0  0  0  0
-211  -0.158489  -0.156634  1.71833  1.73833  0.13957  0  0  0  0
221  -0.0193241  -0.514662  2.36729  2.48384  0.54785  0  0  0  0
211  -0.103796  0.0236885  -40.4676  40.468  0.13957  0  0  0  0
-211  -0.422365  -0.251296  -67.9959  67.9979  0.13957  0  0  0  0
111  -1.07474  -0.0112613  -207.454  207.456  0.13498  0  0  0  0
211  0.0670078  -0.0491996  12.3824  12.3834  0.13957  0  0  0  0
-211  0.294327  -0.0244087  33.0593  33.0609  0.13957  0  0  0  0
111  -0.0912999  0.260842  13.7824  13.7859  0.13498  0  0  0  0
111  -0.266564  0.272631  -5.87635  5.89025  0.13498  0  0  0  0
211  -0.0347037  -0.0278066  3.54429  3.54731  0.13957  0  0  0  0
-211  0.134027  -0.129473  32.3455  32.3463  0.13957  0  0  0  0
111  0.327198  0.0514784  37.1703  37.172  0.13498  0  0  0  0
211  -0.0322951  0.237683  -0.661328  0.717196  0.13957  0  0  0  0
-211  -0.803701  0.964583  -3.67865  3.88952  0.13957  0  0  0  0
111  -0.412772  0.371507  -1.02584  1.1743  0.13498  0  0  0  0
211  0.254146  0.284773  -0.323616  0.519512  0.13957  0  0  0  0
-211  0.421439  0.0995294  -0.784243  0.906661  0.13957  0  0  0  0
111  0.804302  0.00365251  -1.2052  1.45521  0.13498  0  0  0  0
211  0.115582  -0.0200173  -19.6694  19.6703  0.13957  0  0  0  0
-211  -0.268151  -0.0646224  -17.2803  17.2831  0.13957  0  0  0  0
111  -0.0367757  0.29679  -23.5331  23.5353  0.13498  0  0  0  0
2212  0.360177  -0.0851507  -92.4398  92.4453  0.93827  0  0  0  0
-211  0.036638  0.0545595  -24.8506  24.8511  0.13957  0  0  0  0
211  0.152484  0.0618836  -14.4132  14.4149  0.13957  0  0  0  0
-211  0.227926  -0.334744  -68.4583  68.4596  0.13957  0  0  0  0
111  0.0884549  0.126351  -47.532  47.5324  0.13498  0  0  0  0
111  -0.126061  -0.00924669  -0.683171  0.707756  0.13498  0  0  0  0
111  0.00603391  0.0920771  -2.02327  2.02987  0.13498  0  0  0  0
111  -0.0066946  0.0737203  -0.570889  0.591281  0.13498  0  0  0  0
211  0.102524  0.0427262  -0.937934  0.954744  0.13957  0  0  0  0
-211  0.0141895  -0.333017  -1.56277  1.604  0.13957  0  0  0  0
211  0.103561  0.143619  -0.847387  0.876867  0.13957  0  0  0  0
-211  -0.0585768  0.0670278  -0.224238  0.278723  0.13957  0  0  0  0
111  -0.0866671  -0.238491  -1.59217  1.6179  0.13498  0  0  0  0
111  0.160947  0.0259371  0.294837  0.36294  0.13498  0  0  0  0
111  -0.00230355  0.157901  0.317569  0.379484  0.13498  0  0  0  0
111  -0.0792362  0.164693  0.219977  0.316246  0.13498  0  0  0  0
2212  4.67242  4.31597  20.0696  21.0744  0.93827  0  0  0  0
-211  1.50493  1.34938  6.40621  6.71898  0.13957  0  0  0  0
-2112  4.8078  4.58927  19.629  20.745  0.93957  0  0  0  0
111  0.666055  0.794879  2.98101  3.15913  0.13498  0  0  0  0
2112  -3.59421  -1.05037  2.38523  4.53803  0.93957  0  0  0  0
211  -0.595838  -0.393924  0.480328  0.872006  0.13957  0  0  0  0
-2212  -5.15027  -0.956818  3.30863  6.26643  0.93827  0  0  0  0
211  -1.43861  -0.224694  1.00812  1.77647  0.13957  0  0  0  0
20  212
2212  0  0  2510  2510  0.93827  0  0  0  0
2212  0  0  -2510  2510  0.93827  0  0  0  0
3122  -0.38258  0.104087  2.67979  2.92971  1.11568  0  0  0  0
-2112  -0.210781  -0.283503  4.64202  4.74931  0.93957  0  0  0  0
113  -0.070619  -0.0365763  4.47313  4.53919  0.767496  0  0  0  0
223  -0.167412  -0.0312075  14.5168  14.539  0.785057  0  0  0  0
111  0.282168  -0.472928  23.06  23.0669  0.13498  0  0  0  0
-211  -0.205682  -0.176791  14.5813  14.5844  0.13957  0  0  0  0
2212  -0.132126  0.564223  136.943  136.947  0.93827  0  0  0  0
-2212  0.332583  -0.942131  309.228  309.231  0.93827  0  0  0  0
2212  -0.400349  0.650672  561.485  561.487  0.93827  0  0  0  0
113  0.541371  -0.70234  1255.36  1255.36  1.17309  0  0  0  0
323  -0.768947  -0.0772346  4.27116  4.43977  0.933565  0  0  0  0
3122  -0.643898  0.128035  0.956041  1.60927  1.11568  0  0  0  0
-2212  -0.928712  -0.238949  1.49004  2.00503  0.93827  0  0  0  0
321  0.042513  0.257371  1.79577  1.88057  0.49368  0  0  0  0
-323  -1.35884  -0.288037  3.20765  3.60086  0.864736  0  0  0  0
111  -0.311344  0.0138848  0.0616387  0.345176  0.13498  0  0  0  0
111  -0.927385  -0.27347  2.75952  2.92711  0.13498  0  0  0  0
211  0.165779  1.38028  3.40966  3.68482  0.13957  0  0  0  0
221  -0.62137  1.15604  4.74608  4.95459  0.54785  0  0  0  0
223  -0.101267  0.73418  2.85739  3.05378  0.782045  0  0  0  0
-213  -0.518335  1.09921  3.59962  3.89361  0.852046  0  0  0  0
211  0.545153  0.778964  2.28637  2.48011  0.13957  0  0  0  0
311  -0.442259  1.56275  5.59437  5.84657  0.49761  0  0  0  0
-311  0.241716  0.504994  1.1269  1.35313  0.49761  0  0  0  0
-213  -0.119944  -0.292363  0.790474  1.17184  0.805293  0  0  0  0
111  0.814578  -0.230651  -0.234644  0.888828  0.13498  0  0  0  0
331  -1.26685  -1.29674  -0.534704  2.11895  0.95791  0  0  0  0
111  -0.0889536  -0.49919  -1.38604  1.48204  0.13498  0  0  0  0
321  -2.5716  -2.67276  -10.8921  11.5168  0.49368  0  0  0  0
-321  -9.83552  -10.3739  -45.3931  47.5934  0.49368  0  0  0  0
211  -0.61701  -0.791709  -2.2553  2.47252  0.13957  0  0  0  0
221  -1.61357  -1.76411  -6.50502  6.95206  0.54785  0  0  0  0
331  -2.95481  -3.55439  -14.0628  14.8339  0.957802  0  0  0  0
311  -2.46155  -2.29522  -9.66876  10.2499  0.49761  0  0  0  0
3122  -4.89014  -4.89314  -21.7816  22.881  1.11568  0  0  0  0
-2112  -1.66322  -1.78129  -5.56699  6.14926  0.93957  0  0  0  0
223  -1.8152  -1.5447  -8.64707  9.00415  0.788605  0  0  0  0
311  -0.256765  -0.784121  -3.11558  3.26117  0.49761  0  0  0  0
-323  -0.119735  0.206567  -5.51948  5.59002  0.852419  0  0  0  0
221  0.116626  -0.474492  -3.47038  3.54718  0.54785  0  0  0  0
111  -0.676832  0.00445819  -5.08939  5.13598  0.13498  0  0  0  0
321  0.151192  -0.185771  -4.82573  4.85683  0.49368  0  0  0  0
-321  -0.735462  0.246342  -6.16138  6.2296  0.49368  0  0  0  0
323  0.128828  -0.61841  -13.7871  13.8361  0.977797  0  0  0  0
-313  -0.55132  -0.221976  -5.60117  5.7212  1.00288  0  0  0  0
-211  0.514573  -0.185826  -4.11031  4.14891  0.13957  0  0  0  0
323  0.012897  0.542143  -0.662848  1.18227  0.815045  0  0  0  0
-313  -0.291698  0.166051  0.978551  1.38664  0.92333  0  0  0  0
-213  0.19087  -0.16081  0.195633  0.892012  0.83374  0  0  0  0
111  -0.15066  0.163407  0.902404  0.939124  0.13498  0  0  0  0
213  -0.712724  0.0802603  1.32786  1.67347  0.723099  0  0  0  0
311  -0.338959  1.96428  18.1267  18.2428  0.49761  0  0  0  0
221  14.8676  7.32722  -324.432  324.856  0.54785  0  0  0  0
113  2.94155  1.27201  -69.2303  69.3092  0.814184  0  0  0  0
-211  2.13342  0.883864  -38.2409  38.3108  0.13957  0  0  0  0
211  2.02187  0.434958  -59.0541  59.0904  0.13957  0  0  0  0
113  -0.321419  0.0145182  -14.4639  14.4822  0.652758  0  0  0  0
-211  0.87984  0.466502  -33.6747  33.6897  0.13957  0  0  0  0
211  0.227356  0.135244  -2.40884  2.42734  0.13957  0  0  0  0
113  0.527704  -0.896593  -34.5386  34.5603  0.644839  0  0  0  0
-213  0.0421447  2.23696  -32.4311  32.5189  0.836311  0  0  0  0
213  0.238812  0.626114  -17.1426  17.1698  0.697656  0  0  0  0
111  0.585735  1.07244  -12.6175  12.6773  0.13498  0  0  0  0
221  0.358563  0.0413631  -1.73531  1.85519  0.54785  0  0  0  0
313  -0.0379714  0.494981  -3.22959  3.40429  0.955254  0  0  0  0
-321  1.34774  -0.106917  -2.05091  2.50555  0.49368  0  0  0  0
111  0.154306  -0.395642  -0.463844  0.643206  0.13498  0  0  0  0
111  0.799878  0.310219  -0.408824  0.959894  0.13498  0  0  0  0
211  0.197506  -0.189472  -0.329193  0.450284  0.13957  0  0  0  0
-211  1.21748  0.54915  -1.5375  2.04137  0.13957  0  0  0  0
113  3.33353  -0.322597  -1.44494  3.71745  0.717699  0  0  0  0
3212  6.50341  -0.248693  -4.46705  7.9833  1.19264  0  0  0  0
-3212  5.58214  -0.938812  -2.90819  6.47469  1.19264  0  0  0  0
113  4.74419  -1.59233  -2.80078  5.78521  0.762562  0  0  0  0
211  0.637587  -0.196589  -0.797901  1.04942  0.13957  0  0  0  0
1114  0.373474  0.316065  -0.181778  1.36469  1.26093  0  0  0  0
-1114  -5.31322  7.72501  -1.90723  9.72983  1.76804  0  0  0  0
-211  -0.206231  1.07025  0.262184  1.12969  0.13957  0  0  0  0
211  -1.8291  2.79269  -0.375439  3.36231  0.13957  0  0  0  0
-211  -1.89728  2.32946  -0.538212  3.05536  0.13957  0  0  0  0
111  -0.369246  0.316221  -0.0427435  0.506345  0.13498  0  0  0  0
111  -0.223406  0.711799  -0.457474  0.885477  0.13498  0  0  0  0
111  -1.22644  1.42961  -0.0241641  1.88859  0.13498  0  0  0  0
3224  -0.929226  -0.0874939  0.96321  1.92739  1.38417  0  0  0  0
323  -0.529049  -0.146277  2.08295  2.33155  0.892281  0  0  0  0
-2214  -0.325832  -0.155252  3.7936  4.00189  1.22207  0  0  0  0
113  -0.330308  -1.28122  7.51987  7.75464  1.35474  0  0  0  0
-211  0.24687  0.624617  36.8442  36.8506  0.13957  0  0  0  0
211  0.0990194  -0.220451  0.643148  0.701087  0.13957  0  0  0  0
221  0.294412  -0.445183  5.37931  5.43341  0.54785  0  0  0  0
111  -0.163086  -0.128351  1.89256  1.90868  0.13498  0  0  0  0
-211  0.571558  -0.076968  21.6264  21.6346  0.13957  0  0  0  0
213  0.40528  0.445111  10.862  10.9102  0.829264  0  0  0  0
-211  -0.492622  0.351338  3.77032  3.82111  0.13957  0  0  0  0
323  0.327188  0.159571  0.350862  1.02649  0.893338  0  0  0  0
-313  -0.117244  -0.127814  -8.10461  8.16847  1.00457  0  0  0  0
-211  -0.261198  -0.529232  -5.57898  5.61184  0.13957  0  0  0  0
211  -0.0994753  -0.00812246  -1.69958  1.70822  0.13957  0  0  0  0
-213  0.338465  0.0565333  -37.606  37.6163  0.811372  0  0  0  0
321  0.408668  -0.63351  -246.575  246.577  0.49368  0  0  0  0
3122  -0.0334417  0.299061  -803.485  803.486  1.11568  0  0  0  0
211  0.142097  0.0711884  -537.184  537.184  0.13957  0  0  0  0
211  0.0400775  0.294763  1.1884  1.23299  0.13957  0  0  0  0
-211  -0.110697  -0.331339  3.28473  3.3062  0.13957  0  0  0  0
211  -0.277783  -0.202909  630.413  630.413  0.13957  0  0  0  0
-211  0.819155  -0.499432  624.943  624.944  0.13957  0  0  0  0
311  -0.0985735  -0.0245664  1.45529  1.54136  0.49761  0  0  0  0
211  -0.670373  -0.0526682  2.81587  2.89841  0.13957  0  0  0  0
-311  -1.362  -0.258925  3.05728  3.39362  0.49761  0  0  0  0
-211  0.0031617  -0.0291118  0.150375  0.207244  0.13957  0  0  0  0
-211  0.0354832  0.0057543  0.0813521  0.1655  0.13957  0  0  0  0
111  -0.553818  1.09346  3.51827  3.72811  0.13498  0  0  0  0
-211  0.299489  -0.221413  0.245346  0.467324  0.13957  0  0  0  0
111  -0.419433  -0.0709497  0.545128  0.704516  0.13498  0  0  0  0
-311  -0.0435736  0.315398  -5.02035  5.05499  0.49761  0  0  0  0
-211  -0.0761616  -0.108831  -0.499129  0.535028  0.13957  0  0  0  0
311  -0.250913  -0.253458  -8.04696  8.07022  0.49761  0  0  0  0
211  0.379741  -0.364952  -5.74011  5.76591  0.13957  0  0  0  0
-321  0.00843807  -0.0877346  -3.58235  3.61728  0.49368  0  0  0  0
211  -0.559758  -0.134241  -2.01882  2.10392  0.13957  0  0  0  0
321  0.202719  0.39842  -0.610782  0.903664  0.49368  0  0  0  0
111  -0.189822  0.143723  -0.0520661  0.278602  0.13498  0  0  0  0
-311  0.1185  0.138966  0.674249  0.85766  0.49761  0  0  0  0
111  -0.410199  0.0270854  0.304302  0.528976  0.13498  0  0  0  0
-211  -0.155034  -0.167679  -0.211371  0.341042  0.13957  0  0  0  0
111  0.345904  0.00686949  0.407004  0.550971  0.13498  0  0  0  0
211  -0.776942  0.210183  1.01056  1.29943  0.13957  0  0  0  0
111  0.0642183  -0.129923  0.3173  0.374036  0.13498  0  0  0  0
211  0.280044  -0.0658255  -5.68206  5.69105  0.13957  0  0  0  0
-211  2.6615  1.33784  -63.5482  63.6181  0.13957  0  0  0  0
211  -0.430472  0.155661  -11.3425  11.3526  0.13957  0  0  0  0
-211  0.109053  -0.141142  -3.12144  3.12965  0.13957  0  0  0  0
211  0.0475106  0.0371803  -2.93572  2.93965  0.13957  0  0  0  0
-211  0.480193  -0.933773  -31.6029  31.6206  0.13957  0  0  0  0
-211  0.149964  1.55548  -17.1301  17.2018  0.13957  0  0  0  0
111  -0.10782  0.681478  -15.301  15.3171  0.13498  0  0  0  0
211  0.396679  0.513027  -9.26198  9.2857  0.13957  0  0  0  0
111  -0.157868  0.113086  -7.88059  7.88414  0.13498  0  0  0  0
321  -0.233571  0.0794993  -2.20245  2.27055  0.49368  0  0  0  0
-211  0.1956  0.415482  -1.02714  1.13375  0.13957  0  0  0  0
211  0.851501  -0.0234409  -0.681436  1.09974  0.13957  0  0  0  0
-211  2.48203  -0.299157  -0.763504  2.61771  0.13957  0  0  0  0
211  4.2768  -1.22361  -2.46202  5.08618  0.13957  0  0  0  0
-211  0.467394  -0.368723  -0.338761  0.699037  0.13957  0  0  0  0
2112  0.390316  0.487196  -0.117946  1.1342  0.93957  0  0  0  0
-211  -0.0168422  -0.171131  -0.0638317  0.230486  0.13957  0  0  0  0
-2112  -5.02162  7.61865  -1.97413  9.38299  0.93957  0  0  0  0
211  -0.291599  0.10636  0.0668998  0.34684  0.13957  0  0  0  0
3212  -0.784171  -0.188112  0.880668  1.68768  1.19264  0  0  0  0
211  -0.145056  0.100618  0.082542  0.239704  0.13957  0  0  0  0
311  -0.319609  -0.367487  1.20313  1.39008  0.49761  0  0  0  0
211  -0.209439  0.22121  0.879822  0.94147  0.13957  0  0  0  0
-2212  -0.425444  -0.210014  3.5407  3.69351  0.93827  0  0  0  0
111  0.0996118  0.0547615  0.252901  0.308383  0.13498  0  0  0  0
211  -0.713639  -1.28469  6.19043  6.364  0.13957  0  0  0  0
-211  0.383331  0.00347207  1.32945  1.39063  0.13957  0  0  0  0
211  0.000747445  0.431211  8.34657  8.35886  0.13957  0  0  0  0
111  0.404533  0.0139001  2.51539  2.55132  0.13498  0  0  0  0
311  0.459053  -0.0477595  0.20807  0.709873  0.49761  0  0  0  0
211  -0.131865  0.207331  0.142792  0.316613  0.13957  0  0  0  0
-311  -0.289897  0.207426  -5.34859  5.3835  0.49761  0  0  0  0
111  0.172653  -0.33524  -2.75602  2.78497  0.13498  0  0  0  0
-211  0.455941  0.289547  -19.6618  19.6697  0.13957  0  0  0  0
111  -0.117475  -0.233014  -17.9442  17.9466  0.13498  0  0  0  0
2212  -0.380773  0.0268654  2.43783  2.6399  0.93827  0  0  0  0
-211  -0.00180675  0.0772213  0.241954  0.289807  0.13957  0  0  0  0
211  -0.0787917  0.108228  1.70416  1.7151  0.13957  0  0  0  0
-211  -0.245227  -0.16867  7.85387  7.86074  0.13957  0  0  0  0
111  0.156607  0.0292344  4.95881  4.9632  0.13498  0  0  0  0
2212  -0.587612  0.166709  0.735719  1.33967  0.93827  0  0  0  0
-211  -0.0562855  -0.0386741  0.220322  0.269602  0.13957  0  0  0  0
111  -0.135419  0.298994  1.01875  1.07879  0.13498  0  0  0  0
111  -0.0921134  0.0824507  0.644797  0.670273  0.13498  0  0  0  0
111  -0.393837  0.774598  3.08254  3.20553  0.13498  0  0  0  0
211  -0.0142718  0.205943  0.252089  0.354464  0.13957  0  0  0  0
-211  -0.0502013  0.495911  1.54667  1.63098  0.13957  0  0  0  0
111  -0.0367939  0.0323254  1.05864  1.06833  0.13498  0  0  0  0
211  -0.426118  -0.307262  -0.0186685  0.543889  0.13957  0  0  0  0
-211  -0.0974626  -0.164782  -0.163351  0.287777  0.13957  0  0  0  0
221  -0.743272  -0.824692  -0.352684  1.28728  0.54785  0  0  0  0
211  -0.478654  -0.569222  -1.76483  1.92022  0.13957  0  0  0  0
-211  -0.769332  -0.968145  -3.22522  3.45698  0.13957  0  0  0  0
211  -0.399476  -0.518562  -2.36897  2.46171  0.13957  0  0  0  0
-211  -1.07391  -1.23525  -4.97476  5.23898  0.13957  0  0  0  0
221  -1.48142  -1.80058  -6.71911  7.13325  0.54785  0  0  0  0
2212  -4.18005  -4.15994  -18.2412  19.1938  0.93827  0  0  0  0
-211  -0.710084  -0.733198  -3.54038  3.68722  0.13957  0  0  0  0
211  -0.279166  -0.553965  -1.98953  2.08866  0.13957  0  0  0  0
-211  -0.479626  -0.364947  -2.68427  2.75463  0.13957  0  0  0  0
111  -1.0564  -0.62579  -3.97328  4.16086  0.13498  0  0  0  0
211  0.180237  -0.250055  -0.986851  1.04325  0.13957  0  0  0  0
-211  -0.07973  -0.201382  -1.65693  1.67685  0.13957  0  0  0  0
211  3.39864  1.63174  -76.9633  77.0558  0.13957  0  0  0  0
-211  10.4257  5.12778  -224.144  224.445  0.13957  0  0  0  0
3122  6.11543  -0.210607  -4.11427  7.45753  1.11568  0  0  0  0
-3122  5.334  -0.926639  -2.70645  6.15466  1.11568  0  0  0  0
211  0.200868  0.024826  1.34467  1.36696  0.13957  0  0  0  0
-211  0.0933084  -0.40985  3.34512  3.37431  0.13957  0  0  0  0
2112  0.0110724  0.153581  -665.2  665.201  0.93957  0  0  0  0
111  -0.0445141  0.14548  -138.285  138.285  0.13498  0  0  0  0
3122  -0.653769  -0.140147  0.791358  1.52251  1.11568  0  0  0  0
211  -0.233356  -0.260323  -1.21202  1.26913  0.13957  0  0  0  0
-211  -0.714784  -0.70371  -2.86068  3.03465  0.13957  0  0  0  0
111  -0.53328  -0.836544  -2.6464  2.82946  0.13498  0  0  0  0
2112  4.93388  -0.263656  -3.33921  6.03704  0.93957  0  0  0  0
111  1.18155  0.0530494  -0.77506  1.4205  0.13498  0  0  0  0
-2112  4.77382  -0.736555  -2.41816  5.4829  0.93957  0  0  0  0
111  0.560182  -0.190084  -0.288289  0.671763  0.13498  0  0  0  0
2212  -0.485662  -0.0402201  0.684836  1.2597  0.93827  0  0  0  0
-211  -0.168107  -0.0999273  0.106522  0.262816  0.13957  0  0  0  0
21  138
2212  0  0  2510  2510  0.93827  0  0  0  0
2212  0  0  -2510  2510  0.93827  0  0  0  0
-211  -0.0730604  -0.0828795  -86.0239  86.0241  0.13957  0  0  0  0
223  0.828501  0.304951  -694.127  694.128  0.802443  0  0  0  0
2212  0.0637195  -0.30452  -252.89  252.892  0.93827  0  0  0  0
-2212  0.198502  -0.442655  -38.9489  38.9632  0.93827  0  0  0  0
111  0.15681  0.292976  -4.38431  4.39895  0.13498  0  0  0  0
211  -0.0697663  0.297033  -9.84034  9.84606  0.13957  0  0  0  0
111  0.0225325  -0.476292  -10.9274  10.9386  0.13498  0  0  0  0
223  0.175418  -0.456977  -9.16533  9.21094  0.77369  0  0  0  0
311  -0.235976  -0.287189  -4.00503  4.05291  0.49761  0  0  0  0
-311  0.14167  0.048259  -4.90057  4.92804  0.49761  0  0  0  0
-211  -2.19887  -5.42302  -19.006  19.8869  0.13957  0  0  0  0
113  -1.23006  -4.08783  -15.5252  16.1167  0.703196  0  0  0  0
211  0.0244553  -1.34177  -5.53983  5.70177  0.13957  0  0  0  0
-213  -0.510812  -4.37841  -15.503  16.1383  0.817699  0  0  0  0
113  -2.26581  -6.18197  -20.1703  21.2274  0.639031  0  0  0  0
211  -1.04445  -1.40047  -6.00018  6.25091  0.13957  0  0  0  0
-211  -0.673241  -6.27663  -22.997  23.8481  0.13957  0  0  0  0
211  0.136975  -2.16838  -5.11497  5.55905  0.13957  0  0  0  0
-211  -0.460785  0.177554  -1.30898  1.40597  0.13957  0  0  0  0
211  0.301141  -0.0272141  0.426082  0.540789  0.13957  0  0  0  0
-211  -0.143364  -0.176912  0.386003  0.469392  0.13957  0  0  0  0
111  -0.410384  -0.0111972  -0.076137  0.438813  0.13498  0  0  0  0
111  0.153602  -0.51839  1.30427  1.41833  0.13498  0  0  0  0
223  0.659585  0.242253  2.70196  2.89916  0.781548  0  0  0  0
211  -0.835856  0.138118  2.40823  2.55672  0.13957  0  0  0  0
-213  0.213741  -0.473857  23.5249  23.5431  0.766991  0  0  0  0
211  0.061774  0.526375  33.2393  33.2438  0.13957  0  0  0  0
-211  0.0199841  -0.0785096  9.99428  9.99558  0.13957  0  0  0  0
211  -0.0423225  0.193116  4.3662  4.37291  0.13957  0  0  0  0
-211  0.0782279  -0.00385923  4.96344  4.96602  0.13957  0  0  0  0
211  -0.215088  -0.450096  52.072  52.0746  0.13957  0  0  0  0
-213  -0.226692  -0.0640859  381.819  381.821  1.06192  0  0  0  0
2214  -0.246587  0.619362  646.16  646.162  1.29054  0  0  0  0
211  0.331778  0.172578  6.72138  6.73322  0.13957  0  0  0  0
313  -0.475991  0.0822872  61.7358  61.7439  0.874641  0  0  0  0
-323  0.660769  -0.544602  255.976  255.98  1.13216  0  0  0  0
223  0.602314  0.0490101  379.918  379.919  0.776808  0  0  0  0
211  0.0849648  -0.654229  347.776  347.776  0.13957  0  0  0  0
113  1.12458  0.378597  74.7138  74.7274  0.791056  0  0  0  0
-211  -0.135605  -0.117759  38.7159  38.7166  0.13957  0  0  0  0
223  1.55359  0.279686  101.124  101.139  0.795105  0  0  0  0
2212  0.728488  -0.487989  18.4615  18.5061  0.93827  0  0  0  0
-2114  1.31564  -2.87702  24.1684  24.4108  1.32991  0  0  0  0
113  0.561895  0.294572  5.73682  5.82956  0.818641  0  0  0  0
-211  0.58429  -0.846533  3.46236  3.61461  0.13957  0  0  0  0
211  0.661397  -1.76699  11.1464  11.3059  0.13957  0  0  0  0
-213  0.724624  -0.820521  6.4424  6.58693  0.827504  0  0  0  0
213  0.371063  -0.210735  3.01538  3.15532  0.825506  0  0  0  0
223  0.00931991  0.0723646  1.23553  1.47312  0.798902  0  0  0  0
-213  0.304653  0.0751773  -0.444732  0.95235  0.781484  0  0  0  0
211  -0.821499  0.266615  -1.18718  1.47473  0.13957  0  0  0  0
111  0.542651  0.495947  -0.795478  1.09153  0.13498  0  0  0  0
-211  -0.453159  6.28286  -26.7535  27.4854  0.13957  0  0  0  0
213  -0.669574  3.58336  -18.0442  18.4262  0.802107  0  0  0  0
-211  0.313599  13.5338  -59.4702  60.9917  0.13957  0  0  0  0
321  -0.275772  8.57636  -38.9022  39.8404  0.49368  0  0  0  0
-311  -0.527061  0.766042  -7.39363  7.46847  0.49761  0  0  0  0
221  -0.00866971  1.14772  -8.30567  8.40248  0.54785  0  0  0  0
-211  0.00374072  0.057436  -1.31221  1.32087  0.13957  0  0  0  0
213  0.48128  0.943677  -24.508  24.5644  1.28416  0  0  0  0
-211  -0.154124  0.0897181  -1.76533  1.7798  0.13957  0  0  0  0
211  -0.0671027  -0.139747  -2.67468  2.6828  0.13957  0  0  0  0
-213  -0.0896229  0.650869  -9.37618  9.42712  0.725393  0  0  0  0
111  0.329453  -0.259844  -3.34765  3.37655  0.13498  0  0  0  0
111  -0.194978  0.639671  -8.67349  8.70028  0.13498  0  0  0  0
211  0.0131624  0.447595  -8.2721  8.28539  0.13957  0  0  0  0
313  0.282124  0.321904  -28.0288  28.0469  0.913109  0  0  0  0
-323  -0.134507  0.290866  -31.182  31.1965  0.895866  0  0  0  0
221  0.0193695  0.279394  -17.7582  17.7689  0.54785  0  0  0  0
213  0.276309  0.622724  -94.2339  94.2407  0.908893  0  0  0  0
-211  -0.34434  0.268338  -75.2518  75.2532  0.13957  0  0  0  0
2212  -0.365248  0.680712  -147.398  147.403  0.93827  0  0  0  0
213  0.482687  -0.350776  -662.181  662.183  1.24453  0  0  0  0
211  -0.70038  -1.52479  -5.30161  5.56256  0.13957  0  0  0  0
-211  -0.529677  -2.56304  -10.2235  10.5541  0.13957  0  0  0  0
-211  -0.48718  -1.98807  -6.12708  6.46145  0.13957  0  0  0  0
111  -0.0236319  -2.39034  -9.37596  9.67683  0.13498  0  0  0  0
211  -1.35652  -3.67688  -11.087  11.7602  0.13957  0  0  0  0
-211  -0.909285  -2.50509  -9.08328  9.4672  0.13957  0  0  0  0
-211  -0.22061  -0.376708  10.7095  10.7193  0.13957  0  0  0  0
111  0.43435  -0.0971487  12.8154  12.8238  0.13498  0  0  0  0
-211  0.305939  -0.319831  200.286  200.287  0.13957  0  0  0  0
111  -0.532631  0.255745  181.533  181.534  0.13498  0  0  0  0
2112  -0.214779  0.184464  479.282  479.283  0.93957  0  0  0  0
211  -0.031808  0.434898  166.878  166.879  0.13957  0  0  0  0
311  -0.310069  0.207297  55.0243  55.0278  0.49761  0  0  0  0
111  -0.165923  -0.12501  6.71159  6.71616  0.13498  0  0  0  0
-321  0.553572  -0.164912  223.068  223.069  0.49368  0  0  0  0
111  0.107198  -0.379689  32.9078  32.9104  0.13498  0  0  0  0
211  0.139003  -0.076943  4.3911  4.39619  0.13957  0  0  0  0
-211  0.985581  0.45554  70.3227  70.3312  0.13957  0  0  0  0
-2112  1.19775  -2.86369  22.4486  22.6817  0.93957  0  0  0  0
111  0.117887  -0.0133307  1.71976  1.72913  0.13498  0  0  0  0
211  0.257929  -0.160577  3.72435  3.73933  0.13957  0  0  0  0
-211  0.303966  0.455149  2.01247  2.09024  0.13957  0  0  0  0
-211  0.203799  -0.690377  4.75107  4.80731  0.13957  0  0  0  0
111  0.520825  -0.130144  1.69133  1.77961  0.13498  0  0  0  0
211  0.576571  0.017386  1.88172  1.97309  0.13957  0  0  0  0
111  -0.205508  -0.228121  1.13366  1.18223  0.13498  0  0  0  0
-211  0.364349  -0.189069  -0.480943  0.647521  0.13957  0  0  0  0
111  -0.0596961  0.264247  0.0362103  0.304829  0.13498  0  0  0  0
211  -0.147104  0.244559  -2.37542  2.39657  0.13957  0  0  0  0
111  -0.522471  3.3388  -15.6688  16.0297  0.13498  0  0  0  0
211  0.648091  0.457609  -21.0938  21.1092  0.13957  0  0  0  0
111  -0.166811  0.486068  -3.41417  3.45526  0.13498  0  0  0  0
-211  -0.284801  0.591176  -8.09708  8.12483  0.13957  0  0  0  0
111  0.195178  0.0596928  -1.2791  1.30229  0.13498  0  0  0  0
321  0.0987361  -0.012182  -21.2699  21.2759  0.49368  0  0  0  0
-211  0.183388  0.334086  -6.75885  6.77102  0.13957  0  0  0  0
-311  -0.314306  0.107411  -15.0872  15.099  0.49761  0  0  0  0
-211  0.179799  0.183454  -16.0948  16.0975  0.13957  0  0  0  0
211  0.0181015  0.524919  -23.9157  23.9219  0.13957  0  0  0  0
111  0.258208  0.0978056  -70.3182  70.3188  0.13498  0  0  0  0
211  0.102811  0.428644  -158.666  158.666  0.13957  0  0  0  0
111  0.379876  -0.77942  -503.515  503.516  0.13498  0  0  0  0
211  0.0997258  0.195747  -104.43  104.431  0.13957  0  0  0  0
-211  0.664582  0.0563755  -359.155  359.155  0.13957  0  0  0  0
111  0.0641923  0.0528288  -230.542  230.542  0.13498  0  0  0  0
211  0.220832  -0.0697483  -2.45612  2.47096  0.13957  0  0  0  0
-211  0.146157  -0.322  -4.85943  4.87427  0.13957  0  0  0  0
111  -0.191571  -0.0652289  -1.84978  1.86571  0.13498  0  0  0  0
211  0.133522  0.246669  0.759557  0.821632  0.13957  0  0  0  0
-211  0.450292  0.00166785  1.82009  1.88015  0.13957  0  0  0  0
111  0.0757704  -0.00608333  0.122316  0.19738  0.13498  0  0  0  0
211  0.367828  0.0946593  189.547  189.547  0.13957  0  0  0  0
-211  0.335056  0.00322906  97.1548  97.1555  0.13957  0  0  0  0
111  -0.10057  -0.0488783  93.2162  93.2163  0.13498  0  0  0  0
211  0.146345  -0.104616  18.3013  18.3028  0.13957  0  0  0  0
-211  0.997346  0.110027  54.5953  54.6047  0.13957  0  0  0  0
111  0.409897  0.274275  28.2272  28.2319  0.13498  0  0  0  0
211  -0.0425363  0.0914038  0.156443  0.232633  0.13957  0  0  0  0
-211  -0.236024  -0.0725042  0.590942  0.655482  0.13957  0  0  0  0
111  0.28788  0.053465  0.488142  0.585009  0.13498  0  0  0  0
111  -0.0491443  0.0331102  -2.65508  2.65917  0.13498  0  0  0  0
111  -0.0751489  0.126448  -5.09791  5.10181  0.13498  0  0  0  0
111  0.143663  0.119836  -10.0052  10.0079  0.13498  0  0  0  0
22  153
2212  0  0  2510  2510  0.93827  0  0  0  0
2212  0  0  -2510  2510  0.93827  0  0  0  0
111  -0.0485483  0.508294  60.7399  60.7422  0.13498  0  0  0  0
221  0.000195715  -0.186615  123.587  123.589  0.54785  0  0  0  0
221  0.0609822  -0.350093  526.16  526.161  0.54785  0  0  0  0
2112  0.176672  -0.309998  335.417  335.418  0.93957  0  0  0  0
113  0.044567  0.595097  840.734  840.735  0.775746  0  0  0  0
-211  -0.0454794  0.629971  2.41761  2.50265  0.13957  0  0  0  0
213  -4.6768  1.44036  19.8257  20.4442  0.978847  0  0  0  0
-213  -0.236361  0.433629  2.72317  2.87782  0.788864  0  0  0  0
113  -1.46677  0.067671  2.94214  3.38368  0.798207  0  0  0  0
111  0.222936  -0.306594  0.881811  0.969284  0.13498  0  0  0  0
113  2.34466  -0.98711  9.55729  9.92079  0.78006  0  0  0  0
321  -0.0465755  -0.586858  2.61636  2.72683  0.49368  0  0  0  0
-323  7.84843  -5.49081  37.4098  38.6265  0.876127  0  0  0  0
213  2.75482  -2.61808  13.8072  14.3482  0.887475  0  0  0  0
-211  2.81749  -1.42211  12.4853  12.8788  0.13957  0  0  0  0
321  5.2798  -4.15899  23.6377  24.5796  0.49368  0  0  0  0
-311  3.41651  -2.16763  13.2523  13.8652  0.49761  0  0  0  0
-211  0.109639  -0.979747  3.95109  4.07462  0.13957  0  0  0  0
213  0.784645  -1.1402  7.49432  7.65474  0.717312  0  0  0  0
111  0.339634  0.100111  2.23626  2.26814  0.13498  0  0  0  0
2112  0.232047  -0.580969  8.72993  8.80261  0.93957  0  0  0  0
-2112  0.203621  -0.442842  5.49125  5.59233  0.93957  0  0  0  0
223  0.301886  -0.383332  20.5672  20.5879  0.783009  0  0  0  0
-213  0.0255054  0.609243  25.0615  25.0851  0.900628  0  0  0  0
211  -0.657122  0.0463166  27.8317  27.8399  0.13957  0  0  0  0
313  -2.52282  2.87473  280.93  280.957  0.88041  0  0  0  0
213  -0.451436  0.787996  9.82324  9.89331  0.74617  0  0  0  0
-211  -0.48172  -0.80299  6.68272  6.74945  0.13957  0  0  0  0
211  0.389011  0.387974  1.81504  1.9015  0.13957  0  0  0  0
-211  0.12702  -0.481155  0.339751  0.61851  0.13957  0  0  0  0
223  -0.548431  0.605088  -0.706731  1.32592  0.76922  0  0  0  0
211  0.402222  -0.528904  -1.7135  1.84311  0.13957  0  0  0  0
223  -0.357146  0.343612  -78.5955  78.6009  0.777571  0  0  0  0
213  -0.393667  -0.778332  -434.38  434.381  0.673233  0  0  0  0
221  0.0251137  0.232192  -139.809  139.81  0.54785  0  0  0  0
-211  0.169923  -0.746754  -190.277  190.279  0.13957  0  0  0  0
211  -0.0652573  -0.150419  -95.0754  95.0756  0.13957  0  0  0  0
-211  -0.353518  -1.23169  -87.4423  87.4518  0.13957  0  0  0  0
2212  0.156335  0.00281448  -54.1124  54.1208  0.93827  0  0  0  0
-211  -0.0874271  0.0199056  -9.7102  9.71162  0.13957  0  0  0  0
-2112  0.355413  -0.221655  -51.5275  51.5378  0.93957  0  0  0  0
111  -0.142876  -0.0868238  -16.1033  16.1048  0.13498  0  0  0  0
213  -1.00251  -0.494625  -50.2799  50.2975  0.721508  0  0  0  0
-211  -0.0593808  -0.214088  -3.30761  3.318  0.13957  0  0  0  0
111  0.446409  -0.0128345  -7.47087  7.48543  0.13498  0  0  0  0
223  -0.302879  -0.44238  -13.8841  13.9168  0.788383  0  0  0  0
111  0.127284  0.414144  -0.780256  0.902627  0.13498  0  0  0  0
113  0.0448093  -0.405028  -3.30358  3.41814  0.777178  0  0  0  0
113  -0.215396  0.704544  -0.800339  1.3538  0.805884  0  0  0  0
111  -0.49119  0.671001  -0.661408  1.07107  0.13498  0  0  0  0
211  -0.0621762  -0.0355624  0.148067  0.215718  0.13957  0  0  0  0
2112  -0.273047  1.90521  -0.551304  2.21158  0.93957  0  0  0  0
223  -0.810721  1.47852  0.00572401  1.85932  0.783422  0  0  0  0
-2112  -2.85509  1.68343  -0.0452856  3.44534  0.93957  0  0  0  0
113  -0.806287  0.477802  -0.1657  1.24219  0.798243  0  0  0  0
-211  -0.0762726  0.63429  0.070087  0.657673  0.13957  0  0  0  0
211  -2.48273  3.62338  0.631101  4.43967  0.13957  0  0  0  0
-213  -1.24556  0.213936  -0.300293  1.35101  0.371294  0  0  0  0
321  -0.805331  0.133274  0.64344  1.15068  0.49368  0  0  0  0
-321  -1.2919  0.733242  1.06562  1.89365  0.49368  0  0  0  0
211  -0.0455119  1.30168  1.46809  1.96754  0.13957  0  0  0  0
-213  -1.72176  3.20583  5.19182  6.38386  0.746242  0  0  0  0
213  -1.81579  1.32264  2.73039  3.64365  0.880147  0  0  0  0
-323  -0.149146  0.0902443  44.8514  44.8617  0.943971  0  0  0  0
323  -0.0354704  -0.1753  3.73298  3.84061  0.884939  0  0  0  0
-323  0.283179  0.337654  3.20748  3.35308  0.872347  0  0  0  0
213  -0.334755  -0.415263  2.43918  2.61182  0.766472  0  0  0  0
-213  -0.00652126  0.541749  0.419517  1.00276  0.732113  0  0  0  0
213  0.0119458  -0.242097  -0.344055  0.83906  0.725875  0  0  0  0
111  -0.0953707  0.264903  0.137163  0.341032  0.13498  0  0  0  0
223  -0.0731143  0.112493  -2.09513  2.24246  0.788091  0  0  0  0
223  -0.0202173  -0.565212  -5.18007  5.27002  0.787464  0  0  0  0
-213  0.00854081  0.377593  -7.19816  7.25658  0.837751  0  0  0  0
321  0.188979  -0.824683  -11.538  11.5795  0.49368  0  0  0  0
-311  -0.110638  0.807539  -63.9424  63.9496  0.49761  0  0  0  0
111  0.624454  -0.0390137  -337.115  337.116  0.13498  0  0  0  0
2112  -0.553955  0.286694  -827.475  827.475  0.93957  0  0  0  0
211  -0.192477  0.637744  513.073  513.074  0.13957  0  0  0  0
-211  0.237044  -0.0426469  327.661  327.661  0.13957  0  0  0  0
211  -3.20153  1.42833  13.7989  14.2379  0.13957  0  0  0  0
111  -1.47527  0.012033  6.02681  6.20622  0.13498  0  0  0  0
-211  -0.375826  0.279593  2.49021  2.53772  0.13957  0  0  0  0
111  0.139464  0.154035  0.232961  0.3401  0.13498  0  0  0  0
211  -0.913577  0.160073  1.06283  1.41751  0.13957  0  0  0  0
-211  -0.553196  -0.0924017  1.8793  1.96617  0.13957  0  0  0  0
211  1.96469  -0.556896  6.82241  7.12284  0.13957  0  0  0  0
-211  0.379967  -0.430214  2.73489  2.79795  0.13957  0  0  0  0
-311  3.66657  -2.67728  16.9433  17.5481  0.49761  0  0  0  0
-211  4.18186  -2.81353  20.4665  21.0784  0.13957  0  0  0  0
211  0.964899  -0.474938  4.58838  4.7148  0.13957  0  0  0  0
111  1.78993  -2.14314  9.21881  9.63336  0.13498  0  0  0  0
211  0.698587  -0.69555  3.71933  3.85029  0.13957  0  0  0  0
111  0.0860579  -0.444653  3.77499  3.80445  0.13498  0  0  0  0
-211  -0.1376  0.787097  18.7117  18.7293  0.13957  0  0  0  0
111  0.163106  -0.177854  6.34976  6.35578  0.13498  0  0  0  0
311  -1.38866  1.99836  174.346  174.364  0.49761  0  0  0  0
111  -1.13416  0.876368  106.583  106.593  0.13498  0  0  0  0
211  -0.319449  0.189875  6.4533  6.4655  0.13957  0  0  0  0
111  -0.131986  0.598121  3.36994  3.42781  0.13498  0  0  0  0
211  -0.191586  0.0142946  -150.336  150.336  0.13957  0  0  0  0
111  -0.20208  -0.792627  -284.044  284.045  0.13498  0  0  0  0
211  -0.820526  -0.642551  -37.5119  37.5267  0.13957  0  0  0  0
111  -0.181987  0.147926  -12.7679  12.7708  0.13498  0  0  0  0
211  -0.312172  -0.346933  -1.70455  1.77279  0.13957  0  0  0  0
-211  0.356981  -0.0580949  -1.59903  1.64535  0.13957  0  0  0  0
211  -0.171843  0.825883  -0.477866  0.979514  0.13957  0  0  0  0
-211  -0.0435527  -0.121339  -0.322473  0.374284  0.13957  0  0  0  0
211  0.078267  0.266515  -0.0500678  0.314869  0.13957  0  0  0  0
-211  -0.884554  0.211287  -0.115632  0.927323  0.13957  0  0  0  0
-211  -0.45434  0.0391447  -0.221328  0.52576  0.13957  0  0  0  0
111  -0.791218  0.174791  -0.0789656  0.825248  0.13498  0  0  0  0
-211  -0.871223  1.50163  1.89334  2.57257  0.13957  0  0  0  0
111  -0.850533  1.7042  3.29848  3.81128  0.13498  0  0  0  0
211  -0.506365  0.753123  1.47562  1.73797  0.13957  0  0  0  0
111  -1.30943  0.56952  1.25477  1.90568  0.13498  0  0  0  0
-321  -0.0276816  -0.257863  29.3685  29.3738  0.49368  0  0  0  0
111  -0.121465  0.348107  15.4829  15.4879  0.13498  0  0  0  0
311  0.0383193  -0.0459793  3.4784  3.51433  0.49761  0  0  0  0
211  -0.0737897  -0.129321  0.254577  0.326279  0.13957  0  0  0  0
-311  0.356812  0.46155  2.71759  2.8237  0.49761  0  0  0  0
-211  -0.0736327  -0.123896  0.489887  0.529378  0.13957  0  0  0  0
211  -0.150049  -0.0123116  0.102173  0.229315  0.13957  0  0  0  0
111  -0.184706  -0.402951  2.33701  2.3825  0.13498  0  0  0  0
-211  0.229609  0.321219  0.491038  0.645368  0.13957  0  0  0  0
111  -0.23613  0.22053  -0.071521  0.357387  0.13498  0  0  0  0
211  -0.0400058  -0.412717  -0.0107283  0.437642  0.13957  0  0  0  0
111  0.0519516  0.17062  -0.333327  0.401418  0.13498  0  0  0  0
-211  0.0492685  0.426168  -6.96639  6.98098  0.13957  0  0  0  0
111  -0.0407277  -0.0485748  -0.23177  0.275599  0.13498  0  0  0  0
211  -0.055734  -0.263086  280.42  280.42  0.13957  0  0  0  0
-211  0.131322  -0.0187278  138.764  138.765  0.13957  0  0  0  0
111  -0.0146061  -0.068279  106.975  106.976  0.13498  0  0  0  0
211  -0.0253687  0.0372463  3.73108  3.73396  0.13957  0  0  0  0
-211  0.259629  -0.0464076  3.85488  3.86641  0.13957  0  0  0  0
111  0.067626  -0.374171  12.9813  12.9875  0.13498  0  0  0  0
211  -0.295293  0.0559849  -0.323735  0.463267  0.13957  0  0  0  0
-211  -0.101445  0.213737  0.0492848  0.279076  0.13957  0  0  0  0
111  -0.151693  0.335366  -0.43228  0.583581  0.13498  0  0  0  0
111  -0.509249  0.0869299  -32.0085  32.013  0.13498  0  0  0  0
211  -0.0998072  -0.247605  -7.61692  7.62288  0.13957  0  0  0  0
-211  -0.32697  -0.171032  -4.36198  4.37979  0.13957  0  0  0  0
111  0.123898  -0.0237438  -1.90523  1.91417  0.13498  0  0  0  0
211  -0.324665  0.398418  -0.0408497  0.534128  0.13957  0  0  0  0
-211  -0.209093  0.0785819  0.0846502  0.276659  0.13957  0  0  0  0
111  -0.276963  1.00152  -0.0380764  1.04854  0.13498  0  0  0  0
211  0.147511  -0.135272  -0.77862  0.815958  0.13957  0  0  0  0
-211  -0.160797  0.0926405  -1.09131  1.11574  0.13957  0  0  0  0
111  -0.0598286  0.155124  -0.2252  0.310769  0.13498  0  0  0  0
211  0.11917  -0.138408  -1.4558  1.47384  0.13957  0  0  0  0
-211  -0.0531171  -0.244742  -0.627081  0.689515  0.13957  0  0  0  0
111  -0.0862698  -0.182062  -3.09719  3.10666  0.13498  0  0  0  0
23  240
2212  0  0  2510  2510  0.93827  0  0  0  0
2212  0  0  -2510  2510  0.93827  0  0  0  0
111  -0.0836334  -0.0808899  -12.0644  12.0657  0.13498  0  0  0  0
-213  -0.428098  -0.0600239  -161.994  161.997  0.784069  0  0  0  0
111  -0.490274  0.08954  -109.217  109.218  0.13498  0  0  0  0
221  0.0538692  -0.213439  -10.8945  10.9105  0.54785  0  0  0  0
221  0.252924  -0.63392  -28.1242  28.1378  0.54785  0  0  0  0
223  -0.418469  -1.81098  -31.937  32.0009  0.790873  0  0  0  0
111  0.220723  -0.156001  -3.51348  3.52644  0.13498  0  0  0  0
113  0.192455  -2.2311  -19.391  19.5358  0.788643  0  0  0  0
321  0.361018  -2.07181  -29.4314  29.5105  0.49368  0  0  0  0
-321  2.38126  -5.01988  -50.5607  50.8675  0.49368  0  0  0  0
321  2.29466  -6.28741  -63.1814  63.5368  0.49368  0  0  0  0
-311  0.373373  -0.136337  -4.08522  4.13456  0.49761  0  0  0  0
111  0.15827  -0.76486  -1.6536  1.83376  0.13498  0  0  0  0
1114  1.30179  0.0707745  -2.31893  2.91768  1.19823  0  0  0  0
-1114  2.2147  -0.239973  -3.48441  4.32734  1.27368  0  0  0  0
-213  0.835229  0.10197  -1.40478  1.85968  0.881473  0  0  0  0
323  2.78556  0.484931  -1.72912  3.4362  0.907232  0  0  0  0
-321  0.272462  0.384836  -1.25448  1.4282  0.49368  0  0  0  0
211  2.94321  3.71443  -5.80684  7.49655  0.13957  0  0  0  0
223  1.47729  1.22377  -1.21334  2.3919  0.754307  0  0  0  0
-213  1.4393  1.51595  -2.45904  3.31752  0.767698  0  0  0  0
213  0.0234922  1.05756  -2.39506  2.71675  0.724871  0  0  0  0
331  -0.34047  0.0512565  -0.869687  1.33874  0.957763  0  0  0  0
-211  0.116824  -0.092185  -0.0749076  0.21734  0.13957  0  0  0  0
321  -0.162095  0.411008  -0.544426  0.857509  0.49368  0  0  0  0
-311  -0.522095  0.208194  -0.859952  1.14152  0.49761  0  0  0  0
223  -6.22166  1.03143  -5.44798  8.37143  0.792065  0  0  0  0
-211  -2.86663  0.678109  -3.55486  4.61886  0.13957  0  0  0  0
211  -25.2201  3.42654  -22.4953  33.9684  0.13957  0  0  0  0
111  0.0513314  0.80863  66.8353  66.8403  0.13498  0  0  0  0
211  0.0720199  0.749547  95.6861  95.6892  0.13957  0  0  0  0
221  0.228274  0.36536  38.2808  38.2871  0.54785  0  0  0  0
223  -0.307509  1.16817  135.901  135.908  0.767904  0  0  0  0
113  0.613992  0.897256  87.9146  87.9243  0.732867  0  0  0  0
-213  -0.249447  -0.103641  3.88443  3.97931  0.820445  0  0  0  0
223  -0.729378  -0.199798  3.91761  4.06598  0.782709  0  0  0  0
211  0.153638  -0.175574  1.07601  1.10982  0.13957  0  0  0  0
-213  0.168297  0.113718  1.4347  1.95954  1.31916  0  0  0  0
211  0.128974  0.110578  -2.78139  2.79007  0.13957  0  0  0  0
113  0.398173  0.053088  -4.11145  4.26658  1.06692  0  0  0  0
313  -0.154251  -0.331867  -21.3403  21.3619  0.887539  0  0  0  0
-321  -0.220939  0.104401  -23.4265  23.4329  0.49368  0  0  0  0
223  -0.152465  -0.0589349  -16.3291  16.3483  0.774654  0  0  0  0
211  0.219297  0.179743  -142.168  142.168  0.13957  0  0  0  0
2214  -0.764737  0.15553  -272.806  272.81  1.22922  0  0  0  0
111  -0.185849  -0.545446  -338.409  338.41  0.13498  0  0  0  0
-211  0.124461  0.0767646  6.91351  6.91646  0.13957  0  0  0  0
111  0.433799  0.00843581  721.583  721.583  0.13498  0  0  0  0
-213  0.370278  0.780698  604.283  604.284  0.688758  0  0  0  0
113  0.300231  -0.107329  264.85  264.852  0.953803  0  0  0  0
211  -2.32836  -1.01895  71.3131  71.3585  0.13957  0  0  0  0
-211  -0.475541  -0.388609  14.1007  14.1148  0.13957  0  0  0  0
3222  -0.605575  -0.0975044  16.032  16.0878  1.18937  0  0  0  0
-3212  0.242017  -0.0738128  2.87739  3.12503  1.19264  0  0  0  0
-213  -0.165735  -0.329444  0.987466  1.32155  0.797114  0  0  0  0
211  -0.0839545  -0.0468884  -2.80818  2.81329  0.13957  0  0  0  0
-213  -0.50033  0.0170226  -4.87695  4.99815  0.972731  0  0  0  0
223  -1.11162  -0.543394  -16.3849  16.4491  0.758743  0  0  0  0
211  0.267203  -0.435889  -7.77253  7.79058  0.13957  0  0  0  0
221  -0.261425  0.212309  0.78698  1.01631  0.54785  0  0  0  0
-211  -1.39501  -0.564154  -31.5298  31.566  0.13957  0  0  0  0
213  -0.785417  0.0789959  -0.0665619  1.14067  0.820715  0  0  0  0
113  0.722934  0.363982  2.46225  2.68543  0.702654  0  0  0  0
223  -0.223923  -0.362073  2.22371  2.39732  0.788051  0  0  0  0
311  0.359003  -0.0345987  7.75729  7.78159  0.49761  0  0  0  0
-311  0.736018  0.0938012  7.41907  7.47266  0.49761  0  0  0  0
-211  1.77832  0.343828  37.5307  37.5747  0.13957  0  0  0  0
211  0.0401095  -0.12459  8.1984  8.20063  0.13957  0  0  0  0
111  1.66351  0.553566  32.1926  32.2406  0.13498  0  0  0  0
-211  0.0547691  -0.368056  8.92503  8.93388  0.13957  0  0  0  0
211  0.266469  0.352168  0.994238  1.09682  0.13957  0  0  0  0
-211  0.0829642  0.794118  10.95  10.9799  0.13957  0  0  0  0
2212  -0.448073  1.17748  3.22549  3.58767  0.93827  0  0  0  0
-2212  -0.656078  0.805181  3.25718  3.54519  0.93827  0  0  0  0
211  -0.470962  1.19081  2.12735  2.48695  0.13957  0  0  0  0
-213  -0.318182  0.318492  1.71899  1.92526  0.740956  0  0  0  0
211  -0.0197135  -0.175311  0.624116  0.663417  0.13957  0  0  0  0
-211  -0.582751  -0.115331  1.32603  1.4597  0.13957  0  0  0  0
211  0.0924884  -0.057244  0.358816  0.400075  0.13957  0  0  0  0
-213  -0.422214  -1.95001  3.38517  4.02567  0.875145  0  0  0  0
221  -1.00848  -0.552696  0.123897  1.27985  0.54785  0  0  0  0
323  -0.30871  -0.980572  -0.25376  1.39541  0.908822  0  0  0  0
-313  0.420091  -1.13379  -1.01104  1.81712  0.904298  0  0  0  0
-211  0.550193  -0.639092  -0.239854  0.887784  0.13957  0  0  0  0
221  0.0576357  -0.343098  -2.66919  2.74696  0.54785  0  0  0  0
211  0.0383609  -0.43719  -2.62948  2.6695  0.13957  0  0  0  0
313  2.38084  -1.60794  -12.5207  12.8803  0.937752  0  0  0  0
-311  0.480287  -0.28677  -2.78442  2.88332  0.49761  0  0  0  0
-211  0.975741  -0.796355  -3.92911  4.1284  0.13957  0  0  0  0
211  1.59409  -1.18297  -11.0297  11.2078  0.13957  0  0  0  0
223  1.67603  0.64248  -13.5384  13.6789  0.776108  0  0  0  0
-211  1.82608  0.323547  -13.8031  13.9279  0.13957  0  0  0  0
211  1.9802  -0.319559  -9.92064  10.1224  0.13957  0  0  0  0
111  0.663121  0.723112  -16.4291  16.459  0.13498  0  0  0  0
-211  4.06861  1.96287  -34.4243  34.7197  0.13957  0  0  0  0
321  0.0964727  0.715463  -21.447  21.4648  0.49368  0  0  0  0
-323  0.48688  0.802734  -19.3028  19.3449  0.863287  0  0  0  0
213  -0.163199  0.296713  -19.2633  19.2818  0.77405  0  0  0  0
223  -0.190957  0.79654  -36.6328  36.6503  0.78265  0  0  0  0
111  0.803763  1.12373  -283.884  283.888  0.13498  0  0  0  0
223  -0.387594  -0.0407739  -91.2726  91.2767  0.765666  0  0  0  0
-211  -0.0373548  0.812726  -162.662  162.664  0.13957  0  0  0  0
211  0.111752  0.579802  -59.3914  59.3945  0.13957  0  0  0  0
221  0.236993  -0.158797  -28.3862  28.3929  0.54785  0  0  0  0
111  -0.112707  -0.23106  -109.071  109.071  0.13498  0  0  0  0
-211  -0.175296  0.453474  -8.79949  8.81401  0.13957  0  0  0  0
211  0.167059  -0.215452  -6.82909  6.83595  0.13957  0  0  0  0
2112  0.0566826  0.233639  -13.3982  13.4333  0.93957  0  0  0  0
223  0.400217  -0.145173  -12.1439  12.1769  0.786855  0  0  0  0
-2114  -0.247608  -0.0922085  -17.6745  17.719  1.22781  0  0  0  0
-211  0.145171  -0.129984  -0.0170985  0.240297  0.13957  0  0  0  0
213  -0.345654  0.108452  -5.24272  5.32304  0.847033  0  0  0  0
-213  2.21343  0.240036  -1.52096  2.86171  0.958723  0  0  0  0
113  0.547305  0.297097  0.300165  1.17631  0.951733  0  0  0  0
2212  1.3751  0.0157789  -0.0650365  1.66605  0.93827  0  0  0  0
-2112  -0.280781  0.0333102  1.09019  1.46671  0.93957  0  0  0  0
-213  0.257515  0.416351  20.1652  20.1854  0.758141  0  0  0  0
213  0.145332  0.0716597  60.3586  60.3659  0.920254  0  0  0  0
2214  0.609388  0.327249  133.587  133.596  1.33319  0  0  0  0
-211  -0.318644  -0.149631  -152.457  152.457  0.13957  0  0  0  0
111  -0.109455  0.0896068  -9.53749  9.5395  0.13498  0  0  0  0
211  -0.248732  -1.21091  -9.3082  9.39097  0.13957  0  0  0  0
-211  0.441187  -1.0202  -10.0828  10.1449  0.13957  0  0  0  0
2112  0.917802  0.191763  -1.56912  2.05525  0.93957  0  0  0  0
-211  0.383986  -0.120988  -0.74981  0.862426  0.13957  0  0  0  0
-2112  1.83999  -0.257192  -2.43216  3.20155  0.93957  0  0  0  0
211  0.374719  0.0172193  -1.05224  1.12579  0.13957  0  0  0  0
-211  0.720301  0.0340841  -1.48256  1.65453  0.13957  0  0  0  0
111  0.114928  0.0678854  0.0777823  0.20515  0.13498  0  0  0  0
321  2.10896  0.0873169  -1.35501  2.55639  0.49368  0  0  0  0
111  0.676601  0.397614  -0.374111  0.879809  0.13498  0  0  0  0
-211  0.350664  0.491514  -1.23112  1.37829  0.13957  0  0  0  0
111  1.08864  1.02444  -1.22793  1.93924  0.13498  0  0  0  0
211  0.0458409  0.341499  -0.241913  0.443536  0.13957  0  0  0  0
111  -0.0223487  0.716061  -2.15315  2.27321  0.13498  0  0  0  0
211  -0.0847847  0.224468  31.873  31.8742  0.13957  0  0  0  0
-211  0.698777  0.672788  56.0416  56.0501  0.13957  0  0  0  0
-211  -0.395065  0.0335101  3.5018  3.52693  0.13957  0  0  0  0
111  0.145618  -0.137152  0.382635  0.452377  0.13498  0  0  0  0
-211  -0.565111  0.0728606  0.673108  0.892868  0.13957  0  0  0  0
111  0.733407  0.0408578  0.761587  1.06667  0.13498  0  0  0  0
211  0.714414  -0.137721  -2.85493  2.94949  0.13957  0  0  0  0
-211  -0.316241  0.190809  -1.25652  1.31709  0.13957  0  0  0  0
311  -0.384188  -0.219417  -13.8518  13.8678  0.49761  0  0  0  0
111  0.229936  -0.11245  -7.48856  7.49415  0.13498  0  0  0  0
2212  -0.830804  0.14525  -215.898  215.902  0.93827  0  0  0  0
111  0.0660665  0.01028  -56.9074  56.9076  0.13498  0  0  0  0
-211  0.365235  0.187551  356.398  356.399  0.13957  0  0  0  0
111  0.00504304  0.593147  247.885  247.885  0.13498  0  0  0  0
211  0.168957  -0.422779  215.621  215.621  0.13957  0  0  0  0
-211  0.131274  0.31545  49.2292  49.2306  0.13957  0  0  0  0
-211  -0.186842  -0.524753  0.900121  1.0677  0.13957  0  0  0  0
111  0.0211074  0.195309  0.0873454  0.25385  0.13498  0  0  0  0
-211  -0.71894  0.0410787  -4.34995  4.41136  0.13957  0  0  0  0
111  0.218609  -0.0240561  -0.527005  0.58679  0.13498  0  0  0  0
211  -0.262035  0.322837  0.210119  0.486329  0.13957  0  0  0  0
111  -0.523381  -0.243841  -0.276681  0.654338  0.13498  0  0  0  0
211  0.569274  0.49032  2.19497  2.32419  0.13957  0  0  0  0
-211  0.153661  -0.126338  0.267278  0.361234  0.13957  0  0  0  0
-211  0.20243  0.0147096  0.420407  0.487254  0.13957  0  0  0  0
111  -0.520611  0.303782  1.29858  1.438  0.13498  0  0  0  0
-211  -0.18683  -1.86993  2.79108  3.36767  0.13957  0  0  0  0
111  -0.235384  -0.0800811  0.594086  0.658009  0.13498  0  0  0  0
321  -0.170501  -0.447284  0.144106  0.702581  0.49368  0  0  0  0
111  -0.138209  -0.533288  -0.397866  0.692831  0.13498  0  0  0  0
-321  0.503155  -0.799643  -0.480126  1.16912  0.49368  0  0  0  0
211  -0.0830635  -0.334146  -0.530915  0.647999  0.13957  0  0  0  0
321  1.98262  -0.993921  -9.73804  9.99959  0.49368  0  0  0  0
-211  0.398216  -0.614019  -2.78266  2.88067  0.13957  0  0  0  0
-321  0.407425  0.83654  -18.2062  18.2367  0.49368  0  0  0  0
111  0.0794547  -0.0338061  -1.09659  1.10824  0.13498  0  0  0  0
211  0.18152  0.00048508  -12.4215  12.4236  0.13957  0  0  0  0
111  -0.34472  0.296228  -6.84176  6.85817  0.13498  0  0  0  0
-2112  -0.10864  -0.241581  -15.5315  15.5621  0.93957  0  0  0  0
111  -0.138969  0.149373  -2.14299  2.15691  0.13498  0  0  0  0
211  0.0606432  -0.294104  -2.07952  2.10572  0.13957  0  0  0  0
111  -0.406297  0.402556  -3.16319  3.21732  0.13498  0  0  0  0
-211  0.191932  0.164853  -0.533263  0.606517  0.13957  0  0  0  0
111  2.0215  0.0751828  -0.987695  2.25519  0.13498  0  0  0  0
211  0.639358  0.487273  0.39427  0.906169  0.13957  0  0  0  0
-211  -0.0920529  -0.190175  -0.0941057  0.270141  0.13957  0  0  0  0
-211  0.345956  0.386812  7.54326  7.56238  0.13957  0  0  0  0
111  -0.088441  0.0295388  12.622  12.623  0.13498  0  0  0  0
211  -0.0315028  0.455269  26.1006  26.105  0.13957  0  0  0  0
111  0.176834  -0.383609  34.258  34.2609  0.13498  0  0  0  0
2112  0.181186  0.339637  77.8338  77.8405  0.93957  0  0  0  0
211  0.428202  -0.012388  55.7534  55.7552  0.13957  0  0  0  0
211  0.0620995  -0.189642  -6.58641  6.59091  0.13957  0  0  0  0
-211  0.225656  -0.38474  -17.5828  17.589  0.13957  0  0  0  0
111  -0.0348312  -0.0595377  -3.95495  3.95785  0.13498  0  0  0  0
111  -0.45904  -0.996529  -13.2507  13.2967  0.13498  0  0  0  0
211  0.436222  0.108145  -0.374393  0.601361  0.13957  0  0  0  0
-211  0.110411  0.155469  -0.154392  0.282272  0.13957  0  0  0  0
111  0.930654  0.96016  -0.684553  1.50826  0.13498  0  0  0  0
211  -0.0961896  -0.0679248  -0.397555  0.437489  0.13957  0  0  0  0
-211  -0.0308199  0.043037  -0.0101263  0.149614  0.13957  0  0  0  0
221  -0.213461  0.0761442  -0.462006  0.751633  0.54785  0  0  0  0
111  -2.81691  0.847535  -2.42926  3.81744  0.13498  0  0  0  0
111  0.0325444  0.107266  19.0881  19.0889  0.13498  0  0  0  0
111  0.0888037  0.238021  12.0791  12.0826  0.13498  0  0  0  0
111  0.106926  0.0200726  7.11356  7.11567  0.13498  0  0  0  0
211  -0.225381  0.568908  53.1203  53.124  0.13957  0  0  0  0
-211  -0.101073  0.630663  65.4295  65.4328  0.13957  0  0  0  0
111  0.0189453  -0.0314023  17.3508  17.3514  0.13498  0  0  0  0
211  -0.160232  -0.0971773  1.36851  1.38832  0.13957  0  0  0  0
-211  -0.112803  0.183243  0.989914  1.0226  0.13957  0  0  0  0
111  -0.456344  -0.285863  1.55919  1.65507  0.13498  0  0  0  0
211  0.0243377  -0.16976  -2.06361  2.07543  0.13957  0  0  0  0
-211  0.0483251  0.0413192  -8.02412  8.02558  0.13957  0  0  0  0
111  -0.225128  0.0695062  -6.24139  6.2473  0.13498  0  0  0  0
2212  -0.555919  0.0975947  12.8942  12.9407  0.93827  0  0  0  0
111  -0.0496553  -0.195099  3.13775  3.1471  0.13498  0  0  0  0
-3122  0.283614  -0.0889784  2.60979  2.85378  1.11568  0  0  0  0
211  -0.677919  -0.357333  -8.13409  8.1713  0.13957  0  0  0  0
-211  -0.0899651  0.0899564  -1.62688  1.6378  0.13957  0  0  0  0
111  -0.343738  -0.276018  -6.62397  6.64  0.13498  0  0  0  0
211  0.0588043  -0.0764969  0.135352  0.217047  0.13957  0  0  0  0
-211  -0.155161  -0.0505079  1.54457  1.55942  0.13957  0  0  0  0
111  -0.127566  -0.235068  0.543794  0.620856  0.13498  0  0  0  0
211  -0.363478  -0.212397  0.189956  0.482486  0.13957  0  0  0  0
-211  -0.518882  -0.211154  0.0551091  0.57995  0.13957  0  0  0  0
211  0.537784  0.380212  -5.32346  5.36586  0.13957  0  0  0  0
-211  1.09298  0.242245  -7.15446  7.24287  0.13957  0  0  0  0
111  0.0452677  0.0200234  -1.0605  1.0702  0.13498  0  0  0  0
211  0.0195323  0.28365  -20.3633  20.3658  0.13957  0  0  0  0
-211  -0.269428  0.354225  -9.2991  9.31079  0.13957  0  0  0  0
111  0.0589388  0.158665  -6.97041  6.97377  0.13498  0  0  0  0
211  -0.0307783  0.0720281  -6.56632  6.56827  0.13957  0  0  0  0
-211  -0.151111  -0.208929  -59.1874  59.1881  0.13957  0  0  0  0
111  -0.205704  0.0961268  -25.5189  25.5203  0.13498  0  0  0  0
111  -0.0258656  -0.146034  -12.0273  12.0289  0.13498  0  0  0  0
111  0.0426285  0.0266995  -5.25772  5.2597  0.13498  0  0  0  0
111  0.22023  -0.0394627  -11.1012  11.1043  0.13498  0  0  0  0
211  0.180796  0.0209495  -5.85784  5.86233  0.13957  0  0  0  0
-211  -0.0276255  0.124423  -2.39508  2.40253  0.13957  0  0  0  0
111  0.247047  -0.290546  -3.89103  3.91201  0.13498  0  0  0  0
-2112  0.303776  -0.0744512  2.03924  2.26696  0.93957  0  0  0  0
111  -0.0201621  -0.0145271  0.570545  0.586821  0.13498  0  0  0  0
24  317
2212  0  0  2510  2510  0.93827  0  0  0  0
2212  0  0  -2510  2510  0.93827  0  0  0  0
-211  2.55485  0.586022  -148.784  148.807  0.13957  0  0  0  0
3212  2.39157  0.444497  -79.6646  79.7106  1.19264  0  0  0  0
-3112  2.19802  -0.193735  -72.1882  72.2318  1.19745  0  0  0  0
223  1.63587  -0.771973  -33.2165  33.275  0.78725  0  0  0  0
113  1.06402  -0.271084  -17.314  17.3721  0.899084  0  0  0  0
-213  1.17024  0.233228  -19.8155  19.8666  0.778229  0  0  0  0
321  0.30648  -0.0899281  -2.57964  2.6458  0.49368  0  0  0  0
-323  0.504823  -0.315997  -8.53824  8.60628  0.901036  0  0  0  0
321  0.886615  -0.0548926  -7.25063  7.32151  0.49368  0  0  0  0
-321  1.88369  -0.154712  -4.41009  4.82336  0.49368  0  0  0  0
111  1.94716  -0.477638  -4.39796  4.83528  0.13498  0  0  0  0
211  3.5812  0.241171  -8.18452  8.93807  0.13957  0  0  0  0
111  0.702045  0.207616  -1.36254  1.55264  0.13498  0  0  0  0
313  6.28035  -1.25145  -14.0936  15.506  0.891974  0  0  0  0
-313  2.34585  -0.223019  -4.53216  5.18361  0.881194  0  0  0  0
-213  6.68787  -0.468933  -5.94648  9.01238  0.956477  0  0  0  0
211  0.563088  -0.294779  -0.413436  0.770955  0.13957  0  0  0  0
-211  2.27242  -0.689119  -1.50933  2.81715  0.13957  0  0  0  0
223  5.11604  -0.712609  -4.36216  6.8058  0.780233  0  0  0  0
113  5.48638  -0.589375  -4.63863  7.24998  0.773091  0  0  0  0
111  0.498444  -0.287107  -0.519904  0.787017  0.13498  0  0  0  0
221  3.25399  -0.470227  -1.8608  3.81736  0.54785  0  0  0  0
211  1.67733  0.099254  -0.649166  1.8067  0.13957  0  0  0  0
2112  1.10195  -0.250077  -1.11997  1.84769  0.93957  0  0  0  0
-2212  1.57091  1.17882  -0.249207  2.19085  0.93827  0  0  0  0
3212  2.55526  0.667613  -0.216824  2.90593  1.19264  0  0  0  0
-3214  2.09335  1.13296  -1.3378  3.05917  1.37953  0  0  0  0
211  0.412584  -0.388522  0.135717  0.599228  0.13957  0  0  0  0
-211  0.410205  0.337439  0.209477  0.587787  0.13957  0  0  0  0
213  1.34539  -0.0495598  0.430223  1.62958  0.811117  0  0  0  0
223  0.230554  0.655655  0.0235379  1.06778  0.810291  0  0  0  0
111  0.182419  -0.586069  0.224324  0.667304  0.13498  0  0  0  0
-211  0.161915  0.183767  0.234443  0.366647  0.13957  0  0  0  0
2212  1.11618  0.640303  0.762972  1.76587  0.93827  0  0  0  0
-211  -0.294199  0.369707  0.852257  0.984407  0.13957  0  0  0  0
-1114  -1.90176  5.29315  4.65043  7.45974  1.54503  0  0  0  0
-213  -0.729472  2.33887  1.61904  3.03906  0.78241  0  0  0  0
2224  -3.16389  6.89566  5.71406  9.57963  1.24842  0  0  0  0
223  -0.0139554  1.31466  0.428955  1.5797  0.76349  0  0  0  0
-2214  -0.892665  -0.383727  -0.859536  1.78456  1.22545  0  0  0  0
-211  -0.224054  0.15603  0.103531  0.323642  0.13957  0  0  0  0
321  4.39016  1.33197  -116.912  117.003  0.49368  0  0  0  0
-321  0.611151  -0.114724  -21.7018  21.7163  0.49368  0  0  0  0
321  0.0219834  0.426092  -7.23207  7.26144  0.49368  0  0  0  0
-311  -0.0491385  -0.503875  -1.41394  1.58214  0.49761  0  0  0  0
-211  0.60657  0.216425  -0.662262  0.934258  0.13957  0  0  0  0
113  -0.243495  0.125353  -2.18107  2.34184  0.80757  0  0  0  0
213  0.247128  -0.141973  -1.23099  1.57353  0.937772  0  0  0  0
-211  -0.248516  0.139756  0.521241  0.610298  0.13957  0  0  0  0
111  0.0392329  -0.45951  -0.258919  0.545846  0.13498  0  0  0  0
213  0.441906  -0.128906  0.749921  1.08896  0.64153  0  0  0  0
-211  0.240891  0.0645001  0.608641  0.672393  0.13957  0  0  0  0
2224  0.60744  -1.37074  3.58303  4.06956  1.21461  0  0  0  0
-2224  0.0168796  0.117877  2.33369  2.60471  1.15073  0  0  0  0
211  0.164854  -0.00731029  0.587216  0.625725  0.13957  0  0  0  0
2112  0.37861  -0.30382  8.83115  8.89425  0.93957  0  0  0  0
-211  0.645797  0.22722  2.67207  2.7619  0.13957  0  0  0  0
-2114  0.578444  -0.825508  9.04005  9.26332  1.75228  0  0  0  0
2224  0.536147  -0.515016  8.09398  8.22951  1.28823  0  0  0  0
-213  0.83771  0.243374  7.92438  8.01305  0.807544  0  0  0  0
-3122  0.202832  1.06513  4.89579  5.13703  1.11568  0  0  0  0
-313  -0.132506  -0.266345  4.32462  4.42612  0.894277  0  0  0  0
311  -0.0748256  0.421326  1.26452  1.42469  0.49761  0  0  0  0
-311  0.0882294  -0.292548  0.931555  1.09944  0.49761  0  0  0  0
113  -0.192014  0.51471  2.78979  2.95962  0.821344  0  0  0  0
-211  0.380973  0.0332176  3.34938  3.37403  0.13957  0  0  0  0
213  -0.299523  0.2313  29.9154  29.9281  0.786757  0  0  0  0
-211  0.317144  -0.0927246  6.65455  6.66421  0.13957  0  0  0  0
221  0.0334471  0.0232371  19.5736  19.5813  0.54785  0  0  0  0
223  0.950568  0.593215  135.93  135.936  0.786237  0  0  0  0
111  -0.0963899  0.137755  20.8146  20.8158  0.13498  0  0  0  0
213  1.23156  0.0746844  122.441  122.45  0.760854  0  0  0  0
111  0.779086  0.753587  120.233  120.238  0.13498  0  0  0  0
-211  0.0645476  -0.167247  34.6516  34.6524  0.13957  0  0  0  0
211  0.664159  1.03602  121.765  121.771  0.13957  0  0  0  0
-211  0.240115  -0.232479  59.5306  59.5317  0.13957  0  0  0  0
211  0.162294  0.440923  41.0231  41.026  0.13957  0  0  0  0
-211  0.771665  0.0781458  80.6326  80.6364  0.13957  0  0  0  0
111  -0.295163  0.260617  9.93407  9.94279  0.13498  0  0  0  0
2212  -0.166564  0.236534  25.1109  25.13  0.93827  0  0  0  0
223  0.316683  -4.33568  100.548  100.645  0.778752  0  0  0  0
-2212  -0.550414  -1.8319  35.9151  35.9783  0.93827  0  0  0  0
113  0.853183  -0.198714  19.7459  19.7803  0.77005  0  0  0  0
113  0.0840094  -1.76087  24.1534  24.2291  0.745007  0  0  0  0
223  0.545797  0.205975  4.1344  4.24678  0.775571  0  0  0  0
111  0.0927928  -0.0988647  0.988818  1.00716  0.13498  0  0  0  0
211  -0.128291  -0.222278  0.169419  0.337711  0.13957  0  0  0  0
-211  -0.183445  0.0826679  1.32132  1.34382  0.13957  0  0  0  0
213  -0.823561  -1.692  -0.0648938  2.084  0.893163  0  0  0  0
-211  -0.877496  -0.545953  0.207099  1.06322  0.13957  0  0  0  0
111  -0.171083  -0.141127  0.408985  0.484432  0.13498  0  0  0  0
211  -0.109129  -0.132582  0.0680088  0.2315  0.13957  0  0  0  0
113  -0.518501  -0.950869  -0.0957673  1.33874  0.781059  0  0  0  0
311  -3.59264  -0.137016  2.26359  4.27754  0.49761  0  0  0  0
221  -1.35933  -0.351657  -0.0704167  1.50882  0.54785  0  0  0  0
-313  -2.91493  1.03398  1.24151  3.44339  0.865811  0  0  0  0
-211  -1.83148  0.295442  -0.0391238  1.86081  0.13957  0  0  0  0
213  -8.53241  2.60361  2.18184  9.20914  0.683364  0  0  0  0
-213  -4.8333  1.01165  0.462039  5.02415  0.802721  0  0  0  0
113  -4.49031  1.15283  1.53811  4.9437  0.763177  0  0  0  0
213  -1.51619  0.199164  0.30612  1.73253  0.754621  0  0  0  0
-211  -2.37291  0.169907  1.28896  2.70933  0.13957  0  0  0  0
211  -1.13583  -0.556054  0.663807  1.43507  0.13957  0  0  0  0
2112  -0.781969  0.403282  -0.126517  1.29341  0.93957  0  0  0  0
-2112  0.0880343  -0.032163  -0.265326  0.980803  0.93957  0  0  0  0
221  0.997898  -1.58731  -3.66569  4.15365  0.54785  0  0  0  0
2112  0.0104298  -0.710278  -0.854005  1.4549  0.93957  0  0  0  0
-2112  0.389602  -1.39331  -2.1045  2.72118  0.93957  0  0  0  0
311  0.0784811  -0.089587  -0.255099  0.571731  0.49761  0  0  0  0
-323  -1.49555  -0.710302  -1.06063  2.17972  0.940769  0  0  0  0
213  -1.23816  -0.247205  -1.25335  1.89874  0.663448  0  0  0  0
311  -0.549493  -1.13044  -0.882009  1.61412  0.49761  0  0  0  0
-311  -3.77959  -0.0751143  -2.63272  4.63355  0.49761  0  0  0  0
111  -2.94227  -1.08076  -1.93389  3.68553  0.13498  0  0  0  0
-211  -5.4557  -1.34009  -4.09148  6.95127  0.13957  0  0  0  0
211  -2.44039  -1.12932  -1.89625  3.29334  0.13957  0  0  0  0
113  -3.75876  -0.322154  -2.68512  4.68561  0.716267  0  0  0  0
223  -4.73336  -0.766915  -3.44819  5.95748  0.78023  0  0  0  0
113  -5.73682  -1.3631  -5.05168  7.80292  0.772599  0  0  0  0
-213  -0.0915806  0.161088  -0.144638  0.658498  0.615112  0  0  0  0
211  -0.820547  -0.00981637  -0.0463282  0.833679  0.13957  0  0  0  0
221  -0.511868  0.147413  1.63154  1.80161  0.54785  0  0  0  0
113  0.30072  -0.183855  5.17841  5.24845  0.778455  0  0  0  0
113  -0.0512991  -0.0497623  4.50801  4.58686  0.843808  0  0  0  0
-211  0.290482  -0.182986  3.14861  3.17034  0.13957  0  0  0  0
223  -0.756102  0.157602  59.8031  59.8132  0.780055  0  0  0  0
211  0.463903  -0.319522  113.32  113.321  0.13957  0  0  0  0
2114  0.252473  -0.142252  427.616  427.618  1.25175  0  0  0  0
213  -0.188027  0.171886  339.053  339.054  0.794301  0  0  0  0
111  -0.187401  0.130382  -559.343  559.343  0.13498  0  0  0  0
2214  -0.350187  0.354665  -526.681  526.683  1.26383  0  0  0  0
213  0.233861  0.0926679  -168.856  168.859  0.866546  0  0  0  0
113  -0.0442782  0.532684  -310.114  310.115  0.714454  0  0  0  0
223  -0.97435  -0.945821  -175.253  175.26  0.815334  0  0  0  0
111  0.4161  0.0847353  -23.4348  23.439  0.13498  0  0  0  0
-321  -0.787228  0.0530049  -17.7698  17.7942  0.49368  0  0  0  0
321  -1.3081  0.654182  -19.9977  20.0571  0.49368  0  0  0  0
-213  -0.723571  -0.827034  -10.4034  10.5419  1.30124  0  0  0  0
-3212  -1.44174  0.70572  -6.44253  6.74576  1.19264  0  0  0  0
3222  -0.140917  0.0926682  -3.11031  3.33423  1.18937  0  0  0  0
-213  -0.25444  -0.0831115  -1.22353  1.49494  0.816185  0  0  0  0
111  -0.247927  -0.0354719  -0.242065  0.373552  0.13498  0  0  0  0
211  0.0240821  -0.125026  -0.49767  0.532322  0.13957  0  0  0  0
-2212  -0.445459  0.529776  -0.983522  1.52537  0.93827  0  0  0  0
331  -1.34679  -0.395338  -0.489356  1.76885  0.958766  0  0  0  0
2114  -0.214021  0.77897  4.0093  4.26347  1.20419  0  0  0  0
223  -0.0251952  -0.132897  7.75773  7.79779  0.777701  0  0  0  0
211  0.278828  -0.0721112  0.893394  0.948988  0.13957  0  0  0  0
111  -0.261069  -0.144969  44.7866  44.7878  0.13498  0  0  0  0
113  0.279213  0.187579  43.8087  43.8178  0.822276  0  0  0  0
-213  0.21509  -0.110343  29.0669  29.0778  0.756991  0  0  0  0
113  0.102841  -0.318549  41.4216  41.4308  0.803269  0  0  0  0
113  0.288452  -0.353182  229.409  229.412  1.17463  0  0  0  0
211  0.520733  -0.557285  -10.7493  10.7773  0.13957  0  0  0  0
-211  0.54329  0.286201  -6.5647  6.59484  0.13957  0  0  0  0
-211  0.960531  0.469319  -14.4493  14.4894  0.13957  0  0  0  0
111  0.209709  -0.236091  -5.36621  5.37719  0.13498  0  0  0  0
-311  0.0714368  -0.273733  -5.99485  6.02212  0.49761  0  0  0  0
-211  0.433386  -0.0422637  -2.54339  2.58417  0.13957  0  0  0  0
321  5.64162  -0.938438  -12.5651  13.8143  0.49368  0  0  0  0
-211  0.638725  -0.313016  -1.52852  1.69169  0.13957  0  0  0  0
-321  1.3459  -0.178025  -2.09077  2.5413  0.49368  0  0  0  0
211  0.999954  -0.0449938  -2.44139  2.64231  0.13957  0  0  0  0
-211  6.09458  -0.181009  -5.37463  8.12913  0.13957  0  0  0  0
111  0.593299  -0.287925  -0.571851  0.883254  0.13498  0  0  0  0
211  1.48743  -0.0465189  -1.64954  2.226  0.13957  0  0  0  0
-211  3.99895  -0.542856  -2.98909  5.02398  0.13957  0  0  0  0
-3122  1.62144  1.0861  -0.993184  2.45761  1.11568  0  0  0  0
111  0.471908  0.0468609  -0.34462  0.601561  0.13498  0  0  0  0
211  -0.0435075  0.0751446  0.00126831  0.164381  0.13957  0  0  0  0
111  1.3889  -0.124704  0.428955  1.4652  0.13498  0  0  0  0
-2112  -1.28971  4.18918  3.07456  5.43583  0.93957  0  0  0  0
211  -0.612051  1.10397  1.57587  2.02391  0.13957  0  0  0  0
-211  0.133196  0.498099  0.357259  0.642618  0.13957  0  0  0  0
111  -0.862668  1.84077  1.26178  2.39644  0.13498  0  0  0  0
2212  -2.65726  5.78061  4.49629  7.84688  0.93827  0  0  0  0
211  -0.50663  1.11505  1.21776  1.73276  0.13957  0  0  0  0
-2212  -0.561979  -0.461089  -0.561762  1.31315  0.93827  0  0  0  0
111  -0.330686  0.0773621  -0.297774  0.47141  0.13498  0  0  0  0
211  -0.246532  0.256747  -0.410664  0.56109  0.13957  0  0  0  0
-211  0.00303717  -0.131394  -1.7704  1.78075  0.13957  0  0  0  0
211  0.332555  -0.325037  -1.23869  1.33045  0.13957  0  0  0  0
111  -0.0854269  0.183063  0.00770139  0.243082  0.13498  0  0  0  0
211  0.493455  0.0590552  0.654097  0.833251  0.13957  0  0  0  0
111  -0.0515489  -0.187961  0.0958249  0.255712  0.13498  0  0  0  0
2212  0.329923  -1.07558  2.40534  2.81634  0.93827  0  0  0  0
211  0.277517  -0.295153  1.17769  1.25322  0.13957  0  0  0  0
-2212  -0.0373592  0.170292  2.1969  2.39523  0.93827  0  0  0  0
-211  0.0542388  -0.0524145  0.136793  0.209479  0.13957  0  0  0  0
-2112  0.270174  -0.907496  8.60231  8.70511  0.93957  0  0  0  0
111  0.308271  0.0819881  0.437747  0.558207  0.13498  0  0  0  0
2212  0.678684  -0.545851  6.73177  6.85241  0.93827  0  0  0  0
211  -0.142537  0.0308352  1.36222  1.37709  0.13957  0  0  0  0
-211  0.248152  0.275476  5.49662  5.51087  0.13957  0  0  0  0
111  0.589558  -0.0321021  2.42776  2.50217  0.13498  0  0  0  0
-311  0.0115895  0.0339045  1.54955  1.62789  0.49761  0  0  0  0
111  -0.144096  -0.300249  2.77507  2.79824  0.13498  0  0  0  0
211  -0.0890185  0.598794  2.6491  2.72097  0.13957  0  0  0  0
-211  -0.102995  -0.0840842  0.140693  0.238647  0.13957  0  0  0  0
211  -0.420222  0.242456  10.7208  10.7327  0.13957  0  0  0  0
111  0.120699  -0.011156  19.1946  19.1954  0.13498  0  0  0  0
211  0.396784  0.214118  69.876  69.8776  0.13957  0  0  0  0
111  0.83478  -0.139434  52.5652  52.5722  0.13498  0  0  0  0
211  0.0513094  0.136981  1.55017  1.5633  0.13957  0  0  0  0
-211  0.801874  -0.335694  18.1957  18.217  0.13957  0  0  0  0
211  -0.112242  -0.0547527  1.96554  1.97444  0.13957  0  0  0  0
-211  0.196252  -1.70612  22.1878  22.2546  0.13957  0  0  0  0
211  -0.0828723  -1.12963  0.0101501  1.14128  0.13957  0  0  0  0
111  -0.740689  -0.562369  -0.075044  0.942724  0.13498  0  0  0  0
211  -0.297672  0.0158194  -0.0728361  0.337111  0.13957  0  0  0  0
-211  -0.22083  -0.966688  -0.0229312  1.00163  0.13957  0  0  0  0
-321  -0.97429  0.309858  0.412302  1.20788  0.49368  0  0  0  0
211  -1.94064  0.724119  0.829209  2.23551  0.13957  0  0  0  0
211  -2.44396  0.783896  0.347806  2.59381  0.13957  0  0  0  0
111  -6.08846  1.81972  1.83403  6.61533  0.13498  0  0  0  0
-211  -2.16172  0.174569  0.459281  2.22125  0.13957  0  0  0  0
111  -2.67158  0.837079  0.00275827  2.8029  0.13498  0  0  0  0
211  -2.72726  0.396093  0.70948  2.84915  0.13957  0  0  0  0
-211  -1.76305  0.756735  0.828633  2.09454  0.13957  0  0  0  0
211  -0.56214  0.381776  0.289479  0.751686  0.13957  0  0  0  0
111  -0.95405  -0.182612  0.0166409  0.980844  0.13498  0  0  0  0
-321  -1.36977  -0.382959  -0.70528  1.66254  0.49368  0  0  0  0
111  -0.125781  -0.327342  -0.355354  0.517175  0.13498  0  0  0  0
211  -1.25456  -0.184704  -1.14182  1.71209  0.13957  0  0  0  0
111  0.0164044  -0.0625015  -0.111534  0.186641  0.13498  0  0  0  0
211  -0.513038  0.113263  -0.552731  0.77526  0.13957  0  0  0  0
-211  -3.24572  -0.435417  -2.13239  3.91035  0.13957  0  0  0  0
211  -5.27433  -1.09613  -4.47488  7.00458  0.13957  0  0  0  0
-211  -0.462488  -0.26697  -0.576804  0.798343  0.13957  0  0  0  0
-211  -0.2664  0.0117195  0.0782452  0.310979  0.13957  0  0  0  0
111  0.174819  0.149369  -0.222883  0.347518  0.13498  0  0  0  0
211  -0.0247445  0.176202  0.582293  0.624664  0.13957  0  0  0  0
-211  0.325464  -0.360057  4.59612  4.62378  0.13957  0  0  0  0
211  -0.203845  0.328796  1.97219  2.01461  0.13957  0  0  0  0
-211  0.152546  -0.378558  2.53582  2.57224  0.13957  0  0  0  0
2112  0.142625  -0.0131746  251.315  251.317  0.93957  0  0  0  0
111  0.109848  -0.129077  176.301  176.301  0.13498  0  0  0  0
211  0.0727541  -0.232197  69.9412  69.9418  0.13957  0  0  0  0
111  -0.260781  0.404084  269.111  269.112  0.13498  0  0  0  0
2112  -0.361076  0.263412  -506.237  506.238  0.93957  0  0  0  0
211  0.0108886  0.0912526  -20.4439  20.4446  0.13957  0  0  0  0
211  0.442717  -0.199309  -110.12  110.121  0.13957  0  0  0  0
111  -0.208856  0.291977  -58.7364  58.7376  0.13498  0  0  0  0
211  -0.106297  0.445318  -94.5188  94.52  0.13957  0  0  0  0
-211  0.0620188  0.0873656  -215.595  215.595  0.13957  0  0  0  0
-211  -0.352042  -0.709133  -9.64609  9.67953  0.13957  0  0  0  0
111  -0.371529  -0.117901  -0.75734  0.862391  0.13498  0  0  0  0
-211  0.143238  -0.265865  -0.818509  0.883537  0.13957  0  0  0  0
111  -0.397678  0.182754  -0.405026  0.611402  0.13498  0  0  0  0
2112  -0.373686  0.678397  3.40402  3.61525  0.93957  0  0  0  0
111  0.159665  0.100573  0.605278  0.648219  0.13498  0  0  0  0
211  0.320947  -0.0491693  7.86912  7.87705  0.13957  0  0  0  0
-211  -0.0417343  0.236748  35.9396  35.9407  0.13957  0  0  0  0
-211  0.121179  0.061841  26.2761  26.2768  0.13957  0  0  0  0
111  0.0939107  -0.172184  2.79079  2.80093  0.13498  0  0  0  0
211  0.0578968  -0.259806  5.1301  5.13889  0.13957  0  0  0  0
-211  0.0449445  -0.0587428  36.2915  36.2919  0.13957  0  0  0  0
211  0.423726  0.180619  44.7797  44.7823  0.13957  0  0  0  0
-211  -0.135274  -0.533801  184.629  184.63  0.13957  0  0  0  0
3122  2.09806  0.372897  -69.8435  69.8849  1.11568  0  0  0  0
-2112  1.98359  -0.0350745  -60.6415  60.6812  0.93957  0  0  0  0
211  0.214435  -0.158661  -11.5467  11.5506  0.13957  0  0  0  0
111  0.483762  0.0903222  -11.1358  11.1475  0.13498  0  0  0  0
111  4.16717  -0.738603  -3.87092  5.73699  0.13498  0  0  0  0
3122  2.30671  0.629043  -0.258165  2.65104  1.11568  0  0  0  0
211  -0.130384  0.14112  0.171606  0.29299  0.13957  0  0  0  0
-211  0.0857277  0.384304  -0.0208426  0.418274  0.13957  0  0  0  0
111  0.27521  0.130231  -0.127225  0.35652  0.13498  0  0  0  0
211  -0.329402  0.545786  0.0464271  0.654235  0.13957  0  0  0  0
-211  0.315447  0.768874  0.382527  0.925462  0.13957  0  0  0  0
-2112  0.112953  0.865716  3.76723  3.97957  0.93957  0  0  0  0
111  0.0898791  0.199412  1.12856  1.15746  0.13498  0  0  0  0
111  0.0384155  0.0663806  4.62532  4.62792  0.13498  0  0  0  0
111  0.0342954  0.0326324  2.50646  2.51053  0.13498  0  0  0  0
111  -0.0392638  -0.0757759  12.4418  12.4428  0.13498  0  0  0  0
211  0.411665  -0.0537657  41.9934  41.9957  0.13957  0  0  0  0
-211  0.294786  0.495021  69.8036  69.8061  0.13957  0  0  0  0
111  0.244117  0.15196  24.1326  24.1347  0.13498  0  0  0  0
211  -0.000697606  -2.07836  47.5777  47.6233  0.13957  0  0  0  0
-211  0.0237891  -1.1884  23.9364  23.9663  0.13957  0  0  0  0
111  0.293591  -1.06892  29.034  29.0555  0.13498  0  0  0  0
211  0.347369  -0.137384  1.66539  1.71246  0.13957  0  0  0  0
-211  0.042698  0.209376  1.86207  1.87948  0.13957  0  0  0  0
111  0.15573  0.133983  0.606944  0.654832  0.13498  0  0  0  0
111  -0.322762  0.0129094  0.0822397  0.359618  0.13498  0  0  0  0
111  -0.477716  -0.232945  -0.0959287  0.556685  0.13498  0  0  0  0
111  -0.558854  -0.131621  -0.0567277  0.59252  0.13498  0  0  0  0
211  -1.33392  -0.255034  -0.781541  1.5731  0.13957  0  0  0  0
-211  -2.3663  -0.540655  -1.98806  3.14063  0.13957  0  0  0  0
111  -1.03314  0.0287745  -0.678585  1.24375  0.13498  0  0  0  0
211  -0.0344942  0.0787427  0.190268  0.251141  0.13957  0  0  0  0
-211  -0.127061  -0.0513675  0.606091  0.636875  0.13957  0  0  0  0
211  -0.257998  0.170486  10.8906  10.8959  0.13957  0  0  0  0
-211  -0.159959  0.170203  16.7724  16.7746  0.13957  0  0  0  0
111  -0.338145  -0.183087  32.14  32.1426  0.13498  0  0  0  0
211  -0.0807087  -0.254817  -35.4372  35.4385  0.13957  0  0  0  0
-211  -0.340096  -0.176285  -25.1575  25.1608  0.13957  0  0  0  0
111  -0.553546  -0.514719  -114.658  114.661  0.13498  0  0  0  0
-3122  -1.36063  0.588112  -5.90654  6.19105  1.11568  0  0  0  0
2212  -0.197071  -0.00738808  -2.10016  2.30866  0.93827  0  0  0  0
111  0.0561541  0.100056  -1.01015  1.02557  0.13498  0  0  0  0
113  -1.19169  -0.515392  -0.563358  1.55922  0.654249  0  0  0  0
211  -0.0380387  -0.0618872  0.437078  0.464536  0.13957  0  0  0  0
-211  0.151116  -0.0807201  4.85184  4.85687  0.13957  0  0  0  0
111  -0.138273  0.00970989  2.46882  2.47639  0.13498  0  0  0  0
-2212  1.32384  0.80348  -0.856937  2.0032  0.93827  0  0  0  0
211  0.297607  0.282624  -0.136247  0.454411  0.13957  0  0  0  0
2212  1.68114  0.371937  -55.2483  55.2831  0.93827  0  0  0  0
-211  0.416923  0.000960408  -14.5952  14.6018  0.13957  0  0  0  0
2112  1.72371  0.464511  -0.176655  2.02508  0.93957  0  0  0  0
111  0.583001  0.164532  -0.0815096  0.625959  0.13498  0  0  0  0
-2212  -1.17257  0.568359  -5.37854  5.61311  0.93827  0  0  0  0
211  -0.188053  0.0197533  -0.527994  0.577938  0.13957  0  0  0  0
211  -0.657606  -0.196847  -0.597892  0.920951  0.13957  0  0  0  0
-211  -0.534081  -0.318545  0.0345344  0.638268  0.13957  0  0  0  0
25  223
2212  0  0  2510  2510  0.93827  0  0  0  0
2212  0  0  -2510  2510  0.93827  0  0  0  0
111  -0.303311  -0.425153  -121.261  121.263  0.13498  0  0  0  0
-211  0.308677  0.170407  -346.738  346.738  0.13957  0  0  0  0
223  -0.286675  -0.559013  -61.6463  61.6545  0.785902  0  0  0  0
213  0.435646  0.173931  -10.9221  10.9571  0.738147  0  0  0  0
2112  0.125917  0.210017  0.294054  1.01451  0.93957  0  0  0  0
-2112  -0.214402  0.160384  0.128386  0.985376  0.93957  0  0  0  0
-211  0.40135  0.435151  -0.00186864  0.608212  0.13957  0  0  0  0
111  -0.0530703  0.588857  0.838627  1.03493  0.13498  0  0  0  0
223  -0.0256362  0.461915  2.21981  2.40057  0.788125  0  0  0  0
211  0.17967  -0.430243  0.839326  0.970227  0.13957  0  0  0  0
223  0.0473943  -0.138275  6.19404  6.24217  0.759766  0  0  0  0
-213  -0.185731  0.0341923  38.437  38.4449  0.757277  0  0  0  0
221  0.0331361  0.0800681  5.85658  5.88279  0.54785  0  0  0  0
223  -0.147729  0.0984416  36.4929  36.5018  0.784121  0  0  0  0
211  0.09231  0.87629  341.447  341.449  0.13957  0  0  0  0
2114  0.134074  -0.335804  493.992  493.993  1.14325  0  0  0  0
221  0.0518777  0.212501  465.664  465.664  0.54785  0  0  0  0
-213  0.738802  0.482942  1.26834  1.76655  0.856111  0  0  0  0
211  0.436361  0.25791  -0.032016  0.52672  0.13957  0  0  0  0
111  -0.0347397  -0.645023  -0.570055  0.872034  0.13498  0  0  0  0
-213  0.121104  0.0680988  -0.156423  0.769012  0.740006  0  0  0  0
213  -0.136327  0.257511  -3.87248  3.95484  0.748163  0  0  0  0
3112  -0.00447681  -0.0184071  -20.8349  20.8693  1.19745  0  0  0  0
-3312  0.412428  -0.00737792  -56.5758  56.5928  1.32171  0  0  0  0
-311  -0.0971019  0.0917577  -43.6232  43.6263  0.49761  0  0  0  0
111  0.0856288  -0.000373785  -3.83688  3.84021  0.13498  0  0  0  0
2214  -0.912205  -0.64269  -397.816  397.82  1.27837  0  0  0  0
113  0.145331  -0.135864  -503.036  503.037  0.680001  0  0  0  0
223  0.485585  -0.896125  422.248  422.25  0.78747  0  0  0  0
323  -0.784858  -0.854789  409.956  409.959  0.874698  0  0  0  0
-321  -0.431301  0.293898  52.779  52.7839  0.49368  0  0  0  0
321  -0.595709  0.137983  20.0532  20.0685  0.49368  0  0  0  0
-313  -0.231221  0.0312793  60.8955  60.9027  0.901418  0  0  0  0
221  0.75018  0.19791  20.7063  20.7281  0.54785  0  0  0  0
2112  -0.347251  0.196836  2.29923  2.51567  0.93957  0  0  0  0
-2112  0.891883  1.08213  7.07457  7.27315  0.93957  0  0  0  0
-211  0.161903  -0.225261  -0.0808371  0.320889  0.13957  0  0  0  0
3212  1.19099  0.585587  2.66891  3.21043  1.19264  0  0  0  0
-3112  2.21742  0.97043  2.36325  3.58853  1.19745  0  0  0  0
-213  3.22606  4.89617  13.6586  14.8871  0.830525  0  0  0  0
223  1.6849  1.20928  7.73817  8.05001  0.788782  0  0  0  0
111  0.521274  2.61721  3.35221  4.28684  0.13498  0  0  0  0
113  0.666338  -0.194414  1.24954  1.60197  0.723298  0  0  0  0
111  0.0518127  0.222774  0.457336  0.528856  0.13498  0  0  0  0
-421  -0.562458  -2.11337  0.65009  2.9467  1.86486  0  0  0  0
423  1.12068  -5.03541  -2.82812  6.21591  2.00698  0  0  0  0
321  0.64927  -1.61355  -0.578097  1.89816  0.49368  0  0  0  0
-321  -0.217568  -1.56845  -0.968852  1.92087  0.49368  0  0  0  0
211  0.191545  -1.77732  -0.575846  1.88325  0.13957  0  0  0  0
-213  -0.500346  -2.48174  -1.13736  2.89024  0.806528  0  0  0  0
211  0.294406  -12.783  -1.86551  12.9225  0.13957  0  0  0  0
311  0.183174  -2.07315  0.105635  2.14249  0.49761  0  0  0  0
-311  0.00162689  -5.33642  -1.00441  5.45287  0.49761  0  0  0  0
221  1.18464  -4.06376  0.230919  4.27446  0.54785  0  0  0  0
2112  -0.465736  -1.42093  -1.75912  2.49264  0.93957  0  0  0  0
223  0.152458  0.31972  -1.68705  1.89832  0.794985  0  0  0  0
-3214  -0.281536  -0.270464  -0.994502  1.69769  1.31935  0  0  0  0
-311  -0.494779  0.278924  -2.61002  2.71707  0.49761  0  0  0  0
-211  0.583675  0.846047  -1.64093  1.94129  0.13957  0  0  0  0
213  -0.499211  0.872624  -4.29604  4.48857  0.824998  0  0  0  0
111  0.272045  1.84994  -2.81445  3.38166  0.13498  0  0  0  0
2112  0.69548  2.04255  -4.70045  5.25668  0.93957  0  0  0  0
-2212  0.40605  0.712969  -2.76139  3.02965  0.93827  0  0  0  0
323  0.23593  0.985196  -7.90989  8.02631  0.910501  0  0  0  0
-321  0.596849  0.90266  -15.6151  15.6604  0.49368  0  0  0  0
213  0.395582  0.710146  -8.73962  8.81408  0.803915  0  0  0  0
221  -0.139649  0.862582  -12.8655  12.9067  0.54785  0  0  0  0
111  0.152975  0.0216732  -1.39766  1.41263  0.13498  0  0  0  0
-213  -4.03158  5.65599  -74.437  74.7661  0.921725  0  0  0  0
323  -2.63367  3.13856  -41.3515  41.5632  0.875836  0  0  0  0
3114  -4.86545  6.424  -89.9685  90.3394  1.39333  0  0  0  0
211  -1.37795  1.92407  -22.2029  22.3291  0.13957  0  0  0  0
-2214  -4.64432  3.29652  -70.3668  70.6091  1.31568  0  0  0  0
211  -4.21047  3.01004  -80.6535  80.8195  0.13957  0  0  0  0
-411  -9.73819  6.88749  -178.693  179.1  1.86962  0  0  0  0
411  0.810809  -0.799635  -102.791  102.814  1.86962  0  0  0  0
-213  0.356217  -0.858386  -48.4472  48.4634  0.837847  0  0  0  0
211  1.10765  -0.385924  -30.3713  30.3943  0.13957  0  0  0  0
-213  -0.0457387  -0.524947  -8.16046  8.20625  0.686917  0  0  0  0
213  0.853508  -0.772847  -43.6039  43.6249  0.716783  0  0  0  0
-211  -0.102895  -0.163478  -6.03274  6.03745  0.13957  0  0  0  0
111  0.057333  -0.130165  -0.857807  0.879933  0.13498  0  0  0  0
321  0.0315525  -0.101113  -9.41298  9.42651  0.49368  0  0  0  0
-311  3.39614  -0.563767  -11.5  12.0146  0.49761  0  0  0  0
-211  1.79014  -1.11733  -2.81461  3.52059  0.13957  0  0  0  0
213  0.594031  -0.237077  -1.28389  1.63763  0.790176  0  0  0  0
221  3.12452  -1.18646  -6.22367  7.08551  0.54785  0  0  0  0
-211  0.930252  -0.982941  -2.21527  2.5997  0.13957  0  0  0  0
211  0.155052  0.0575617  -0.086564  0.233083  0.13957  0  0  0  0
311  0.631377  0.726005  -0.472659  1.18184  0.49761  0  0  0  0
-311  -0.10635  -0.565709  0.92961  1.2013  0.49761  0  0  0  0
-211  0.384914  0.367756  0.200703  0.585803  0.13957  0  0  0  0
111  0.748975  -0.0402839  0.128925  0.772934  0.13498  0  0  0  0
213  0.958049  -0.947878  1.95031  2.61112  1.09449  0  0  0  0
-213  -0.0196696  0.129283  0.933378  1.20827  0.756051  0  0  0  0
223  0.739465  -0.949353  1.63803  2.17874  0.784645  0  0  0  0
321  0.242965  -1.50607  0.764611  1.77641  0.49368  0  0  0  0
-311  0.104628  -0.47193  1.22627  1.4089  0.49761  0  0  0  0
111  0.0200959  0.182598  0.675425  0.712857  0.13498  0  0  0  0
-213  0.0591724  -0.0534632  4.5583  4.603  0.634971  0  0  0  0
211  0.251057  -0.722854  9.3878  9.41997  0.13957  0  0  0  0
113  -0.333019  -0.178753  37.1484  37.1698  1.20072  0  0  0  0
211  0.607119  0.195347  -8.51652  8.54151  0.13957  0  0  0  0
111  -0.171473  -0.0214157  -2.40557  2.41555  0.13498  0  0  0  0
-211  0.170181  -0.201906  21.2009  21.203  0.13957  0  0  0  0
111  -0.355912  0.236098  17.2361  17.2419  0.13498  0  0  0  0
2112  0.226637  -0.26987  446.456  446.457  0.93957  0  0  0  0
111  -0.092563  -0.0659342  47.5361  47.5364  0.13498  0  0  0  0
-211  0.034867  0.363792  0.122842  0.410037  0.13957  0  0  0  0
111  0.703935  0.119149  1.1455  1.35651  0.13498  0  0  0  0
-211  0.0372135  -0.0781717  0.255593  0.303814  0.13957  0  0  0  0
111  0.0838907  0.14627  -0.412016  0.465198  0.13498  0  0  0  0
211  0.0504417  -0.136738  -0.359184  0.411988  0.13957  0  0  0  0
111  -0.186769  0.394249  -3.5133  3.54285  0.13498  0  0  0  0
2212  -0.582458  -0.457317  -345.906  345.908  0.93827  0  0  0  0
111  -0.329747  -0.185373  -51.9098  51.9114  0.13498  0  0  0  0
211  -0.122559  -0.267229  -346.246  346.247  0.13957  0  0  0  0
-211  0.26789  0.131365  -156.79  156.79  0.13957  0  0  0  0
311  -0.768597  -0.44431  296.051  296.052  0.49761  0  0  0  0
211  -0.016261  -0.410479  113.906  113.906  0.13957  0  0  0  0
-311  0.136739  -0.0486827  29.2792  29.2838  0.49761  0  0  0  0
111  -0.36796  0.079962  31.6163  31.6188  0.13498  0  0  0  0
-211  1.03747  1.01182  3.64527  3.92525  0.13957  0  0  0  0
111  2.18859  3.88435  10.0133  10.9619  0.13498  0  0  0  0
211  -0.0995979  -0.139454  0.305796  0.377304  0.13957  0  0  0  0
-211  0.765936  -0.0549596  0.943742  1.22467  0.13957  0  0  0  0
-211  -0.0976966  -1.71245  -1.02843  2.00478  0.13957  0  0  0  0
111  -0.402649  -0.769296  -0.108938  0.885454  0.13498  0  0  0  0
-3122  -0.150323  -0.186585  -0.70161  1.33956  1.11568  0  0  0  0
111  -0.131212  -0.0838787  -0.292892  0.358131  0.13498  0  0  0  0
211  -0.65754  0.766083  -3.87724  4.00896  0.13957  0  0  0  0
111  0.158329  0.106541  -0.418801  0.479617  0.13498  0  0  0  0
311  0.0879701  0.813115  -7.27591  7.33862  0.49761  0  0  0  0
211  0.14796  0.17208  -0.633985  0.687693  0.13957  0  0  0  0
211  0.319541  0.859823  -7.07324  7.13383  0.13957  0  0  0  0
111  0.0760418  -0.149676  -1.66638  1.68025  0.13498  0  0  0  0
-211  -3.12807  3.83212  -55.0745  55.2963  0.13957  0  0  0  0
111  -0.903505  1.82386  -19.3626  19.4697  0.13498  0  0  0  0
311  -1.05972  1.09901  -14.9951  15.0808  0.49761  0  0  0  0
211  -1.57395  2.03955  -26.3564  26.4824  0.13957  0  0  0  0
3122  -3.26849  4.46051  -61.1231  61.3829  1.11568  0  0  0  0
-211  -1.59696  1.96349  -28.8454  28.9566  0.13957  0  0  0  0
-2112  -3.29315  2.57931  -48.9806  49.1678  0.93957  0  0  0  0
-211  -1.35117  0.717215  -21.3862  21.4413  0.13957  0  0  0  0
-211  0.450753  -0.942367  -38.4281  38.4426  0.13957  0  0  0  0
111  -0.0945362  0.0839804  -10.0191  10.0208  0.13498  0  0  0  0
-211  -0.315457  -0.278094  -5.44044  5.45845  0.13957  0  0  0  0
111  0.269719  -0.246853  -2.72002  2.7478  0.13498  0  0  0  0
211  0.593649  -0.549884  -18.3013  18.3198  0.13957  0  0  0  0
111  0.259858  -0.222963  -25.3025  25.3052  0.13498  0  0  0  0
211  0.031898  -0.381359  -0.394274  0.566907  0.13957  0  0  0  0
111  0.562133  0.144281  -0.889611  1.07072  0.13498  0  0  0  0
211  0.883617  -0.511054  1.87835  2.14234  0.13957  0  0  0  0
111  0.0744327  -0.436824  0.0719637  0.468779  0.13498  0  0  0  0
-211  -0.0108469  0.311055  0.116349  0.360402  0.13957  0  0  0  0
111  -0.00882279  -0.181772  0.817029  0.847865  0.13498  0  0  0  0
-211  0.191885  -0.0716511  0.74869  0.788651  0.13957  0  0  0  0
111  -0.132712  0.0181879  3.80961  3.81435  0.13498  0  0  0  0
211  -0.587334  -0.153484  9.80235  9.82212  0.13957  0  0  0  0
-211  0.254315  -0.0252685  27.3461  27.3476  0.13957  0  0  0  0
211  0.00930052  -0.203651  -20.5231  20.5245  0.13957  0  0  0  0
-211  -0.431265  -0.229852  -25.6575  25.6625  0.13957  0  0  0  0
111  0.13529  -0.12551  -15.4658  15.4674  0.13498  0  0  0  0
211  -0.11435  0.27109  1.51765  1.5522  0.13957  0  0  0  0
-211  0.159153  0.187103  0.605016  0.667728  0.13957  0  0  0  0
111  -0.0704391  0.00372204  0.0971434  0.180643  0.13498  0  0  0  0
211  0.125559  -0.102019  0.847853  0.874361  0.13957  0  0  0  0
-211  -0.0341942  -0.0184323  0.52836  0.547862  0.13957  0  0  0  0
111  -0.0439705  -0.0178235  4.81783  4.81995  0.13498  0  0  0  0
211  -0.0887529  -0.0355527  17.7873  17.7881  0.13957  0  0  0  0
-211  -0.0613636  0.0466895  1.74053  1.74782  0.13957  0  0  0  0
111  0.00238804  0.0873047  16.9651  16.9658  0.13498  0  0  0  0
2112  0.00257808  0.0668832  -13.62  13.6525  0.93957  0  0  0  0
-211  -0.00705489  -0.0852903  -7.21495  7.21681  0.13957  0  0  0  0
-3122  0.35599  0.0358062  -53.615  53.6278  1.11568  0  0  0  0
211  0.056438  -0.0431841  -2.96083  2.96497  0.13957  0  0  0  0
111  0.236322  -0.922847  380.18  380.181  0.13498  0  0  0  0
111  0.189729  0.152883  3.88083  3.89081  0.13498  0  0  0  0
111  0.203893  0.0200435  7.32636  7.33047  0.13498  0  0  0  0
111  0.356559  0.0249833  9.49916  9.50684  0.13498  0  0  0  0
3122  1.08714  0.617396  2.50065  3.01015  1.11568  0  0  0  0
-2112  1.58459  0.606909  1.51715  2.46248  0.93957  0  0  0  0
211  0.632834  0.363521  0.846095  1.12605  0.13957  0  0  0  0
111  1.02692  0.367839  3.05904  3.25051  0.13498  0  0  0  0
-311  -0.424288  -0.851504  0.195189  1.09124  0.49761  0  0  0  0
-211  0.08581  -0.200269  0.402929  0.478856  0.13957  0  0  0  0
211  -0.0442241  -0.517032  0.190163  0.570017  0.13957  0  0  0  0
111  -0.0774893  -0.21069  0.177884  0.316634  0.13498  0  0  0  0
111  -0.102267  -0.333878  -0.316075  0.489955  0.13498  0  0  0  0
421  1.09785  -4.9002  -2.61125  5.95933  1.86486  0  0  0  0
211  0.255731  0.0825815  -0.363085  0.472788  0.13957  0  0  0  0
-211  -0.00134263  -0.0393475  -0.771435  0.784947  0.13957  0  0  0  0
111  -0.101931  0.276486  -0.552532  0.640583  0.13498  0  0  0  0
211  -0.030317  0.2671  -3.19404  3.20837  0.13957  0  0  0  0
-211  -0.0225726  0.0910429  -1.40802  1.41802  0.13957  0  0  0  0
111  -0.0867595  0.504438  -8.26342  8.28036  0.13498  0  0  0  0
321  -2.81716  1.8881  -53.3192  53.4292  0.49368  0  0  0  0
-213  -5.21247  3.68902  -90.8694  91.0994  1.03426  0  0  0  0
-211  -1.70856  1.31036  -34.5041  34.5715  0.13957  0  0  0  0
20213  0.895247  -0.312042  -75.2556  75.2699  1.12416  0  0  0  0
311  -0.0844377  -0.487593  -27.5355  27.5445  0.49761  0  0  0  0
211  0.157376  -0.0576747  0.465621  0.514175  0.13957  0  0  0  0
-211  0.450875  -0.515517  0.458387  0.835849  0.13957  0  0  0  0
111  0.131214  -0.376161  0.714024  0.828713  0.13498  0  0  0  0
-2212  -0.117663  -0.220668  -0.691087  1.19184  0.93827  0  0  0  0
211  -0.0326608  0.0340832  -0.0105229  0.147712  0.13957  0  0  0  0
2212  -2.94337  3.97409  -53.6579  53.8935  0.93827  0  0  0  0
-211  -0.32512  0.486418  -7.46521  7.48941  0.13957  0  0  0  0
-2212  0.225221  0.024737  -41.0917  41.103  0.93827  0  0  0  0
211  0.13077  0.0110693  -12.5233  12.5248  0.13957  0  0  0  0
2212  1.04595  0.528051  2.17891  2.64591  0.93827  0  0  0  0
-211  0.0411952  0.0893451  0.321738  0.364245  0.13957  0  0  0  0
-321  0.977272  -3.92514  -1.76194  4.43958  0.49368  0  0  0  0
211  0.0127566  -1.04804  -0.628606  1.23011  0.13957  0  0  0  0
111  0.107825  0.0729801  -0.220712  0.28963  0.13498  0  0  0  0
-211  -0.095935  0.0353903  -1.81994  1.82815  0.13957  0  0  0  0
111  -5.11654  3.65363  -89.0495  89.2713  0.13498  0  0  0  0
211  0.274714  -0.00499118  -50.1533  50.1542  0.13957  0  0  0  0
113  0.620532  -0.307051  -25.1023  25.1157  0.44112  0  0  0  0
211  0.327824  -0.0956828  -17.1889  17.1928  0.13957  0  0  0  0
-211  0.292708  -0.211368  -7.91342  7.92288  0.13957  0  0  0  0
26  140
2212  0  0  2510  2510  0.93827  0  0  0  0
2212  0  0  -2510  2510  0.93827  0  0  0  0
-321  -2.7731  0.366059  130.762  130.793  0.49368  0  0  0  0
321  -0.275958  0.562623  94.2377  94.2411  0.49368  0  0  0  0
-313  -0.482393  -1.04426  797.329  797.33  0.940955  0  0  0  0
2112  -0.488673  -0.0141445  997.025  997.025  0.93957  0  0  0  0
211  0.0913419  -0.075416  -56.7379  56.7382  0.13957  0  0  0  0
113  0.201466  0.458119  -111.453  111.456  0.698828  0  0  0  0
-211  -0.116837  -0.14582  -25.1672  25.1682  0.13957  0  0  0  0
321  -0.493044  0.10369  -47.6759  47.6812  0.49368  0  0  0  0
-323  1.10871  0.311074  -141.124  141.132  1.01405  0  0  0  0
111  -0.494275  -0.214749  -86.542  86.5438  0.13498  0  0  0  0
111  -0.0631576  0.530823  -12.941  12.9527  0.13498  0  0  0  0
211  -0.0586009  -0.939354  -1.27399  1.59008  0.13957  0  0  0  0
2112  -1.89662  -2.18653  -7.22073  7.8358  0.93957  0  0  0  0
-2212  -0.490715  -0.750877  -0.902649  1.58106  0.93827  0  0  0  0
211  0.083194  -0.524638  -0.858624  1.01925  0.13957  0  0  0  0
221  -0.489981  -0.812494  -1.55282  1.90042  0.54785  0  0  0  0
111  -0.364045  -0.623906  -1.33662  1.52531  0.13498  0  0  0  0
2114  0.164891  -2.37409  -1.35711  3.071  1.38773  0  0  0  0
223  -0.108675  -3.58209  -0.629546  3.72209  0.783856  0  0  0  0
-2112  0.45926  -5.93844  -1.18508  6.14518  0.93957  0  0  0  0
-213  0.316153  -1.24049  -0.377241  1.56396  0.815402  0  0  0  0
213  1.01076  -9.26776  -1.02145  9.41336  0.809348  0  0  0  0
111  0.184534  -2.20837  -0.350302  2.24764  0.13498  0  0  0  0
111  -0.0808524  -1.50006  -0.569842  1.61234  0.13498  0  0  0  0
2112  0.915083  -2.95593  0.667185  3.30195  0.93957  0  0  0  0
-2212  0.128248  -0.736664  1.22717  1.71622  0.93827  0  0  0  0
323  -0.0819954  -0.562927  1.04993  1.46881  0.855249  0  0  0  0
-321  0.732639  -1.48775  3.61487  4.00764  0.49368  0  0  0  0
211  -0.0508766  -1.14187  1.8269  2.15951  0.13957  0  0  0  0
-211  0.261233  -0.299456  0.757212  0.866468  0.13957  0  0  0  0
211  0.153102  -0.0777465  1.48729  1.50366  0.13957  0  0  0  0
111  0.00140476  -1.25139  1.62233  2.05333  0.13498  0  0  0  0
221  0.605835  -0.381175  4.85474  4.93771  0.54785  0  0  0  0
-211  -0.209434  -0.128843  2.22974  2.24759  0.13957  0  0  0  0
213  0.0418315  0.0677028  1.37976  1.567  0.738531  0  0  0  0
111  -0.184839  -0.49257  2.70338  2.7574  0.13498  0  0  0  0
111  0.646669  -0.508143  14.4272  14.4513  0.13498  0  0  0  0
-211  0.865888  -3.18507  41.9252  42.0552  0.13957  0  0  0  0
211  0.961215  -2.00097  30.011  30.0933  0.13957  0  0  0  0
-213  1.10899  -3.53541  45.5475  45.7071  0.913947  0  0  0  0
211  0.467157  -0.857306  12.0187  12.0591  0.13957  0  0  0  0
313  4.8953  -11.2132  160.355  160.825  1.12756  0  0  0  0
3222  -0.360602  -0.599382  44.7354  44.7567  1.18937  0  0  0  0
-3122  -0.260077  -0.4041  26.7435  26.771  1.11568  0  0  0  0
-211  0.214107  -0.0064678  8.40814  8.41203  0.13957  0  0  0  0
221  -0.330219  0.138055  7.75899  7.78654  0.54785  0  0  0  0
323  -0.0925521  0.85169  1.5774  2.00894  0.902039  0  0  0  0
-321  0.237689  0.408642  1.01341  1.22238  0.49368  0  0  0  0
111  -0.325319  1.97914  1.48046  2.49656  0.13498  0  0  0  0
211  0.103418  2.97733  2.7678  4.06883  0.13957  0  0  0  0
223  0.136007  31.2506  22.4302  38.475  0.771486  0  0  0  0
-213  0.206291  4.26303  3.30238  5.44244  0.706033  0  0  0  0
211  -0.288169  2.23318  1.73967  2.84887  0.13957  0  0  0  0
311  -0.740953  2.16862  0.673775  2.43998  0.49761  0  0  0  0
-311  -2.37357  4.02163  1.43874  4.91171  0.49761  0  0  0  0
223  -2.01736  3.41396  1.01275  4.16504  0.77269  0  0  0  0
-213  0.0860435  2.49396  0.738299  2.76513  0.934677  0  0  0  0
211  0.114775  3.33379  2.23815  4.01947  0.13957  0  0  0  0
223  -0.302737  1.98938  0.610835  2.2461  0.789019  0  0  0  0
223  -0.17069  1.33463  -0.239121  1.56701  0.766787  0  0  0  0
223  -0.0045866  0.0770068  -3.89615  3.97389  0.778369  0  0  0  0
113  0.0130169  -0.520172  -3.24689  3.37509  0.76039  0  0  0  0
-211  -0.0736928  0.402768  -9.25185  9.26195  0.13957  0  0  0  0
111  0.327755  -0.260069  -4.36628  4.38836  0.13498  0  0  0  0
2214  -0.103708  0.427464  -21.6685  21.7296  1.56736  0  0  0  0
-211  0.0561308  0.128199  -20.4899  20.4908  0.13957  0  0  0  0
-2114  -0.586135  -0.461128  -97.9854  97.9964  1.26843  0  0  0  0
223  0.78777  0.0467083  -180.756  180.759  0.788084  0  0  0  0
2224  -0.060675  0.248533  -916.95  916.95  1.21112  0  0  0  0
-213  -0.392801  -0.0772124  -716.602  716.602  0.91453  0  0  0  0
-311  -0.588708  -0.610821  451.857  451.858  0.49761  0  0  0  0
111  0.106315  -0.433439  345.471  345.472  0.13498  0  0  0  0
211  0.110345  0.600646  -72.9409  72.9436  0.13957  0  0  0  0
-211  0.0911207  -0.142527  -38.512  38.5126  0.13957  0  0  0  0
-311  0.873649  0.537092  -92.0201  92.0272  0.49761  0  0  0  0
-211  0.235057  -0.226017  -49.1041  49.1053  0.13957  0  0  0  0
2112  0.412925  -1.62066  -0.736359  2.05476  0.93957  0  0  0  0
111  -0.248034  -0.753435  -0.620753  1.01624  0.13498  0  0  0  0
-211  0.17881  -0.485511  -0.54783  0.76635  0.13957  0  0  0  0
111  0.137343  -0.754981  0.170589  0.797608  0.13498  0  0  0  0
211  -0.0668122  -1.65189  -0.0555266  1.66005  0.13957  0  0  0  0
111  1.07758  -7.61587  -0.965919  7.75331  0.13498  0  0  0  0
311  -0.141409  -0.164114  0.339697  0.640266  0.49761  0  0  0  0
211  0.059414  -0.398813  0.710232  0.828547  0.13957  0  0  0  0
211  0.189111  0.292903  0.431162  0.571783  0.13957  0  0  0  0
111  -0.147279  -0.225201  0.948595  0.995217  0.13498  0  0  0  0
-211  -0.0862185  -0.956483  11.8069  11.8468  0.13957  0  0  0  0
111  1.19521  -2.57893  33.7406  33.8604  0.13498  0  0  0  0
321  2.90223  -7.19433  106.567  106.85  0.49368  0  0  0  0
-211  1.99307  -4.01884  53.7881  53.975  0.13957  0  0  0  0
321  0.0592269  0.676718  0.705576  1.09682  0.49368  0  0  0  0
111  -0.151779  0.174972  0.871828  0.912116  0.13498  0  0  0  0
-211  -0.0885506  0.749038  0.357938  0.846462  0.13957  0  0  0  0
111  0.294842  3.51399  2.94444  4.59598  0.13498  0  0  0  0
-211  0.129841  2.26167  0.358453  2.29782  0.13957  0  0  0  0
111  -0.0437972  0.232291  0.379846  0.467311  0.13498  0  0  0  0
211  -0.0671015  -0.57795  -1.42945  1.54962  0.13957  0  0  0  0
-211  0.0801184  0.0577778  -1.81745  1.82547  0.13957  0  0  0  0
2112  -0.0458214  -0.0760811  -17.8641  17.889  0.93957  0  0  0  0
211  -0.0578869  0.503545  -3.80438  3.84053  0.13957  0  0  0  0
-2112  -0.634489  -0.178122  -72.7134  72.7224  0.93957  0  0  0  0
111  0.0483539  -0.283007  -25.272  25.274  0.13498  0  0  0  0
2212  -0.0259666  0.211406  -881.409  881.41  0.93827  0  0  0  0
211  -0.0347085  0.0371269  -35.5404  35.5407  0.13957  0  0  0  0
-211  0.192317  0.0247924  -69.8536  69.854  0.13957  0  0  0  0
111  -0.585118  -0.102005  -646.748  646.748  0.13498  0  0  0  0
211  -0.184762  -0.306299  -0.299192  0.486777  0.13957  0  0  0  0
-211  -0.123543  -0.402166  -0.820398  0.932487  0.13957  0  0  0  0
211  0.182501  -1.88966  -0.292862  1.92597  0.13957  0  0  0  0
-211  -0.0923172  -0.990764  -0.067391  1.00705  0.13957  0  0  0  0
111  -0.198859  -0.701663  -0.269293  0.789059  0.13498  0  0  0  0
111  0.275174  -0.311714  2.22199  2.26458  0.13498  0  0  0  0
111  0.284297  -0.050291  1.84245  1.86981  0.13498  0  0  0  0
111  0.0463647  -0.0191698  0.790305  0.803317  0.13498  0  0  0  0
2112  -0.482703  -0.497281  38.3368  38.3546  0.93957  0  0  0  0
211  0.122101  -0.102102  6.39856  6.40206  0.13957  0  0  0  0
-2112  -0.252199  -0.26081  23.5256  23.5471  0.93957  0  0  0  0
111  -0.0078782  -0.14329  3.21789  3.22392  0.13498  0  0  0  0
211  -0.210812  -0.00229864  4.38698  4.39426  0.13957  0  0  0  0
-211  -0.129861  0.0795514  1.46362  1.47813  0.13957  0  0  0  0
111  0.0104541  0.0608024  1.90839  1.91415  0.13498  0  0  0  0
211  -0.0234816  7.09736  5.35107  8.88969  0.13957  0  0  0  0
-211  0.151345  5.30779  3.76558  6.51111  0.13957  0  0  0  0
111  0.00814336  18.8455  13.3136  23.0742  0.13498  0  0  0  0
211  -0.352298  1.07663  0.349518  1.19368  0.13957  0  0  0  0
-211  -0.45674  0.665494  0.0775434  0.822792  0.13957  0  0  0  0
111  -1.20832  1.67184  0.585684  2.14857  0.13498  0  0  0  0
211  -0.186414  0.517713  0.319295  0.651312  0.13957  0  0  0  0
-211  -0.0375985  0.708208  -0.0877197  0.728112  0.13957  0  0  0  0
111  -0.0787248  0.763461  0.379259  0.866676  0.13498  0  0  0  0
211  -0.208475  0.324955  0.0330644  0.411863  0.13957  0  0  0  0
-211  -0.151745  0.731057  -0.189084  0.782753  0.13957  0  0  0  0
111  0.189531  0.278615  -0.0831012  0.372389  0.13498  0  0  0  0
211  0.113901  -0.0180279  -1.51279  1.52359  0.13957  0  0  0  0
-211  -0.136102  -0.0740101  -1.99121  2.0021  0.13957  0  0  0  0
111  0.0176142  0.169045  -0.392145  0.4482  0.13498  0  0  0  0
211  0.876077  -0.10164  -146.525  146.528  0.13957  0  0  0  0
-211  -0.0883071  0.148348  -34.2308  34.2315  0.13957  0  0  0  0
27  192
2212  0  0  2510  2510  0.93827  0  0  0  0
2212  0  0  -2510  2510  0.93827  0  0  0  0
221  0.156303  -0.604377  -168.266  168.268  0.54785  0  0  0  0
2212  0.000673765  -1.3083  -539.913  539.916  0.93827  0  0  0  0
-311  0.890439  0.593291  -10.3934  10.4602  0.49761  0  0  0  0
313  0.392505  -0.166418  -4.24794  4.36076  0.888525  0  0  0  0
-321  -1.28728  0.85872  -6.0081  6.22379  0.49368  0  0  0  0
211  -2.47481  1.42282  -7.97478  8.47146  0.13957  0  0  0  0
-211  -1.52952  0.831026  -7.82234  8.01489  0.13957  0  0  0  0
213  -8.40457  4.59049  -30.2909  31.7784  0.785915  0  0  0  0
113  -3.68349  2.16882  -15.4523  16.0492  0.728798  0  0  0  0
-211  -6.78651  3.77241  -25.9788  27.1147  0.13957  0  0  0  0
321  -3.35701  2.19831  -14.703  15.2487  0.49368  0  0  0  0
-313  -5.76302  2.58681  -19.9394  20.9341  0.869684  0  0  0  0
223  -2.69167  0.117675  -15.0019  15.262  0.783638  0  0  0  0
111  -2.82893  0.814826  -15.6596  15.9345  0.13498  0  0  0  0
-211  -0.93516  0.253033  -4.34061  4.4496  0.13957  0  0  0  0
111  -0.0469916  -0.155605  13.423  13.4247  0.13498  0  0  0  0
111  0.275757  -0.261031  53.074  53.0755  0.13498  0  0  0  0
111  0.212764  0.419929  31.9428  31.9466  0.13498  0  0  0  0
211  0.617344  -0.506382  38.9585  38.9669  0.13957  0  0  0  0
-211  0.203707  -0.0567012  40.2205  40.2213  0.13957  0  0  0  0
213  0.0878991  0.120676  94.8775  94.8806  0.760629  0  0  0  0
111  0.0471992  0.0607811  3.17412  3.17792  0.13498  0  0  0  0
221  1.02534  -0.43803  292.578  292.58  0.54785  0  0  0  0
311  -0.16705  -0.114788  29.4777  29.4826  0.49761  0  0  0  0
-311  0.0152627  0.132507  26.3019  26.3069  0.49761  0  0  0  0
-211  0.059143  -0.613702  20.1491  20.159  0.13957  0  0  0  0
213  0.0335734  0.492146  5.77275  5.82325  0.585042  0  0  0  0
111  -1.10447  -0.697069  6.34664  6.48103  0.13498  0  0  0  0
-211  -0.407068  0.47017  2.51357  2.59312  0.13957  0  0  0  0
2212  -1.89096  0.464551  5.13514  5.5715  0.93827  0  0  0  0
-2212  -3.11629  1.20863  6.45546  7.32976  0.93827  0  0  0  0
211  -2.03469  0.130605  5.69194  6.0477  0.13957  0  0  0  0
221  -0.830029  -0.0566762  2.62564  2.80825  0.54785  0  0  0  0
311  -0.85402  0.186701  2.14278  2.36714  0.49761  0  0  0  0
-323  -1.63295  0.415136  4.15685  4.57108  0.88118  0  0  0  0
211  -0.28088  0.118202  0.331372  0.47133  0.13957  0  0  0  0
111  -0.994438  -0.349743  1.08154  1.51631  0.13498  0  0  0  0
2214  -2.05735  1.03814  3.74308  4.63333  1.46514  0  0  0  0
-2214  -1.77718  0.30229  2.85704  3.61637  1.29061  0  0  0  0
111  -0.177701  -0.664184  0.867524  1.11514  0.13498  0  0  0  0
111  -0.462706  -0.292043  -0.450864  0.721723  0.13498  0  0  0  0
-211  0.0676799  -0.0847495  0.148343  0.230757  0.13957  0  0  0  0
223  -0.33421  -0.511614  -0.843405  1.30412  0.784831  0  0  0  0
111  0.245962  -0.565849  0.210707  0.665807  0.13498  0  0  0  0
211  -0.121821  -0.0728056  -0.371253  0.421248  0.13957  0  0  0  0
-211  -0.300074  -0.391737  -0.231329  0.562579  0.13957  0  0  0  0
223  -0.266743  -1.55181  -1.81696  2.52688  0.77751  0  0  0  0
111  0.367699  -0.817221  -0.160268  0.920303  0.13498  0  0  0  0
211  0.095917  -0.828627  -1.23258  1.49484  0.13957  0  0  0  0
-211  1.37869  -2.59101  -1.59016  3.34098  0.13957  0  0  0  0
111  -0.0450695  0.167207  -0.150686  0.266299  0.13498  0  0  0  0
213  1.54274  -2.54273  -1.53893  3.4302  0.743217  0  0  0  0
-211  0.350463  0.0803528  -0.265446  0.468211  0.13957  0  0  0  0
2212  1.51859  -1.18865  -1.2914  2.50341  0.93827  0  0  0  0
-2212  0.661239  -0.916103  -7.21338e-05  1.46862  0.93827  0  0  0  0
223  10.0579  -2.6319  4.24974  11.2581  0.772633  0  0  0  0
2212  6.01027  -2.38133  3.44763  7.38652  0.93827  0  0  0  0
-213  14.6119  -3.19013  6.99755  16.5266  0.690438  0  0  0  0
-1114  5.47797  -1.18224  4.96149  7.62507  1.45583  0  0  0  0
-211  0.463313  -0.432213  0.34125  0.733075  0.13957  0  0  0  0
221  2.14808  -0.21405  1.13034  2.49758  0.54785  0  0  0  0
111  1.82026  -0.422799  2.15256  2.85374  0.13498  0  0  0  0
213  2.55854  0.414994  0.942397  2.91552  0.945425  0  0  0  0
221  0.164168  0.102591  -0.126866  0.594736  0.54785  0  0  0  0
331  0.506894  0.357015  -1.62884  1.98856  0.957519  0  0  0  0
223  1.46255  0.167886  -3.25875  3.66106  0.785253  0  0  0  0
313  0.241073  -0.912313  -3.61454  3.80363  0.715755  0  0  0  0
323  0.114607  -0.8166  -1165.31  1165.31  0.896786  0  0  0  0
-311  0.563426  0.320348  -85.9096  85.9135  0.49761  0  0  0  0
223  -0.303078  0.217871  -201.15  201.151  0.7778  0  0  0  0
-213  0.506994  -0.301161  -51.1581  51.1677  0.797727  0  0  0  0
211  0.0499028  -0.412496  -31.4707  31.4737  0.13957  0  0  0  0
-213  0.204915  0.775699  -22.423  22.4575  0.951454  0  0  0  0
223  0.718768  0.0914533  -12.6308  12.6758  0.78332  0  0  0  0
213  0.0763566  0.43466  -6.38051  6.43376  0.698282  0  0  0  0
-211  0.111682  -0.35607  -1.35195  1.40943  0.13957  0  0  0  0
221  -0.165236  0.483232  -0.500437  0.900773  0.54785  0  0  0  0
211  0.845253  -0.258533  -0.323751  0.951623  0.13957  0  0  0  0
-211  0.0959336  1.16518  1.21797  1.69404  0.13957  0  0  0  0
223  -0.0770899  0.008416  1.73437  1.90155  0.775765  0  0  0  0
2224  0.808414  0.0296903  3.72729  4.2006  1.76011  0  0  0  0
-211  -0.293247  0.511583  2.3753  2.45137  0.13957  0  0  0  0
-2114  0.871461  0.461872  7.01846  7.22352  1.39561  0  0  0  0
223  0.032386  0.626757  4.0771  4.1981  0.779365  0  0  0  0
-213  0.277657  -0.214689  10.7277  10.7623  0.786495  0  0  0  0
223  -1.0968  -0.182363  23.7616  23.8008  0.795306  0  0  0  0
111  0.230517  0.438028  28.8291  28.8337  0.13498  0  0  0  0
211  -0.181744  0.121015  5.99937  6.00496  0.13957  0  0  0  0
-211  -0.0554403  -0.464591  16.8613  16.8684  0.13957  0  0  0  0
211  -1.20285  0.578573  61.6414  61.656  0.13957  0  0  0  0
-213  0.372264  -0.290244  145.338  145.341  0.764177  0  0  0  0
111  -0.211712  -0.202437  200.503  200.504  0.13498  0  0  0  0
223  0.212862  0.039501  502.717  502.718  0.776722  0  0  0  0
211  0.028423  0.397521  40.4235  40.4257  0.13957  0  0  0  0
2112  0.340265  -0.54603  707.743  707.744  0.93957  0  0  0  0
321  0.52201  -0.00738718  -3.49198  3.56513  0.49368  0  0  0  0
-211  -0.129505  -0.159031  -0.75596  0.795624  0.13957  0  0  0  0
211  -4.38991  2.18719  -14.4473  15.2578  0.13957  0  0  0  0
111  -4.01466  2.40329  -15.8435  16.5206  0.13498  0  0  0  0
211  -2.14242  1.20804  -10.0745  10.3713  0.13957  0  0  0  0
-211  -1.54107  0.960774  -5.3778  5.67787  0.13957  0  0  0  0
-321  -5.45282  2.33697  -18.7277  19.6511  0.49368  0  0  0  0
211  -0.310208  0.249833  -1.21164  1.28304  0.13957  0  0  0  0
211  0.21482  -0.151214  73.7913  73.7919  0.13957  0  0  0  0
111  -0.126921  0.27189  21.0862  21.0887  0.13498  0  0  0  0
211  0.234133  0.0784331  2.37614  2.39301  0.13957  0  0  0  0
111  -0.200559  0.413712  3.3966  3.43024  0.13498  0  0  0  0
-311  -0.918692  0.421958  2.011  2.30517  0.49761  0  0  0  0
-211  -0.714257  -0.00682144  2.14585  2.26591  0.13957  0  0  0  0
2212  -2.10348  1.12518  3.52903  4.36177  0.93827  0  0  0  0
111  0.0461289  -0.0870417  0.214053  0.271555  0.13498  0  0  0  0
-2212  -1.81792  0.243032  2.59998  3.31725  0.93827  0  0  0  0
111  0.0407407  0.0592575  0.257057  0.299114  0.13498  0  0  0  0
211  1.12984  -1.20314  -0.874604  1.87309  0.13957  0  0  0  0
111  0.412908  -1.3396  -0.664331  1.5571  0.13498  0  0  0  0
-211  3.73889  -1.02626  2.00719  4.36816  0.13957  0  0  0  0
111  10.873  -2.16387  4.99036  12.1584  0.13498  0  0  0  0
-2112  4.73606  -0.835776  3.81927  6.21276  0.93957  0  0  0  0
211  0.741909  -0.346462  1.14221  1.4123  0.13957  0  0  0  0
211  0.816025  -0.232795  0.517857  1.00387  0.13957  0  0  0  0
111  1.74251  0.647789  0.424539  1.91166  0.13498  0  0  0  0
321  0.310373  -0.807021  -2.99289  3.15416  0.49368  0  0  0  0
-211  -0.0693003  -0.105292  -0.621645  0.64947  0.13957  0  0  0  0
321  -0.195031  -0.555804  -634.94  634.941  0.49368  0  0  0  0
111  0.309637  -0.260796  -530.373  530.373  0.13498  0  0  0  0
-211  -0.183854  -0.131053  -12.1987  12.2016  0.13957  0  0  0  0
111  0.690848  -0.170108  -38.9594  38.9662  0.13498  0  0  0  0
-211  0.333195  0.147653  -15.1625  15.1675  0.13957  0  0  0  0
111  -0.12828  0.628046  -7.26047  7.28996  0.13498  0  0  0  0
211  0.134477  -0.0787278  -0.770567  0.798459  0.13957  0  0  0  0
111  -0.0581202  0.513387  -5.60994  5.6353  0.13498  0  0  0  0
2212  0.613184  -0.561203  2.01143  2.37005  0.93827  0  0  0  0
211  0.195229  0.590893  1.71585  1.83055  0.13957  0  0  0  0
-2112  0.994829  0.583845  6.01277  6.19409  0.93957  0  0  0  0
111  -0.123368  -0.121972  1.00569  1.02943  0.13498  0  0  0  0
-211  -0.0354  -0.390821  7.54159  7.55308  0.13957  0  0  0  0
111  0.313057  0.176132  3.18615  3.20918  0.13498  0  0  0  0
-211  0.298159  -0.120589  134.011  134.012  0.13957  0  0  0  0
111  0.0741051  -0.169655  11.3273  11.3297  0.13498  0  0  0  0
211  0.0772147  -0.118528  -62.2805  62.2809  0.13957  0  0  0  0
-211  -0.0213049  -0.121641  -46.9386  46.939  0.13957  0  0  0  0
111  0.100393  -0.364208  -59.0466  59.048  0.13498  0  0  0  0
211  -0.635862  0.173159  -3.06515  3.1383  0.13957  0  0  0  0
-211  -1.31662  0.055735  -6.45534  6.58995  0.13957  0  0  0  0
111  -0.739183  -0.111219  -5.4814  5.53378  0.13498  0  0  0  0
211  0.199954  -0.203996  73.6286  73.6293  0.13957  0  0  0  0
-211  0.619379  -0.199375  143.866  143.867  0.13957  0  0  0  0
111  0.206007  -0.0346589  75.0835  75.0839  0.13498  0  0  0  0
211  0.0436215  -0.146891  -0.544128  0.582267  0.13957  0  0  0  0
-211  -0.22852  -0.362141  -0.163945  0.479297  0.13957  0  0  0  0
111  -0.149311  -0.00258175  -0.135332  0.242559  0.13498  0  0  0  0
211  0.052042  -0.114473  -0.391298  0.434058  0.13957  0  0  0  0
-211  -0.0665407  -0.331918  -0.19814  0.416337  0.13957  0  0  0  0
111  -0.252245  -1.10542  -1.22752  1.67649  0.13498  0  0  0  0
211  4.23922  -1.28784  1.62524  4.72127  0.13957  0  0  0  0
-211  2.10304  -0.359167  0.847676  2.29996  0.13957  0  0  0  0
111  3.71562  -0.984895  1.77683  4.23688  0.13498  0  0  0  0
111  0.554902  0.00998829  0.375525  0.68356  0.13498  0  0  0  0
111  0.525187  -0.072299  0.138412  0.564293  0.13498  0  0  0  0
111  1.06799  -0.15174  0.616404  1.24972  0.13498  0  0  0  0
111  0.136816  -0.050628  -0.0615625  0.208066  0.13498  0  0  0  0
111  0.110213  0.0675737  0.0189765  0.187864  0.13498  0  0  0  0
111  -0.0828616  0.0856449  -0.0842799  0.198806  0.13498  0  0  0  0
211  -0.0185292  0.0162678  -0.278041  0.312081  0.13957  0  0  0  0
-211  0.215164  0.027253  -0.569847  0.625494  0.13957  0  0  0  0
221  0.310259  0.313495  -0.780956  1.05099  0.54785  0  0  0  0
211  0.3326  0.0573429  -1.36461  1.41264  0.13957  0  0  0  0
-211  0.620317  -0.0637137  -1.19983  1.35938  0.13957  0  0  0  0
111  0.509631  0.174257  -0.69432  0.889038  0.13498  0  0  0  0
211  -0.163163  0.354608  -94.0636  94.0645  0.13957  0  0  0  0
-211  -0.179886  -0.0638293  -36.9018  36.9025  0.13957  0  0  0  0
111  0.0399715  -0.0729079  -70.1842  70.1844  0.13498  0  0  0  0
211  0.600613  0.206825  -6.49594  6.52841  0.13957  0  0  0  0
-211  0.108503  -0.044315  -1.67311  1.68301  0.13957  0  0  0  0
111  0.00965251  -0.0710566  -4.46175  4.46437  0.13498  0  0  0  0
211  -0.0311526  -0.000822762  0.0174486  0.144067  0.13957  0  0  0  0
-211  -0.142819  0.0157077  0.746304  0.772718  0.13957  0  0  0  0
111  0.0968816  -0.0064689  0.97062  0.98476  0.13498  0  0  0  0
211  -0.00535297  0.277123  1.21618  1.25515  0.13957  0  0  0  0
-211  0.101773  -0.110756  0.916738  0.939422  0.13957  0  0  0  0
111  -0.064034  0.460389  1.94418  2.00352  0.13498  0  0  0  0
211  -0.0514131  -0.0834685  2.77505  2.78028  0.13957  0  0  0  0
-211  -0.0886181  0.118621  4.07377  4.07885  0.13957  0  0  0  0
111  -0.956771  -0.217515  16.9127  16.9417  0.13498  0  0  0  0
211  0.234029  -0.0970607  102.973  102.974  0.13957  0  0  0  0
-211  0.0605118  0.18289  152.336  152.336  0.13957  0  0  0  0
111  -0.0816788  -0.0463284  247.408  247.408  0.13498  0  0  0  0
111  0.191102  0.260664  -0.248176  0.429274  0.13498  0  0  0  0
111  0.114549  0.0486012  -0.274721  0.330416  0.13498  0  0  0  0
111  0.00460826  0.00422988  -0.258059  0.291296  0.13498  0  0  0  0
28  203
2212  0  0  2510  2510  0.93827  0  0  0  0
2212  0  0  -2510  2510  0.93827  0  0  0  0
-313  6.42737  -1.50892  -7.01754  9.67717  0.902157  0  0  0  0
313  0.565662  -0.640581  -0.154293  1.30455  0.973507  0  0  0  0
-311  -0.133256  -0.318685  1.98631  2.07663  0.49761  0  0  0  0
311  -0.00993485  0.107878  -0.206114  0.549395  0.49761  0  0  0  0
-321  -1.06298  -1.69514  4.8522  5.27172  0.49368  0  0  0  0
111  -0.83008  -0.46628  5.05559  5.14623  0.13498  0  0  0  0
211  -4.29364  -3.22007  15.8105  16.6972  0.13957  0  0  0  0
223  -2.90303  -3.28824  12.7331  13.4926  0.823986  0  0  0  0
-213  -7.66636  -7.66662  32.3836  34.1581  0.725862  0  0  0  0
223  -3.29281  -2.98171  13.2368  13.9866  0.824484  0  0  0  0
213  -2.99214  -2.85951  12.9671  13.6419  0.908847  0  0  0  0
-211  -1.99877  -2.17182  8.48395  8.9838  0.13957  0  0  0  0
323  -2.87915  -3.56316  11.6056  12.5077  0.875742  0  0  0  0
-321  0.141526  -0.898827  2.54462  2.74713  0.49368  0  0  0  0
223  0.46715  -0.566123  2.45559  2.67965  0.782217  0  0  0  0
111  0.175945  -0.879681  1.03156  1.37373  0.13498  0  0  0  0
321  2.25407  -2.10022  7.85615  8.45308  0.49368  0  0  0  0
-311  0.0247267  -0.315028  0.691996  0.909026  0.49761  0  0  0  0
-211  1.38748  -0.882377  3.02335  3.44439  0.13957  0  0  0  0
113  2.6209  -2.728  11.0326  11.6871  0.747682  0  0  0  0
211  -0.0488045  -0.061425  -0.0114322  0.160516  0.13957  0  0  0  0
-211  1.26697  -0.367488  4.02691  4.23978  0.13957  0  0  0  0
2212  0.775295  0.530599  14.0539  14.1165  0.93827  0  0  0  0
111  3.19685  1.65811  39.6784  39.8417  0.13498  0  0  0  0
-2114  2.11522  1.12516  25.6549  25.7947  1.20588  0  0  0  0
-211  1.4248  0.279628  13.1047  13.1857  0.13957  0  0  0  0
211  1.24393  0.530833  14.2415  14.3063  0.13957  0  0  0  0
111  1.58199  -0.308  36.293  36.329  0.13498  0  0  0  0
-213  4.62968  -0.81501  57.0603  57.2575  0.667204  0  0  0  0
223  4.11108  -1.39549  124.293  124.371  0.782684  0  0  0  0
223  2.44392  -1.73874  58.1691  58.2515  0.770261  0  0  0  0
221  0.197964  -0.731456  33.0397  33.053  0.54785  0  0  0  0
211  -0.331362  0.0857631  18.9242  18.9278  0.13957  0  0  0  0
-213  -0.0167669  -0.791245  228.219  228.222  0.912243  0  0  0  0
221  0.235085  0.345717  55.0554  55.0597  0.54785  0  0  0  0
221  -0.106428  -0.169442  389.68  389.68  0.54785  0  0  0  0
111  -0.232604  -0.107868  273.586  273.586  0.13498  0  0  0  0
2212  -0.487282  -1.10116  503.825  503.827  0.93827  0  0  0  0
113  0.199296  -0.358423  217.793  217.795  0.987661  0  0  0  0
223  0.488402  -0.247577  65.4705  65.4775  0.782142  0  0  0  0
211  -0.187518  0.340827  3.68677  3.70986  0.13957  0  0  0  0
-211  -0.145651  -0.598607  6.5727  6.60299  0.13957  0  0  0  0
211  -0.503195  0.0302185  1.45943  1.55033  0.13957  0  0  0  0
-211  0.0808809  0.0996072  5.77343  5.77654  0.13957  0  0  0  0
211  0.164412  -0.169997  0.230998  0.358846  0.13957  0  0  0  0
311  0.0480975  0.222323  -0.245541  0.599706  0.49761  0  0  0  0
-323  -0.457449  -0.36462  1.28841  1.67881  0.903424  0  0  0  0
113  0.420866  0.218723  -6.09778  6.24984  1.28552  0  0  0  0
111  -0.0318344  -0.0961101  -0.997328  1.0115  0.13498  0  0  0  0
111  0.0374623  0.33893  -2.33783  2.36642  0.13498  0  0  0  0
3222  0.110713  -0.576331  -12.9147  12.9826  1.18937  0  0  0  0
311  -0.313298  -0.0145796  -17.3296  17.3396  0.49761  0  0  0  0
-2212  -0.010241  -0.0263563  -21.3567  21.3774  0.93827  0  0  0  0
113  -0.118226  -0.662686  -16.9693  16.9997  0.762259  0  0  0  0
211  -0.158675  0.0644099  -4.10421  4.11015  0.13957  0  0  0  0
311  -0.223152  -0.540019  -4.06955  4.14129  0.49761  0  0  0  0
-321  -0.130843  -1.07262  -3.20349  3.41668  0.49368  0  0  0  0
321  -1.19133  -2.50858  -7.88335  8.37277  0.49368  0  0  0  0
211  0.389477  -0.0269154  -5.89477  5.90934  0.13957  0  0  0  0
111  0.295886  0.0439366  -8.30767  8.31415  0.13498  0  0  0  0
2114  1.37977  0.0173895  -25.2863  25.3588  1.32878  0  0  0  0
223  0.63071  0.0574189  -6.50726  6.58346  0.77223  0  0  0  0
-2112  -0.0979226  0.141943  -5.1335  5.22163  0.93957  0  0  0  0
111  0.539107  -0.961424  -5.64673  5.75489  0.13498  0  0  0  0
-213  0.0782311  0.209974  -2.84968  2.96403  0.783982  0  0  0  0
111  -0.464109  1.15643  2.92578  3.18294  0.13498  0  0  0  0
321  -0.774835  2.87667  18.1542  18.4037  0.49368  0  0  0  0
-323  -0.492196  0.711251  4.785  4.92665  0.792119  0  0  0  0
213  -3.07954  6.36168  38.9822  39.6293  0.953745  0  0  0  0
-211  -0.996715  3.42694  22.6231  22.9033  0.13957  0  0  0  0
211  -0.384939  0.796737  3.63187  3.74072  0.13957  0  0  0  0
111  -1.66754  3.1513  21.5155  21.8093  0.13498  0  0  0  0
113  -0.158011  0.410974  4.46568  4.53655  0.666423  0  0  0  0
221  -0.503506  0.789606  6.8044  6.89036  0.54785  0  0  0  0
-211  -1.14175  1.57272  9.38444  9.58458  0.13957  0  0  0  0
213  -1.15019  2.01783  13.3548  13.5936  1.02098  0  0  0  0
-211  -0.314931  -0.0642751  2.89929  2.92039  0.13957  0  0  0  0
213  -0.400954  -0.189555  0.631577  1.0108  0.652788  0  0  0  0
113  -0.713196  0.484569  -0.0776131  1.28458  0.949041  0  0  0  0
223  -1.09868  1.13469  0.0979301  1.76409  0.779612  0  0  0  0
223  -0.0586618  0.400519  -0.0486381  0.881368  0.781401  0  0  0  0
-213  0.687773  4.46298  -1.44503  4.79526  0.717725  0  0  0  0
111  0.696566  0.528668  -0.15488  0.898277  0.13498  0  0  0  0
211  0.410617  0.433733  -0.0315467  0.614171  0.13957  0  0  0  0
-211  1.00321  2.70826  -0.876529  3.02141  0.13957  0  0  0  0
111  0.781305  1.51362  -0.179494  1.71812  0.13498  0  0  0  0
213  0.246733  2.29683  -0.508746  2.46647  0.698822  0  0  0  0
-211  0.734119  0.911542  -0.649117  1.34561  0.13957  0  0  0  0
2214  2.32287  4.93996  -1.11752  5.70443  1.22174  0  0  0  0
-211  1.11365  0.808185  -0.706006  1.55283  0.13957  0  0  0  0
-1114  -0.75597  1.01568  -2.61318  3.16993  1.27148  0  0  0  0
-213  -0.180751  0.767685  -5.74654  5.84052  0.683333  0  0  0  0
213  -0.0802148  0.801343  -7.72229  7.79092  0.645022  0  0  0  0
113  -1.18059  1.4232  -14.354  14.4964  0.831534  0  0  0  0
111  -0.267315  0.0266784  -10.8  10.8041  0.13498  0  0  0  0
-211  -0.254048  0.0345706  -3.07148  3.08532  0.13957  0  0  0  0
111  0.0335248  0.111767  -1.87731  1.88577  0.13498  0  0  0  0
113  -0.700957  0.255824  -35.1579  35.1736  0.739225  0  0  0  0
211  -0.481717  0.283277  -7.58474  7.60658  0.13957  0  0  0  0
-211  0.402216  0.521358  -121.618  121.619  0.13957  0  0  0  0
213  -0.399402  -0.14805  -166.553  166.554  0.602334  0  0  0  0
111  0.116167  0.397775  -181.474  181.475  0.13498  0  0  0  0
2214  -0.220269  -0.61314  -344.922  344.925  1.19698  0  0  0  0
-211  0.0760275  -0.406082  -1415.37  1415.37  0.13957  0  0  0  0
-321  5.8431  -1.23457  -6.14833  8.58555  0.49368  0  0  0  0
211  0.584279  -0.274347  -0.86921  1.09163  0.13957  0  0  0  0
311  0.720211  -0.555032  -0.00460406  1.03653  0.49761  0  0  0  0
111  -0.15455  -0.0855494  -0.149689  0.268012  0.13498  0  0  0  0
-211  -4.90968  -5.24403  20.7665  21.9743  0.13957  0  0  0  0
111  -2.75668  -2.42259  11.6171  12.1837  0.13498  0  0  0  0
211  -2.6698  -2.7129  12.2813  12.8583  0.13957  0  0  0  0
111  -0.322334  -0.146611  0.685862  0.783594  0.13498  0  0  0  0
311  -1.48785  -1.5522  5.86029  6.26208  0.49761  0  0  0  0
211  -1.3913  -2.01096  5.74532  6.24562  0.13957  0  0  0  0
211  1.94983  -2.29937  9.24643  9.7265  0.13957  0  0  0  0
-211  0.671077  -0.428637  1.78613  1.96057  0.13957  0  0  0  0
-2212  1.86698  0.937349  20.2518  20.3809  0.93827  0  0  0  0
211  0.248243  0.187809  5.40306  5.41381  0.13957  0  0  0  0
-211  3.93592  -0.731162  50.5317  50.6903  0.13957  0  0  0  0
111  0.693756  -0.0838479  6.52854  6.56722  0.13498  0  0  0  0
-211  -0.389217  -0.660088  162.937  162.939  0.13957  0  0  0  0
111  0.37245  -0.131157  65.2819  65.2832  0.13498  0  0  0  0
211  0.0879531  0.307074  50.2706  50.2718  0.13957  0  0  0  0
-211  0.111343  -0.665497  167.522  167.524  0.13957  0  0  0  0
-321  -0.50482  -0.332918  0.626724  1.00109  0.49368  0  0  0  0
111  0.0473703  -0.0317028  0.661688  0.677716  0.13498  0  0  0  0
211  0.575675  -0.364483  -2.33335  2.4348  0.13957  0  0  0  0
-211  -0.154808  0.583205  -3.76443  3.81504  0.13957  0  0  0  0
211  -0.117046  -0.798966  -14.1427  14.1664  0.13957  0  0  0  0
-211  -0.00118005  0.13628  -2.82663  2.83335  0.13957  0  0  0  0
2112  1.40651  0.17779  -22.9389  23.0019  0.93957  0  0  0  0
111  -0.0267433  -0.1604  -2.34738  2.35687  0.13498  0  0  0  0
-211  0.295849  0.375994  -2.00172  2.06283  0.13957  0  0  0  0
111  -0.217618  -0.16602  -0.847955  0.901203  0.13498  0  0  0  0
-311  -0.364088  0.347577  2.25038  2.35907  0.49761  0  0  0  0
-211  -0.128108  0.363674  2.53462  2.56758  0.13957  0  0  0  0
211  -2.34102  5.50601  31.9919  32.5468  0.13957  0  0  0  0
111  -0.738519  0.855674  6.99036  7.08244  0.13498  0  0  0  0
211  -0.251107  -0.0306694  2.41131  2.42856  0.13957  0  0  0  0
-211  0.093096  0.441643  2.05437  2.10799  0.13957  0  0  0  0
211  -0.383061  0.277076  1.32669  1.41531  0.13957  0  0  0  0
111  -0.767132  1.74075  12.0281  12.1783  0.13498  0  0  0  0
211  -0.165624  -0.381449  0.464415  0.638824  0.13957  0  0  0  0
111  -0.23533  0.191894  0.167162  0.371976  0.13498  0  0  0  0
211  -0.365169  0.366977  -0.481796  0.720852  0.13957  0  0  0  0
-211  -0.348027  0.117592  0.404183  0.563732  0.13957  0  0  0  0
-211  0.525015  3.03095  -1.29311  3.33974  0.13957  0  0  0  0
111  0.162758  1.43204  -0.15192  1.45551  0.13498  0  0  0  0
211  0.347875  1.07925  -0.0171764  1.14262  0.13957  0  0  0  0
111  -0.101142  1.21758  -0.49157  1.32385  0.13498  0  0  0  0
2212  2.01433  4.17993  -1.15331  4.87235  0.93827  0  0  0  0
111  0.308548  0.760029  0.0357854  0.832074  0.13498  0  0  0  0
-2112  -0.529866  0.459615  -1.59179  1.97702  0.93957  0  0  0  0
211  -0.226103  0.556067  -1.02139  1.19292  0.13957  0  0  0  0
-211  0.128227  0.00737399  -1.61458  1.62569  0.13957  0  0  0  0
111  -0.308978  0.760311  -4.13195  4.21483  0.13498  0  0  0  0
211  0.229172  0.279533  -3.79921  3.81892  0.13957  0  0  0  0
111  -0.309387  0.521811  -3.92307  3.97199  0.13498  0  0  0  0
211  -0.29169  0.753715  -8.21851  8.25933  0.13957  0  0  0  0
-211  -0.888901  0.669483  -6.13544  6.23711  0.13957  0  0  0  0
211  0.0351443  0.236731  -6.52426  6.53014  0.13957  0  0  0  0
-211  -0.736101  0.0190926  -28.6337  28.6435  0.13957  0  0  0  0
211  -0.0446686  -0.265905  -98.9405  98.941  0.13957  0  0  0  0
111  -0.354734  0.117854  -67.612  67.6131  0.13498  0  0  0  0
2212  -0.217833  -0.706278  -311.47  311.472  0.93827  0  0  0  0
111  -0.00243531  0.093138  -33.4519  33.4523  0.13498  0  0  0  0
211  -1.59953  -1.65346  6.92178  7.29541  0.13957  0  0  0  0
-211  -1.1745  -1.52448  5.06666  5.42162  0.13957  0  0  0  0
111  -0.129008  -0.110296  0.744671  0.775605  0.13498  0  0  0  0
211  -0.238079  -0.302525  0.908765  0.996763  0.13957  0  0  0  0
-211  -1.19321  -1.30815  5.17797  5.47411  0.13957  0  0  0  0
111  -1.86152  -1.37103  7.15003  7.51572  0.13498  0  0  0  0
211  -0.105598  -0.132213  0.330431  0.396605  0.13957  0  0  0  0
-211  0.0587872  -0.0432925  0.620732  0.640405  0.13957  0  0  0  0
111  0.513961  -0.390617  1.50443  1.64264  0.13498  0  0  0  0
211  1.34438  -0.291621  36.6431  36.6692  0.13957  0  0  0  0
-211  0.68006  -0.39956  27.7568  27.7684  0.13957  0  0  0  0
111  2.08664  -0.704308  59.8927  59.9334  0.13498  0  0  0  0
211  1.25278  -0.96339  33.1655  33.2034  0.13957  0  0  0  0
-211  0.829635  -0.340499  15.9361  15.962  0.13957  0  0  0  0
111  0.361513  -0.434848  9.06749  9.08611  0.13498  0  0  0  0
211  0.00952462  -0.0567556  4.87496  4.8773  0.13957  0  0  0  0
-211  0.0278018  -0.168541  10.7907  10.7929  0.13957  0  0  0  0
111  0.160637  -0.506159  17.3741  17.3828  0.13498  0  0  0  0
211  0.0230803  -0.120773  28.9176  28.9182  0.13957  0  0  0  0
-211  0.122342  -0.228109  13.5862  13.5894  0.13957  0  0  0  0
111  0.342979  0.101305  22.9668  22.97  0.13498  0  0  0  0
2112  0.00180966  -0.573914  -12.0368  12.087  0.93957  0  0  0  0
211  0.108903  -0.00241698  -0.877889  0.895564  0.13957  0  0  0  0
211  0.358363  0.0451367  -1.59342  1.63979  0.13957  0  0  0  0
-211  0.0762114  -0.155073  -2.9527  2.96105  0.13957  0  0  0  0
111  0.196136  0.167355  -1.96114  1.98262  0.13498  0  0  0  0
111  -0.158848  0.281527  2.97213  2.99271  0.13498  0  0  0  0
111  -0.249779  0.187917  2.19377  2.22003  0.13498  0  0  0  0
111  -0.0948794  0.320161  1.6385  1.67762  0.13498  0  0  0  0
211  -0.506349  0.166656  0.00567195  0.551067  0.13957  0  0  0  0
-211  -0.559049  0.741727  0.115931  0.946369  0.13957  0  0  0  0
111  -0.0332832  0.22631  -0.0236727  0.266654  0.13498  0  0  0  0
211  -0.0995818  0.28538  0.130836  0.357709  0.13957  0  0  0  0
-211  -0.019548  0.182198  -0.255794  0.344222  0.13957  0  0  0  0
111  0.060468  -0.0670584  0.0763206  0.179437  0.13498  0  0  0  0
29  320
2212  0  0  2510  2510  0.93827  0  0  0  0
2212  0  0  -2510  2510  0.93827  0  0  0  0
4122  -2.03643  2.24392  14.5021  14.9907  2.28646  0  0  0  0
-2112  -0.910691  1.12219  16.6111  16.7003  0.93957  0  0  0  0
313  -0.0238362  0.158931  15.9193  15.9465  0.916241  0  0  0  0
-313  -1.31591  0.929769  46.6519  46.6887  0.915488  0  0  0  0
411  17.9561  -1.35934  133.668  134.888  1.86962  0  0  0  0
113  12.4054  -0.220555  93.0599  93.8852  0.58807  0  0  0  0
-213  6.25113  -0.19652  46.87  47.2914  0.748321  0  0  0  0
211  1.41531  -0.148546  7.25875  7.39825  0.13957  0  0  0  0
113  1.2943  0.53526  14.8176  14.9017  0.734408  0  0  0  0
2114  1.43156  -0.578847  32.8222  32.88  1.1898  0  0  0  0
-2214  -0.0606001  -0.39645  202.641  202.646  1.31713  0  0  0  0
223  -0.354471  0.239152  121.902  121.905  0.789071  0  0  0  0
2224  0.306362  -0.330826  356.351  356.354  1.23721  0  0  0  0
113  -0.350458  -0.218599  193.483  193.485  0.78402  0  0  0  0
223  0.291389  0.034657  6.50928  6.562  0.776514  0  0  0  0
-211  -0.409116  -0.530964  8.66478  8.69179  0.13957  0  0  0  0
221  -0.0408615  0.524057  1.46618  1.6511  0.54785  0  0  0  0
113  0.0873417  -0.632728  1.41873  1.72915  0.754462  0  0  0  0
213  -0.501325  0.393931  -1.22197  1.68907  0.976332  0  0  0  0
223  0.454012  0.421144  -0.842267  1.30357  0.778719  0  0  0  0
-211  0.232828  -0.145351  -0.345992  0.463169  0.13957  0  0  0  0
223  -0.0920625  0.0748549  -2.27017  2.40379  0.781321  0  0  0  0
111  0.698773  0.135143  -2.75143  2.84519  0.13498  0  0  0  0
213  0.624238  -0.287838  -5.65317  5.74902  0.78767  0  0  0  0
-213  1.17311  0.824408  -17.843  17.9163  0.751576  0  0  0  0
113  1.0172  -0.369941  -14.0121  14.0803  0.862528  0  0  0  0
221  1.0584  -0.270193  -23.2863  23.3183  0.54785  0  0  0  0
113  0.671534  0.284658  -15.7943  15.8393  0.94422  0  0  0  0
213  0.236027  0.0106916  -6.21142  6.2657  0.788295  0  0  0  0
-211  -0.17577  0.0650263  -2.06404  2.07722  0.13957  0  0  0  0
113  0.0691107  0.227696  -6.64054  6.68541  0.735715  0  0  0  0
3212  -0.524049  0.325652  -7.37339  7.49467  1.19264  0  0  0  0
-3112  0.400256  -0.35496  -0.880996  1.57995  1.19745  0  0  0  0
313  -0.205146  -0.000663015  -0.240393  0.951966  0.897978  0  0  0  0
-321  0.442596  -0.090391  0.633406  0.921404  0.49368  0  0  0  0
211  -0.539417  -0.564474  2.87332  2.98078  0.13957  0  0  0  0
-411  0.643192  -1.47041  16.6202  16.8018  1.86962  0  0  0  0
-213  -1.11523  0.0342973  70.1172  70.1301  0.755616  0  0  0  0
223  -1.30995  -0.723701  74.1604  74.1797  0.792313  0  0  0  0
211  -0.615755  0.226417  24.1879  24.1972  0.13957  0  0  0  0
-213  -0.761906  -0.191897  68.6138  68.6219  0.706332  0  0  0  0
211  -6.03167  -0.248455  204.787  204.876  0.13957  0  0  0  0
221  -3.4665  0.294706  117.035  117.088  0.54785  0  0  0  0
113  -3.65905  0.0604382  122.372  122.435  1.47777  0  0  0  0
111  -1.03235  0.272612  23.5019  23.5265  0.13498  0  0  0  0
313  -0.917651  -0.226742  35.2731  35.3033  1.11364  0  0  0  0
-313  -0.216322  0.0243724  11.88  11.9116  0.83947  0  0  0  0
313  -0.38153  0.203789  1.81283  2.13741  1.04646  0  0  0  0
-311  -0.442841  1.00845  -0.538456  1.32311  0.49761  0  0  0  0
-213  -0.0472821  0.763364  0.281126  1.09965  0.73841  0  0  0  0
213  -0.0026712  0.49697  -0.938263  1.34077  0.818751  0  0  0  0
-213  -0.526832  0.740451  0.147277  0.975391  0.322302  0  0  0  0
211  -1.44338  -0.411887  -1.04946  1.8368  0.13957  0  0  0  0
-211  -0.0605086  -0.109083  -0.187498  0.264945  0.13957  0  0  0  0
213  -1.6167  -0.627148  -0.639491  1.99674  0.755657  0  0  0  0
223  -1.59375  -0.600613  -1.08304  2.16513  0.783582  0  0  0  0
221  -1.7178  -0.925344  -1.16173  2.33599  0.54785  0  0  0  0
-213  -2.194  -0.971026  -0.224196  2.53711  0.793784  0  0  0  0
221  -2.83067  -0.490942  -0.483317  2.96436  0.54785  0  0  0  0
211  -1.72915  -0.391141  -0.29004  1.80182  0.13957  0  0  0  0
2112  -1.23114  -0.30884  -0.297463  1.60698  0.93957  0  0  0  0
-2212  -1.44547  0.257861  0.0455837  1.74307  0.93827  0  0  0  0
223  -2.26172  -0.572578  0.491504  2.51392  0.796845  0  0  0  0
-423  -3.68104  0.569256  1.94274  4.65578  2.00698  0  0  0  0
221  -3.32855  -2.75837  -38.3458  38.5926  0.54785  0  0  0  0
111  -0.252866  -0.198304  -5.48339  5.49446  0.13498  0  0  0  0
223  -1.33985  -1.64798  -11.2544  11.4815  0.806908  0  0  0  0
223  -0.743435  -0.802374  -8.93037  9.02912  0.759569  0  0  0  0
313  -0.943609  -0.697168  -8.20486  8.33453  0.876426  0  0  0  0
-311  -0.562043  -1.10463  -8.89017  8.98993  0.49761  0  0  0  0
-213  -0.537229  0.0160594  -19.3778  19.4286  1.2957  0  0  0  0
213  -0.517694  -0.5416  -20.2646  20.2872  0.59602  0  0  0  0
221  -0.581899  0.514979  -18.7412  18.7653  0.54785  0  0  0  0
-211  0.272553  -0.21253  -3.5736  3.59298  0.13957  0  0  0  0
211  -0.955952  -0.855389  -80.3739  80.3842  0.13957  0  0  0  0
223  -0.191603  0.201914  -48.585  48.5917  0.757257  0  0  0  0
-211  0.384385  -0.271148  -44.5342  44.5369  0.13957  0  0  0  0
221  -0.750998  0.484389  -81.5659  81.5726  0.54785  0  0  0  0
221  0.173708  -0.00395209  -47.6055  47.609  0.54785  0  0  0  0
211  0.650895  -0.141591  -48.2401  48.2449  0.13957  0  0  0  0
113  -0.0212556  -0.140315  -24.493  24.5029  0.68376  0  0  0  0
-211  0.719096  0.262562  -59.7903  59.7953  0.13957  0  0  0  0
211  0.107685  0.770889  -33.2411  33.2505  0.13957  0  0  0  0
111  0.352524  -1.05246  -10.8616  10.9189  0.13498  0  0  0  0
-213  0.503767  0.646031  -10.972  11.0404  0.913719  0  0  0  0
211  0.19189  -0.0754827  -3.12821  3.1381  0.13957  0  0  0  0
-211  1.40177  1.39923  -4.61162  5.02089  0.13957  0  0  0  0
2212  0.390254  0.449726  -0.834486  1.3897  0.93827  0  0  0  0
-311  0.428136  0.321163  -1.48941  1.65903  0.49761  0  0  0  0
-3222  0.398204  0.303047  -1.69709  2.13193  1.18937  0  0  0  0
321  0.448718  0.314329  -0.312615  0.800998  0.49368  0  0  0  0
-323  2.00127  2.31792  -2.74539  4.19447  0.82374  0  0  0  0
211  -0.183068  -0.446388  -0.113834  0.514989  0.13957  0  0  0  0
111  -1.21613  -0.423287  -1.30799  1.84044  0.13498  0  0  0  0
-211  -0.152202  0.210805  0.147556  0.329934  0.13957  0  0  0  0
211  -0.147229  -0.184557  0.156445  0.315742  0.13957  0  0  0  0
-211  -0.455889  0.216051  -0.214761  0.565787  0.13957  0  0  0  0
211  -0.3802  -0.608688  0.506148  0.889224  0.13957  0  0  0  0
311  -0.909573  0.314202  0.150544  1.09377  0.49761  0  0  0  0
-323  -1.33208  -1.19521  -1.42826  2.46392  0.909935  0  0  0  0
223  -0.568597  -0.0136614  0.212296  0.986692  0.777819  0  0  0  0
211  -1.20473  1.22788  0.716128  1.86852  0.13957  0  0  0  0
111  0.0555888  0.219956  0.0597355  0.270663  0.13498  0  0  0  0
311  -0.369438  0.254455  -0.127759  0.682034  0.49761  0  0  0  0
-313  -0.702047  2.69664  1.35564  3.21121  0.842236  0  0  0  0
-211  -0.130488  0.0535388  1.03791  1.05671  0.13957  0  0  0  0
211  1.3951  0.157183  1.72085  2.22527  0.13957  0  0  0  0
111  0.32537  -0.610801  0.55778  0.899045  0.13498  0  0  0  0
2114  2.27161  -1.13863  3.69835  4.68856  1.35947  0  0  0  0
211  0.217349  -0.348425  0.854059  0.957881  0.13957  0  0  0  0
-2212  2.4052  -1.52015  1.86212  3.52756  0.93827  0  0  0  0
-211  0.887242  0.169582  0.216873  0.939398  0.13957  0  0  0  0
211  1.01789  -1.19872  0.222993  1.59444  0.13957  0  0  0  0
313  4.15288  -1.78631  0.617834  4.64836  0.88783  0  0  0  0
-323  -3.09197  1.54767  7.18075  8.02015  0.896713  0  0  0  0
221  -1.43399  0.30014  4.42949  4.69755  0.54785  0  0  0  0
223  -2.61051  1.36301  4.94605  5.80812  0.773531  0  0  0  0
211  -0.125241  -0.58997  15.6867  15.699  0.13957  0  0  0  0
311  0.649443  -0.170894  14.8886  14.912  0.49761  0  0  0  0
-311  0.522056  0.409062  13.5799  13.6052  0.49761  0  0  0  0
111  -0.420807  0.566599  24.9324  24.9428  0.13498  0  0  0  0
-213  1.7458  0.962482  81.1305  81.1591  0.820672  0  0  0  0
111  0.480635  0.452282  16.8316  16.8451  0.13498  0  0  0  0
111  -0.22291  0.362251  15.5982  15.6046  0.13498  0  0  0  0
113  2.4418  2.36512  157.201  157.241  0.991563  0  0  0  0
111  0.14125  -0.324538  4.4153  4.43152  0.13498  0  0  0  0
211  0.392948  0.364232  5.15006  5.17973  0.13957  0  0  0  0
-211  -0.0568516  -0.144828  0.923803  0.947153  0.13957  0  0  0  0
211  0.408013  0.233958  6.30604  6.32509  0.13957  0  0  0  0
311  -0.411201  -0.0246005  0.438695  0.780872  0.49761  0  0  0  0
221  -0.301986  -0.143051  2.40756  2.49161  0.54785  0  0  0  0
-311  -0.019433  0.469559  -0.163892  0.703804  0.49761  0  0  0  0
311  0.23288  -0.00869666  0.162986  0.57314  0.49761  0  0  0  0
-311  -0.411949  -0.143348  -2.40914  2.49836  0.49761  0  0  0  0
223  0.388771  0.297646  -11.9953  12.0329  0.815031  0  0  0  0
-213  -0.0310868  -0.269554  -4.39726  4.4815  0.821192  0  0  0  0
211  0.0821928  -0.184338  -1.01358  1.04287  0.13957  0  0  0  0
111  0.0232258  0.34184  -6.2662  6.27701  0.13498  0  0  0  0
113  -0.0853063  0.14803  -15.029  15.0498  0.772427  0  0  0  0
-213  -0.1854  -0.217775  -46.4277  46.4421  1.12081  0  0  0  0
113  0.200006  -0.0118004  -387.766  387.767  0.76571  0  0  0  0
2224  -0.261925  -0.032047  -1240.56  1240.56  1.24608  0  0  0  0
321  0.0626377  0.248105  6.0783  6.10368  0.49368  0  0  0  0
-211  -0.0864739  -0.0891742  9.84104  9.84282  0.13957  0  0  0  0
-321  -1.14807  1.01454  42.1189  42.1496  0.49368  0  0  0  0
211  -0.167846  -0.0847668  4.53302  4.53907  0.13957  0  0  0  0
211  9.36896  -0.206403  68.6685  69.3051  0.13957  0  0  0  0
-211  3.03642  -0.0141514  24.3914  24.5801  0.13957  0  0  0  0
-211  3.05437  0.138299  24.7867  24.975  0.13957  0  0  0  0
111  3.19675  -0.334819  22.0833  22.3164  0.13498  0  0  0  0
211  0.901708  0.682327  10.553  10.6143  0.13957  0  0  0  0
-211  0.392592  -0.147068  4.26459  4.28742  0.13957  0  0  0  0
2212  1.38127  -0.627372  29.1548  29.2094  0.93827  0  0  0  0
-211  0.0502904  0.048525  3.66734  3.67066  0.13957  0  0  0  0
-2112  -0.244903  -0.435746  132.078  132.082  0.93957  0  0  0  0
-211  0.184303  0.0392966  70.5631  70.5635  0.13957  0  0  0  0
2212  0.328514  -0.224784  224.391  224.393  0.93827  0  0  0  0
211  -0.0221519  -0.106042  131.961  131.961  0.13957  0  0  0  0
211  0.140369  0.151957  45.2869  45.2876  0.13957  0  0  0  0
-211  -0.490826  -0.370557  148.196  148.197  0.13957  0  0  0  0
211  0.201789  0.0380637  0.635391  0.68218  0.13957  0  0  0  0
-211  -0.114447  -0.670792  0.783336  1.04697  0.13957  0  0  0  0
211  -0.429325  0.69068  -0.951134  1.25916  0.13957  0  0  0  0
111  -0.0719994  -0.296749  -0.270841  0.429905  0.13498  0  0  0  0
211  0.325877  0.224877  -1.81364  1.86159  0.13957  0  0  0  0
111  0.298361  -0.512716  -3.83953  3.88743  0.13498  0  0  0  0
-211  0.868646  0.777458  -10.4708  10.5364  0.13957  0  0  0  0
111  0.304459  0.0469503  -7.37226  7.37993  0.13498  0  0  0  0
211  0.685585  0.105492  -5.18233  5.23041  0.13957  0  0  0  0
-211  0.331618  -0.475433  -8.82977  8.84988  0.13957  0  0  0  0
211  0.246334  -0.200991  -2.05406  2.0832  0.13957  0  0  0  0
-211  0.425199  0.485649  -13.7402  13.7561  0.13957  0  0  0  0
211  0.372105  0.0533849  -1.57908  1.6292  0.13957  0  0  0  0
111  -0.136078  -0.0426934  -4.63234  4.6365  0.13498  0  0  0  0
211  0.185297  -0.114278  -1.04632  1.07781  0.13957  0  0  0  0
-211  -0.116187  0.341974  -5.59422  5.6076  0.13957  0  0  0  0
311  -0.263308  -0.170957  -0.367384  0.693646  0.49761  0  0  0  0
111  0.0581623  0.170294  0.126991  0.25832  0.13498  0  0  0  0
-211  -0.91877  0.312389  49.9095  49.9191  0.13957  0  0  0  0
111  -0.196456  -0.278092  20.2077  20.211  0.13498  0  0  0  0
-211  -0.277398  -0.151687  50.2918  50.293  0.13957  0  0  0  0
111  -0.484508  -0.0402095  18.3219  18.3289  0.13498  0  0  0  0
211  -1.68264  -0.628193  47.2011  47.2355  0.13957  0  0  0  0
-211  -1.97641  0.688631  75.1706  75.1998  0.13957  0  0  0  0
321  -0.299332  -0.498259  16.6118  16.6293  0.49368  0  0  0  0
-211  -0.618319  0.271517  18.6613  18.674  0.13957  0  0  0  0
-321  -0.306286  0.11479  10.7164  10.7328  0.49368  0  0  0  0
211  0.0899638  -0.0904174  1.16359  1.17885  0.13957  0  0  0  0
311  -0.254649  -0.272003  0.981509  1.16181  0.49761  0  0  0  0
111  -0.12688  0.475792  0.831324  0.9756  0.13498  0  0  0  0
-211  -0.0481507  0.26735  0.462761  0.554457  0.13957  0  0  0  0
111  0.0008686  0.496013  -0.181635  0.545198  0.13498  0  0  0  0
211  0.212012  -0.114708  -0.169118  0.325865  0.13957  0  0  0  0
111  -0.214683  0.611679  -0.769145  1.01491  0.13498  0  0  0  0
-211  -0.188854  0.24703  0.121117  0.361717  0.13957  0  0  0  0
111  -0.337978  0.49342  0.02616  0.613675  0.13498  0  0  0  0
211  -1.42261  -0.54909  -0.275662  1.55589  0.13957  0  0  0  0
111  -0.194084  -0.0780584  -0.363828  0.440854  0.13498  0  0  0  0
-211  -1.88139  -0.530107  -0.269974  1.97813  0.13957  0  0  0  0
111  -0.312618  -0.440919  0.0457786  0.558976  0.13498  0  0  0  0
321  -0.827661  -0.270765  -5.61351  5.70206  0.49368  0  0  0  0
-211  -0.115948  -0.426403  -2.59135  2.63246  0.13957  0  0  0  0
-211  -0.112338  0.567008  -12.5361  12.5502  0.13957  0  0  0  0
111  -0.424891  -0.550949  -6.84172  6.87833  0.13498  0  0  0  0
211  -0.131763  -0.497894  -13.0369  13.0478  0.13957  0  0  0  0
111  -0.385931  -0.0437064  -7.22775  7.23943  0.13498  0  0  0  0
211  0.148801  -0.342781  -13.5626  13.5684  0.13957  0  0  0  0
-211  -0.170057  0.202466  -10.9304  10.9345  0.13957  0  0  0  0
-211  -0.00456637  0.600388  -3.86604  3.91487  0.13957  0  0  0  0
111  0.508334  0.0456431  -7.10597  7.12556  0.13498  0  0  0  0
-321  1.07128  1.37827  -1.85636  2.59559  0.49368  0  0  0  0
111  0.929997  0.939646  -0.889026  1.59888  0.13498  0  0  0  0
-311  -0.862904  -1.06041  -1.27244  1.93282  0.49761  0  0  0  0
-211  -0.469181  -0.134794  -0.155817  0.531092  0.13957  0  0  0  0
-321  -0.138391  1.23658  0.580073  1.45894  0.49368  0  0  0  0
211  -0.563657  1.46006  0.775564  1.75227  0.13957  0  0  0  0
2212  1.4209  -0.459319  2.00096  2.66723  0.93827  0  0  0  0
-211  0.850709  -0.679314  1.69739  2.02133  0.13957  0  0  0  0
321  1.6966  -0.548214  0.328529  1.879  0.49368  0  0  0  0
-211  2.45628  -1.23809  0.289306  2.76936  0.13957  0  0  0  0
-311  -2.80972  1.25247  5.96283  6.72801  0.49761  0  0  0  0
-211  -0.282245  0.295206  1.21792  1.29214  0.13957  0  0  0  0
-211  0.0383418  0.0343516  12.8283  12.8291  0.13957  0  0  0  0
111  1.70746  0.92813  68.3022  68.3299  0.13498  0  0  0  0
211  2.39943  2.36302  145.85  145.889  0.13957  0  0  0  0
-211  0.0423665  0.00210649  11.3508  11.3517  0.13957  0  0  0  0
-211  -0.386521  -0.0735813  -1.69838  1.74893  0.13957  0  0  0  0
111  0.355434  -0.195972  -2.69888  2.73257  0.13498  0  0  0  0
211  -0.144543  0.00817118  -1.03878  1.05806  0.13957  0  0  0  0
-211  0.0592369  0.139859  -13.9902  13.9917  0.13957  0  0  0  0
-211  -0.484346  -0.439974  -19.4617  19.4732  0.13957  0  0  0  0
111  0.298946  0.222199  -26.966  26.9689  0.13498  0  0  0  0
211  -0.0317869  0.233739  -289.308  289.309  0.13957  0  0  0  0
-211  0.231793  -0.245539  -98.4581  98.4588  0.13957  0  0  0  0
2212  -0.381405  0.0482926  -1141.84  1141.84  0.93827  0  0  0  0
211  0.11948  -0.0803396  -98.7186  98.7188  0.13957  0  0  0  0
3122  -0.686774  0.807563  8.08219  8.22742  1.11568  0  0  0  0
311  9.9998  -0.643555  75.3915  76.0562  0.49761  0  0  0  0
211  2.51852  -0.733721  19.5299  19.7058  0.13957  0  0  0  0
111  5.43778  0.0179385  38.7461  39.1261  0.13498  0  0  0  0
211  -0.192299  0.314583  34.8229  34.8251  0.13957  0  0  0  0
-211  -0.0885337  -0.0892424  19.7023  19.7032  0.13957  0  0  0  0
111  -0.0736383  0.0138113  67.3765  67.3767  0.13498  0  0  0  0
211  0.1608  0.0446196  4.4799  4.48518  0.13957  0  0  0  0
-211  0.172846  0.0929764  0.812903  0.847827  0.13957  0  0  0  0
111  -0.0422573  -0.102939  1.21647  1.22899  0.13498  0  0  0  0
211  0.111064  0.214567  0.404737  0.491596  0.13957  0  0  0  0
-211  -0.0345585  0.0990032  0.724559  0.745293  0.13957  0  0  0  0
211  0.00857535  0.00197206  0.0277351  0.142571  0.13957  0  0  0  0
-211  -0.0316412  0.123188  -0.256355  0.318394  0.13957  0  0  0  0
111  0.477078  0.295984  -0.613647  0.84261  0.13498  0  0  0  0
211  -0.00689941  -0.131399  -0.703886  0.729554  0.13957  0  0  0  0
-211  -0.144262  -0.119516  -0.645294  0.68628  0.13957  0  0  0  0
111  0.0590991  0.32577  -0.920988  0.987956  0.13498  0  0  0  0
211  0.657265  -0.169194  -15.9269  15.942  0.13957  0  0  0  0
-211  0.246912  -0.0684123  -4.08062  4.09104  0.13957  0  0  0  0
111  0.154221  -0.0325868  -3.27873  3.28529  0.13498  0  0  0  0
3122  -0.543464  0.326828  -7.36001  7.47105  1.11568  0  0  0  0
-2112  0.125669  -0.229565  -0.604698  1.14758  0.93957  0  0  0  0
211  0.274587  -0.125395  -0.276298  0.432368  0.13957  0  0  0  0
313  0.60021  -0.62284  8.45304  8.55129  0.960506  0  0  0  0
211  -0.23082  -0.0300737  23.6717  23.6732  0.13957  0  0  0  0
-211  -0.423575  -0.372624  18.3385  18.3477  0.13957  0  0  0  0
111  -0.655551  -0.321003  32.1502  32.1588  0.13498  0  0  0  0
111  -1.01163  0.0481516  29.411  29.4288  0.13498  0  0  0  0
111  -1.27455  0.0648655  45.6536  45.6716  0.13498  0  0  0  0
111  -1.18032  0.181689  41.9701  41.9873  0.13498  0  0  0  0
211  -1.02447  -0.30167  -0.706202  1.28792  0.13957  0  0  0  0
-211  -0.374289  -0.0468174  -0.0575519  0.406296  0.13957  0  0  0  0
111  -0.194998  -0.252126  -0.319286  0.470909  0.13498  0  0  0  0
211  -0.494264  -0.410352  -0.486694  0.817946  0.13957  0  0  0  0
-211  -0.445043  -0.158481  -0.22984  0.543586  0.13957  0  0  0  0
111  -0.778492  -0.356511  -0.445201  0.97446  0.13498  0  0  0  0
111  -0.94798  -0.138244  -0.03465  0.96809  0.13498  0  0  0  0
111  -0.694916  -0.108405  -0.0742614  0.719996  0.13498  0  0  0  0
111  -1.18777  -0.244293  -0.374405  1.27628  0.13498  0  0  0  0
111  -0.787461  -0.569344  0.308043  1.02828  0.13498  0  0  0  0
-421  -3.50547  0.553232  1.83597  4.4094  1.86486  0  0  0  0
111  -0.175573  0.0160245  0.106769  0.246377  0.13498  0  0  0  0
211  -0.257337  -0.686512  -3.38607  3.46734  0.13957  0  0  0  0
-211  -0.929375  -0.627901  -5.91093  6.01802  0.13957  0  0  0  0
111  -0.153136  -0.333564  -1.95743  1.99611  0.13498  0  0  0  0
211  -0.14261  -0.178443  -3.1788  3.19005  0.13957  0  0  0  0
-211  -0.0671829  -0.360083  -2.52804  2.55825  0.13957  0  0  0  0
111  -0.533642  -0.263848  -3.22353  3.28081  0.13498  0  0  0  0
111  -0.102686  0.0777177  -5.30648  5.30976  0.13498  0  0  0  0
111  -0.15583  0.304323  -5.80909  5.82071  0.13498  0  0  0  0
111  -0.323383  0.132938  -7.62561  7.63481  0.13498  0  0  0  0
211  -0.257774  0.114137  -25.576  25.578  0.13957  0  0  0  0
-211  0.189185  0.141622  -12.1972  12.2002  0.13957  0  0  0  0
111  -0.123014  -0.0538446  -10.8118  10.8135  0.13498  0  0  0  0
-2212  0.493094  0.339494  -1.38258  1.7749  0.93827  0  0  0  0
111  -0.0948896  -0.0364464  -0.314507  0.357025  0.13498  0  0  0  0
211  -0.167867  0.121784  -0.0660118  0.25855  0.13957  0  0  0  0
-211  -0.145097  0.138165  0.214533  0.325033  0.13957  0  0  0  0
111  -0.255632  -0.27361  0.063775  0.403109  0.13498  0  0  0  0
111  -0.583067  0.0502272  1.82674  1.92294  0.13498  0  0  0  0
111  -0.669418  0.163771  1.68511  1.82559  0.13498  0  0  0  0
111  -0.181508  0.0861419  0.917641  0.949026  0.13498  0  0  0  0
211  -0.354184  0.393312  1.01733  1.15524  0.13957  0  0  0  0
-211  -1.39148  0.736945  2.33451  2.81935  0.13957  0  0  0  0
111  -0.864851  0.232752  1.5942  1.83353  0.13498  0  0  0  0
211  -0.185241  0.135736  1.35978  1.38608  0.13957  0  0  0  0
-211  -0.064934  -0.213475  0.698382  0.746328  0.13957  0  0  0  0
211  0.1862  0.0926225  -1.69685  1.71523  0.13957  0  0  0  0
-211  0.144873  -0.0779157  -7.12614  7.12941  0.13957  0  0  0  0
111  0.0576977  0.282939  -3.17233  3.1883  0.13498  0  0  0  0
2112  -0.537588  0.780718  6.89178  7.01982  0.93957  0  0  0  0
111  -0.149186  0.0268451  1.19042  1.2076  0.13498  0  0  0  0
2112  -0.465705  0.339281  -5.84521  5.94822  0.93957  0  0  0  0
111  -0.0777591  -0.0124531  -1.5148  1.52284  0.13498  0  0  0  0
321  0.444884  -0.0811092  5.59248  5.63241  0.49368  0  0  0  0
-211  0.155326  -0.54173  2.86056  2.91888  0.13957  0  0  0  0
313  -1.22797  0.490552  0.557977  1.69732  0.906094  0  0  0  0
111  -1.63838  0.0790039  0.55338  1.73637  0.13498  0  0  0  0
111  -0.639119  -0.0163241  0.724612  0.975717  0.13498  0  0  0  0
321  -0.950916  0.566248  0.635988  1.3686  0.49368  0  0  0  0
-211  -0.277052  -0.075696  -0.0780109  0.328715  0.13957  0  0  0  0
30  356
2212  0  0  2510  2510  0.93827  0  0  0  0
2212  0  0  -2510  2510  0.93827  0  0  0  0
213  -4.15823  -1.91951  6.45613  7.94332  0.662839  0  0  0  0
-213  -2.26423  -0.664476  2.31772  3.34017  0.465429  0  0  0  0
213  -1.1464  -0.851306  2.06236  2.59816  0.676875  0  0  0  0
-411  -2.50538  -1.8091  3.89027  5.30843  1.86962  0  0  0  0
221  0.621129  0.559542  103.566  103.571  0.54785  0  0  0  0
-211  0.138255  -0.295692  27.5379  27.5402  0.13957  0  0  0  0
213  0.222855  2.07609  87.2388  87.2674  0.793669  0  0  0  0
-211  0.00883882  0.907101  71.9043  71.9101  0.13957  0  0  0  0
-211  -0.481069  -0.509591  -6.5773  6.616  0.13957  0  0  0  0
211  0.334152  0.032668  -11.9497  11.9553  0.13957  0  0  0  0
-213  0.643684  0.034133  -7.16914  7.26757  1.0028  0  0  0  0
211  -0.0895486  -0.638146  -6.33036  6.3646  0.13957  0  0  0  0
-211  -0.086794  -0.190553  -1.3187  1.34249  0.13957  0  0  0  0
211  -0.08161  0.248103  -2.46304  2.48078  0.13957  0  0  0  0
313  -0.109555  -0.0884215  -7.78948  7.84054  0.882141  0  0  0  0
333  0.650917  -0.270722  -4.37457  4.54656  1.0185  0  0  0  0
4132  -1.19481  -1.8234  2.65091  4.22906  2.47088  0  0  0  0
-3112  -0.169073  0.331261  -0.426334  1.32437  1.19745  0  0  0  0
-211  0.0659897  0.0969087  -0.349  0.393734  0.13957  0  0  0  0
223  0.465207  3.45558  -5.33921  6.42501  0.784911  0  0  0  0
323  8.6675  30.5037  -43.9623  54.2132  0.883468  0  0  0  0
111  -1.11127  -0.833135  5.78635  5.95223  0.13498  0  0  0  0
211  -0.0590611  -0.298078  1.08007  1.13065  0.13957  0  0  0  0
311  -0.654629  -0.909756  2.82036  3.07543  0.49761  0  0  0  0
-321  -0.875996  -0.523884  5.53437  5.64932  0.49368  0  0  0  0
223  0.0171805  -0.174817  9.86971  9.90241  0.784653  0  0  0  0
113  -0.421206  0.442139  25.7298  25.7486  0.770689  0  0  0  0
221  0.68224  0.823201  46.8884  46.9037  0.54785  0  0  0  0
213  -0.463159  0.899311  68.5125  68.5268  0.967511  0  0  0  0
-211  0.571922  0.279348  28.9769  28.9842  0.13957  0  0  0  0
111  0.234567  0.355278  4.31855  4.34158  0.13498  0  0  0  0
113  -0.2264  0.0680713  10.4776  10.5084  0.767679  0  0  0  0
211  0.792404  0.748753  5.81129  5.91431  0.13957  0  0  0  0
-211  1.11685  1.49496  9.03421  9.22598  0.13957  0  0  0  0
211  -0.0659341  0.750377  5.38981  5.44398  0.13957  0  0  0  0
221  1.04942  0.14498  7.32204  7.41854  0.54785  0  0  0  0
-211  -0.134103  0.440908  2.62456  2.66837  0.13957  0  0  0  0
213  0.917173  -0.569824  6.80425  6.90134  0.406022  0  0  0  0
-211  0.791538  0.0212461  3.95244  4.0334  0.13957  0  0  0  0
111  0.600331  -0.0698267  8.53128  8.55372  0.13498  0  0  0  0
3222  0.246812  -0.360211  5.77022  5.90768  1.18937  0  0  0  0
321  0.290201  -0.348418  1.78567  1.90734  0.49368  0  0  0  0
-2214  0.710257  -0.298073  9.78988  9.90884  1.32287  0  0  0  0
111  -0.11044  0.0488938  2.32436  2.33141  0.13498  0  0  0  0
313  0.590785  1.21687  6.88994  7.08052  0.912504  0  0  0  0
-323  -0.196404  0.20497  2.26645  2.44902  0.88336  0  0  0  0
2212  0.621964  0.505215  5.41943  5.55811  0.93827  0  0  0  0
-2112  0.286391  1.77679  5.69956  6.05035  0.93957  0  0  0  0
-213  -0.187023  4.22588  11.8093  12.5816  0.971996  0  0  0  0
211  0.174091  0.499959  -3.86737  3.90593  0.13957  0  0  0  0
-213  0.888865  2.43136  -2.90981  3.95916  0.711602  0  0  0  0
313  -0.648475  -0.166426  30.3481  30.3685  0.889261  0  0  0  0
-321  -0.0266388  0.0250925  4.39009  4.41791  0.49368  0  0  0  0
321  -0.0630835  -0.202752  4.37556  4.40844  0.49368  0  0  0  0
-323  0.384432  -0.0945364  6.25538  6.33071  0.889569  0  0  0  0
113  -0.164147  -0.173569  1.00159  1.36099  0.889979  0  0  0  0
111  0.00690794  0.0971584  2.1981  2.20439  0.13498  0  0  0  0
111  -0.0561915  0.0189713  -0.314671  0.347498  0.13498  0  0  0  0
2224  0.311158  2.02155  -2.39678  3.4758  1.46737  0  0  0  0
-211  0.197904  0.977679  -2.48727  2.68347  0.13957  0  0  0  0
111  -0.0115702  -0.374642  84.4467  84.4477  0.13498  0  0  0  0
111  -0.307845  0.0414333  71.0289  71.0297  0.13498  0  0  0  0
221  -0.284332  -0.314292  41.1262  41.1321  0.54785  0  0  0  0
111  0.361794  0.614989  89.9203  89.9232  0.13498  0  0  0  0
211  0.0746947  -0.652587  8.81714  8.84267  0.13957  0  0  0  0
311  -0.39392  -0.151879  15.5059  15.5196  0.49761  0  0  0  0
-323  0.276428  -0.158993  22.5648  22.5849  0.898102  0  0  0  0
211  -0.0413095  0.108873  3.73725  3.74167  0.13957  0  0  0  0
111  0.313499  0.160991  1.4933  1.54025  0.13498  0  0  0  0
111  -0.0182385  0.170338  7.25568  7.25895  0.13498  0  0  0  0
2112  0.0412121  -0.058769  0.732169  1.19332  0.93957  0  0  0  0
-2212  0.452979  0.212275  0.127447  1.07091  0.93827  0  0  0  0
111  0.0204635  -0.083632  -0.352129  0.386818  0.13498  0  0  0  0
211  -0.0797742  -0.0660468  0.116384  0.209168  0.13957  0  0  0  0
313  0.49015  0.659595  0.161392  1.33623  1.04123  0  0  0  0
-311  0.868462  0.0542028  -0.807696  1.2873  0.49761  0  0  0  0
-321  0.428569  -0.269187  82.4682  82.4713  0.49368  0  0  0  0
113  -0.450459  0.105074  65.1803  65.1853  0.668002  0  0  0  0
211  -0.584186  -0.72677  103.692  103.697  0.13957  0  0  0  0
-211  0.618874  -0.21121  19.313  19.3245  0.13957  0  0  0  0
3222  -0.094474  0.361489  10.2163  10.2921  1.18937  0  0  0  0
-3222  -0.0573893  -0.327928  -0.0856757  1.23805  1.18937  0  0  0  0
211  -0.189769  0.242043  -0.255242  0.423351  0.13957  0  0  0  0
2112  0.00297012  0.0524913  0.0920207  0.945528  0.93957  0  0  0  0
-2212  0.274769  -0.175353  -3.78483  3.91299  0.93827  0  0  0  0
213  -0.00108094  -0.389262  -12.8023  12.8324  0.78677  0  0  0  0
-211  -0.328632  0.638638  -15.3815  15.3988  0.13957  0  0  0  0
223  0.424457  0.117002  -33.4426  33.4547  0.782883  0  0  0  0
321  -0.0415755  -0.351049  -22.8373  22.8454  0.49368  0  0  0  0
-311  -0.27736  0.0714157  -49.1509  49.1542  0.49761  0  0  0  0
-211  0.0430553  0.149348  -22.9444  22.9454  0.13957  0  0  0  0
211  0.395558  -0.123708  -118.569  118.57  0.13957  0  0  0  0
223  0.00630602  -0.542698  -49.4839  49.4928  0.766219  0  0  0  0
221  1.52944  -2.77061  -190.625  190.652  0.54785  0  0  0  0
221  0.686875  -1.32074  -80.4164  80.4321  0.54785  0  0  0  0
113  -0.55524  -0.529911  -90.664  90.6706  0.781027  0  0  0  0
211  -0.123695  0.0613015  -1.88898  1.89916  0.13957  0  0  0  0
113  0.506949  -0.959724  -40.2724  40.2965  0.872945  0  0  0  0
2114  -0.520934  -0.219566  -54.6363  54.6513  1.14848  0  0  0  0
111  -0.150151  -0.925664  -14.9924  15.0223  0.13498  0  0  0  0
-2212  0.215856  -0.41144  -16.9642  16.9965  0.93827  0  0  0  0
113  0.229663  -0.377163  -14.4254  14.4575  0.855707  0  0  0  0
221  0.679859  -0.521099  -11.9578  12.001  0.54785  0  0  0  0
211  -0.100906  0.387048  -2.59368  2.62805  0.13957  0  0  0  0
311  0.318534  -0.497159  -3.36224  3.44977  0.49761  0  0  0  0
3122  0.521321  -0.00709786  -5.45  5.5874  1.11568  0  0  0  0
-2112  -0.304899  -1.01184  -3.61581  3.88248  0.93957  0  0  0  0
-213  -0.372601  -0.146351  -0.790523  1.17836  0.776752  0  0  0  0
211  -0.197677  -0.174995  -0.347783  0.458402  0.13957  0  0  0  0
111  0.263493  -0.164886  0.0583589  0.343863  0.13498  0  0  0  0
111  -0.715728  0.454962  -0.438782  0.964368  0.13498  0  0  0  0
-213  -0.201809  -0.935571  -1.24618  1.71906  0.697273  0  0  0  0
111  -0.100433  -0.118235  0.0802772  0.220749  0.13498  0  0  0  0
321  -0.752106  0.608404  2.37586  2.61233  0.49368  0  0  0  0
-311  0.220789  0.495176  0.65876  0.987688  0.49761  0  0  0  0
-211  -0.649984  0.411503  2.02801  2.17351  0.13957  0  0  0  0
211  -0.120996  0.160649  0.154067  0.289248  0.13957  0  0  0  0
-213  -0.164709  0.128049  0.998463  1.28642  0.783843  0  0  0  0
213  0.189483  0.272439  1.09617  1.39867  0.802853  0  0  0  0
2112  1.90914  0.13096  2.62047  3.37811  0.93957  0  0  0  0
111  -0.102577  -0.177355  0.261816  0.358809  0.13498  0  0  0  0
-2212  -0.216438  -0.241345  0.915242  1.35023  0.93827  0  0  0  0
211  1.04819  -1.0094  2.8121  3.16938  0.13957  0  0  0  0
-211  0.0319572  -1.28564  1.87033  2.27409  0.13957  0  0  0  0
211  0.63615  -0.856019  0.911446  1.40985  0.13957  0  0  0  0
221  -0.213097  -0.349072  1.30026  1.46904  0.54785  0  0  0  0
2214  -0.887891  -4.82102  9.77614  10.9998  1.17965  0  0  0  0
-2214  -0.337076  -2.41768  5.14287  5.82915  1.2534  0  0  0  0
-211  0.204928  -0.490375  1.14767  1.27243  0.13957  0  0  0  0
211  -0.0013257  0.0501724  0.0112843  0.148749  0.13957  0  0  0  0
-211  -0.292658  -3.47488  8.66666  9.34296  0.13957  0  0  0  0
111  -0.389333  -2.17121  3.61073  4.23336  0.13498  0  0  0  0
211  -0.148469  -0.82995  4.40651  4.48862  0.13957  0  0  0  0
223  -0.344404  -0.359243  2.87923  3.0259  0.786403  0  0  0  0
-213  -0.790018  -1.00804  5.19995  5.38069  0.521673  0  0  0  0
113  0.179818  -1.78849  11.8066  11.9936  1.10483  0  0  0  0
111  -0.101551  -0.43914  2.09847  2.15057  0.13498  0  0  0  0
2214  -0.115872  -2.24284  10.9629  11.2488  1.14252  0  0  0  0
211  0.107504  0.162199  2.63435  2.64521  0.13957  0  0  0  0
-2224  -0.921073  -1.77328  12.7675  12.9882  1.3011  0  0  0  0
211  -0.336813  -0.579898  6.29451  6.33167  0.13957  0  0  0  0
-213  0.132943  -1.62839  12.8299  12.9575  0.787448  0  0  0  0
321  -1.10901  -1.49113  14.5849  14.7111  0.49368  0  0  0  0
-311  -2.51671  -5.43252  20.615  21.4726  0.49761  0  0  0  0
-213  -1.44875  -1.80181  10.3834  10.7092  1.23532  0  0  0  0
111  -0.544437  -1.02068  2.98194  3.20131  0.13498  0  0  0  0
2224  -2.41946  -3.69949  16.2163  16.8837  1.59746  0  0  0  0
111  0.320317  0.542994  2.50798  2.58953  0.13498  0  0  0  0
-2212  0.272108  1.13811  3.23293  3.56392  0.93827  0  0  0  0
-213  0.99724  0.832997  5.01429  5.33124  1.26121  0  0  0  0
111  -0.044657  1.3475  6.05825  6.20793  0.13498  0  0  0  0
211  0.181105  -0.651598  20.6346  20.6461  0.13957  0  0  0  0
111  -0.696837  0.241384  8.80481  8.83667  0.13498  0  0  0  0
-213  -0.359798  -0.270278  50.0224  50.029  0.674207  0  0  0  0
211  -0.00501975  -0.400518  14.0134  14.0198  0.13957  0  0  0  0
3212  -0.904864  -0.525005  139.042  139.051  1.19264  0  0  0  0
-211  -0.564875  -0.954253  170.135  170.139  0.13957  0  0  0  0
-3212  0.121305  -0.347962  192.941  192.945  1.19264  0  0  0  0
211  -0.00560449  0.220214  136.491  136.491  0.13957  0  0  0  0
311  0.0583846  -0.51121  142.926  142.927  0.49761  0  0  0  0
-321  -0.68834  -0.166583  19.9093  19.928  0.49368  0  0  0  0
-311  2.98033  -1.96981  -3.87815  5.29625  0.49761  0  0  0  0
-211  1.57275  -0.434435  -2.2078  2.74884  0.13957  0  0  0  0
211  0.301529  -0.684865  -1.45341  1.64068  0.13957  0  0  0  0
-211  0.0273117  0.0527088  -1.43605  1.44403  0.13957  0  0  0  0
331  0.849183  0.00288964  -2.48959  2.79933  0.957618  0  0  0  0
211  -0.141097  -0.570739  -4.03078  4.07582  0.13957  0  0  0  0
-213  0.528815  1.07948  -10.2333  10.3387  0.850646  0  0  0  0
111  -0.157888  -0.143754  -1.99754  2.01345  0.13498  0  0  0  0
213  -1.38233  1.87506  -29.4269  29.5311  0.848347  0  0  0  0
113  -0.476641  1.41962  -28.1605  28.2069  0.610782  0  0  0  0
-211  -0.312324  -0.097257  -5.31263  5.32452  0.13957  0  0  0  0
2212  -0.962089  1.94303  -25.6734  25.7819  0.93827  0  0  0  0
-2112  -1.14141  1.15812  -47.3397  47.377  0.93957  0  0  0  0
-211  -0.270106  0.436413  -8.12836  8.14574  0.13957  0  0  0  0
223  -0.489553  1.14125  -80.5248  80.5388  0.847152  0  0  0  0
321  0.304281  0.641387  -239.982  239.983  0.49368  0  0  0  0
-313  0.593575  0.743155  -286.276  286.28  1.09213  0  0  0  0
311  -0.64982  -0.0941784  -306.371  306.372  0.49761  0  0  0  0
-321  0.697297  -0.478183  -402.561  402.562  0.49368  0  0  0  0
213  0.31747  -0.485711  -23.1182  23.1564  1.19585  0  0  0  0
-211  -0.240545  0.301714  0.120569  0.42768  0.13957  0  0  0  0
211  0.00613936  0.194247  0.328507  0.406406  0.13957  0  0  0  0
313  -0.225598  -0.176669  5.1898  5.26861  0.861426  0  0  0  0
-321  0.366766  -0.130592  1.66216  1.7771  0.49368  0  0  0  0
211  0.0223944  0.0595102  0.0710395  0.169025  0.13957  0  0  0  0
223  -0.283537  -0.198831  12.3684  12.3982  0.786432  0  0  0  0
111  0.471206  -0.497707  11.5244  11.5455  0.13498  0  0  0  0
-211  -0.0510572  0.466715  6.51266  6.53105  0.13957  0  0  0  0
2224  0.499454  -0.175426  20.437  20.4801  1.21737  0  0  0  0
221  -0.262407  -0.176815  36.6985  36.704  0.54785  0  0  0  0
211  -2.35387  -1.36184  4.07711  4.90282  0.13957  0  0  0  0
111  -1.80436  -0.557664  2.37902  3.0405  0.13498  0  0  0  0
-211  -1.85271  -0.463036  1.98531  2.75824  0.13957  0  0  0  0
111  -0.411518  -0.201439  0.332411  0.581929  0.13498  0  0  0  0
211  -0.0209466  -0.0317148  0.0622987  0.157498  0.13957  0  0  0  0
111  -1.12546  -0.819591  2.00006  2.44067  0.13498  0  0  0  0
211  0.2111  0.571772  15.3528  15.3655  0.13957  0  0  0  0
111  0.0117553  1.50432  71.886  71.9019  0.13498  0  0  0  0
-211  0.537374  -0.313797  -2.42044  2.50304  0.13957  0  0  0  0
111  0.10631  0.34793  -4.7487  4.76453  0.13498  0  0  0  0
321  -0.324088  -0.131295  -6.26338  6.29253  0.49368  0  0  0  0
-211  0.214533  0.0428735  -1.5261  1.54801  0.13957  0  0  0  0
311  5.60987  18.7781  -27.3217  33.6275  0.49761  0  0  0  0
211  3.05763  11.7256  -16.6406  20.5857  0.13957  0  0  0  0
211  -0.264415  0.483801  9.29203  9.30941  0.13957  0  0  0  0
-211  -0.156791  -0.0416614  16.4378  16.4392  0.13957  0  0  0  0
211  -0.25049  0.189639  46.7653  46.7666  0.13957  0  0  0  0
111  -0.212668  0.709672  21.7472  21.7602  0.13498  0  0  0  0
211  -0.143735  -0.322822  5.04051  5.0548  0.13957  0  0  0  0
-211  -0.0826647  0.390893  5.43711  5.45356  0.13957  0  0  0  0
211  0.493653  -0.429122  4.59622  4.64462  0.13957  0  0  0  0
111  0.423521  -0.140703  2.20803  2.25672  0.13498  0  0  0  0
-2212  0.868192  -0.294917  8.81252  8.90964  0.93827  0  0  0  0
111  -0.157936  -0.0031557  0.977355  0.999198  0.13498  0  0  0  0
321  0.471465  0.402438  3.61515  3.70098  0.49368  0  0  0  0
-211  0.11932  0.814434  3.2748  3.37954  0.13957  0  0  0  0
-311  -0.343127  0.14684  2.06826  2.15977  0.49761  0  0  0  0
-211  0.146723  0.0581301  0.19819  0.28925  0.13957  0  0  0  0
-211  0.314786  2.81288  7.8302  8.32724  0.13957  0  0  0  0
111  -0.50181  1.413  3.97907  4.25436  0.13498  0  0  0  0
-211  0.0168595  0.841583  -1.11806  1.40644  0.13957  0  0  0  0
111  0.872005  1.58978  -1.79175  2.55272  0.13498  0  0  0  0
311  -0.748608  -0.235723  26.0225  26.0391  0.49761  0  0  0  0
111  0.100133  0.0692964  4.3256  4.32942  0.13498  0  0  0  0
-311  0.338176  0.208268  4.00561  4.05589  0.49761  0  0  0  0
-211  0.0462563  -0.302804  2.24977  2.27481  0.13957  0  0  0  0
211  -0.11504  -0.262288  -0.0254042  0.319616  0.13957  0  0  0  0
-211  -0.049107  0.0887185  1.02699  1.04138  0.13957  0  0  0  0
2212  -0.10649  1.59476  -1.47496  2.36864  0.93827  0  0  0  0
211  0.417648  0.426796  -0.921819  1.10716  0.13957  0  0  0  0
-321  0.398498  -0.319212  16.553  16.5683  0.49368  0  0  0  0
111  -0.122069  0.16022  6.01177  6.01666  0.13498  0  0  0  0
311  0.275744  0.404527  -0.292793  0.756981  0.49761  0  0  0  0
111  0.214406  0.255068  0.454185  0.579252  0.13498  0  0  0  0
211  0.0646651  0.12369  33.3549  33.3554  0.13957  0  0  0  0
-211  -0.515124  -0.0186151  31.8254  31.8299  0.13957  0  0  0  0
211  0.354346  -0.160612  -4.79688  4.81465  0.13957  0  0  0  0
111  -0.355427  -0.228649  -8.00546  8.01774  0.13498  0  0  0  0
211  -0.562914  -0.365854  -84.6078  84.6106  0.13957  0  0  0  0
-211  0.00767421  -0.164057  -6.0562  6.06004  0.13957  0  0  0  0
211  0.472498  -0.809795  -19.4853  19.5083  0.13957  0  0  0  0
-211  0.0344507  -0.149929  -20.7871  20.7881  0.13957  0  0  0  0
2212  -0.369422  -0.0983354  -38.9613  38.9745  0.93827  0  0  0  0
-211  -0.151512  -0.12123  -15.675  15.6768  0.13957  0  0  0  0
211  0.316511  0.124472  -8.71652  8.72427  0.13957  0  0  0  0
-211  -0.086848  -0.501635  -5.70888  5.73323  0.13957  0  0  0  0
-211  -0.28536  0.110065  -0.0046437  0.336223  0.13957  0  0  0  0
111  -0.0872407  -0.256416  -0.78588  0.842132  0.13498  0  0  0  0
-211  -0.316379  -0.44555  -0.987843  1.13751  0.13957  0  0  0  0
111  0.11457  -0.490022  -0.258337  0.581554  0.13498  0  0  0  0
-211  0.147746  0.301048  0.742974  0.827012  0.13957  0  0  0  0
111  -0.312455  -0.172999  0.255489  0.459403  0.13498  0  0  0  0
211  0.45261  0.143032  0.418407  0.647965  0.13957  0  0  0  0
111  -0.263127  0.129408  0.677763  0.750709  0.13498  0  0  0  0
2212  -0.51842  -3.31418  6.87738  7.70917  0.93827  0  0  0  0
111  -0.369471  -1.50684  2.89876  3.29061  0.13498  0  0  0  0
-2212  -0.38178  -1.68064  3.30135  3.84052  0.93827  0  0  0  0
111  0.0447032  -0.737038  1.84152  1.98863  0.13498  0  0  0  0
-211  -0.622648  -0.766672  3.11418  3.27003  0.13957  0  0  0  0
111  -0.167369  -0.241365  2.08577  2.11067  0.13498  0  0  0  0
211  -0.0128067  -1.84438  10.8373  10.994  0.13957  0  0  0  0
-211  0.192625  0.0558861  0.969277  0.999602  0.13957  0  0  0  0
2212  -0.0268656  -1.59953  7.88285  8.09808  0.93827  0  0  0  0
111  -0.089006  -0.643317  3.08006  3.15068  0.13498  0  0  0  0
-2212  -0.347513  -1.16026  7.99583  8.14129  0.93827  0  0  0  0
-211  -0.57356  -0.613013  4.77164  4.84694  0.13957  0  0  0  0
-211  -0.159969  -0.306755  4.67529  4.69015  0.13957  0  0  0  0
111  0.292912  -1.32163  8.15465  8.26734  0.13498  0  0  0  0
-211  -0.143657  -1.06042  3.49365  3.65653  0.13957  0  0  0  0
111  -1.30509  -0.74139  6.88976  7.05265  0.13498  0  0  0  0
2212  -1.23849  -2.61923  11.7127  12.1021  0.93827  0  0  0  0
211  -1.18096  -1.08027  4.50358  4.78156  0.13957  0  0  0  0
-211  0.259804  -0.287358  0.70966  0.820469  0.13957  0  0  0  0
111  0.737436  1.12035  4.30463  4.51077  0.13498  0  0  0  0
-211  -0.219828  -0.108166  6.82095  6.82677  0.13957  0  0  0  0
111  -0.13997  -0.162112  43.2015  43.2022  0.13498  0  0  0  0
-211  0.620319  1.08429  -7.86611  7.9659  0.13957  0  0  0  0
111  -0.091504  -0.00481671  -2.36718  2.3728  0.13498  0  0  0  0
211  -1.08616  1.78036  -22.8079  22.9034  0.13957  0  0  0  0
111  -0.296164  0.0947003  -6.619  6.62767  0.13498  0  0  0  0
211  -0.0434758  0.855433  -17.746  17.7672  0.13957  0  0  0  0
-211  -0.433165  0.564184  -10.4145  10.4397  0.13957  0  0  0  0
-311  0.209933  0.131069  -191.796  191.797  0.49761  0  0  0  0
111  0.383642  0.612086  -94.4802  94.4831  0.13498  0  0  0  0
211  -0.0711819  -0.353141  -20.4297  20.4334  0.13957  0  0  0  0
111  0.388652  -0.13257  -2.68849  2.72302  0.13498  0  0  0  0
321  0.00800262  -0.331181  3.32732  3.38001  0.49368  0  0  0  0
-211  -0.233601  0.154512  1.86249  1.88859  0.13957  0  0  0  0
2212  0.199806  -0.232176  14.4346  14.4683  0.93827  0  0  0  0
211  0.299648  0.0567504  6.00238  6.01175  0.13957  0  0  0  0
-311  -0.545171  -0.232364  0.209319  0.801645  0.49761  0  0  0  0
211  0.340809  -0.419366  -2.2846  2.35179  0.13957  0  0  0  0
-211  0.351887  0.0135564  -0.746038  0.836696  0.13957  0  0  0  0
111  -0.0417792  0.135087  -1.34394  1.35808  0.13498  0  0  0  0
3212  -1.08118  -0.553571  0.687803  1.83599  1.19264  0  0  0  0
-311  -0.113633  -1.26983  1.96311  2.39308  0.49761  0  0  0  0
-2112  -0.0410553  0.19873  -0.16468  0.975239  0.93957  0  0  0  0
211  -0.128018  0.132531  -0.261654  0.349135  0.13957  0  0  0  0
211  0.363371  1.06467  -1.78896  2.11788  0.13957  0  0  0  0
-211  0.0623279  0.712395  -1.37333  1.55464  0.13957  0  0  0  0
111  0.039508  1.67851  -2.17692  2.75249  0.13498  0  0  0  0
211  -0.0716864  -0.0662679  4.30565  4.30902  0.13957  0  0  0  0
-211  0.232094  -0.194702  4.11447  4.12797  0.13957  0  0  0  0
111  -0.143228  0.0861525  1.44959  1.46543  0.13498  0  0  0  0
2112  0.141295  -0.292599  5.41969  5.51012  0.93957  0  0  0  0
211  0.105517  -0.0676127  0.350529  0.397562  0.13957  0  0  0  0
111  -0.0211621  0.0376476  5.26422  5.26613  0.13498  0  0  0  0
111  -0.0807945  -0.089805  10.6274  10.629  0.13498  0  0  0  0
111  -0.182376  -0.262135  25.2346  25.237  0.13498  0  0  0  0
2112  -0.250851  0.305128  7.85978  7.92559  0.93957  0  0  0  0
211  0.156377  0.0563615  2.3565  2.36648  0.13957  0  0  0  0
-2112  0.134612  -0.257572  -0.108335  0.98944  0.93957  0  0  0  0
-211  -0.192001  -0.0703557  0.0226592  0.248611  0.13957  0  0  0  0
211  0.217909  0.321982  -16.7465  16.7516  0.13957  0  0  0  0
-211  0.149325  0.0182319  -5.61581  5.61956  0.13957  0  0  0  0
111  0.0572231  -0.223212  -11.0803  11.0835  0.13498  0  0  0  0
211  -0.244944  -0.137524  -12.1882  12.1922  0.13957  0  0  0  0
-211  0.177623  -0.118959  -11.5454  11.5482  0.13957  0  0  0  0
111  0.0736276  -0.286215  -25.7503  25.7523  0.13498  0  0  0  0
211  0.37057  -0.683758  -39.2063  39.2142  0.13957  0  0  0  0
-211  0.769427  -1.39446  -101.597  101.61  0.13957  0  0  0  0
111  0.389446  -0.692391  -49.8213  49.8278  0.13498  0  0  0  0
211  0.182578  -0.284878  -26.5122  26.5147  0.13957  0  0  0  0
-211  0.432374  -0.67239  -39.6438  39.6521  0.13957  0  0  0  0
111  0.0476249  -0.123084  -3.04924  3.05508  0.13498  0  0  0  0
111  0.445295  -0.184199  -5.21804  5.24198  0.13498  0  0  0  0
111  0.186939  -0.213815  -3.69054  3.70391  0.13498  0  0  0  0
2212  0.485801  0.0529278  -4.37205  4.49822  0.93827  0  0  0  0
-211  0.0355203  -0.0600256  -1.07795  1.08918  0.13957  0  0  0  0
111  -0.00751947  -0.238112  0.357551  0.450351  0.13498  0  0  0  0
111  -0.0375014  -0.0955376  0.393  0.428021  0.13498  0  0  0  0
111  -0.168076  -0.0154219  0.549712  0.59067  0.13498  0  0  0  0
211  -0.100364  0.11457  0.387883  0.439468  0.13957  0  0  0  0
-211  -0.00194595  -0.0854334  0.281109  0.325276  0.13957  0  0  0  0
111  -0.242094  -0.388379  2.21024  2.26115  0.13498  0  0  0  0
3122  -0.842693  -0.412244  127.819  127.827  1.11568  0  0  0  0
-3122  0.106694  -0.26596  170.989  170.993  1.11568  0  0  0  0
211  -0.105469  0.848557  -45.7612  45.7694  0.13957  0  0  0  0
-211  -0.337447  0.196565  -29.7177  29.7206  0.13957  0  0  0  0
111  -0.046637  0.0961237  -5.04588  5.04882  0.13498  0  0  0  0
211  0.0221395  -0.21273  3.58848  3.59756  0.13957  0  0  0  0
-211  -0.0591313  -0.192695  4.42661  4.43339  0.13957  0  0  0  0
111  -0.246545  0.206593  4.35329  4.36724  0.13498  0  0  0  0
211  -0.150542  -0.0708588  14.3825  14.3841  0.13957  0  0  0  0
-211  0.052258  -0.115864  7.96407  7.96631  0.13957  0  0  0  0
111  -0.164123  0.00990807  14.352  14.3536  0.13498  0  0  0  0
3122  -0.913694  -0.48762  0.61498  1.64181  1.11568  0  0  0  0
2112  -0.696687  -0.414424  102.056  102.064  0.93957  0  0  0  0
111  -0.146006  0.00218031  25.7625  25.7632  0.13498  0  0  0  0
-2112  0.127862  -0.127162  143.744  143.747  0.93957  0  0  0  0
111  -0.0211677  -0.138798  27.2451  27.2458  0.13498  0  0  0  0
2212  -0.887974  -0.471631  0.591627  1.4971  0.93827  0  0  0  0
-211  -0.0257208  -0.0159889  0.023353  0.144715  0.13957  0  0  0  0
